ISO-10303-21;
HEADER;
/* Generated by software containing ST-Developer
 * from STEP Tools, Inc. (www.steptools.com) 
 */

FILE_DESCRIPTION(
/* description */ (''),
/* implementation_level */ '2;1');

FILE_NAME(
/* name */ 'base_oa.step',
/* time_stamp */ '2026-08-09T22:57:15+01:00',
/* author */ (''),
/* organization */ (''),
/* preprocessor_version */ 'ST-DEVELOPER v20.1',
/* originating_system */ 'Autodesk Translation Framework v15.8.0.0',
/* authorisation */ '');

FILE_SCHEMA (('AUTOMOTIVE_DESIGN { 1 0 10303 214 3 1 1 }'));
ENDSEC;

DATA;
#10=MECHANICAL_DESIGN_GEOMETRIC_PRESENTATION_REPRESENTATION('',(#13),#14285);
#11=SHAPE_REPRESENTATION_RELATIONSHIP('SRR','None',#14292,#12);
#12=ADVANCED_BREP_SHAPE_REPRESENTATION('',(#14),#14284);
#13=STYLED_ITEM('',(#14301),#14);
#14=MANIFOLD_SOLID_BREP('base',#5691);
#15=FACE_BOUND('',#532,.T.);
#16=FACE_BOUND('',#534,.T.);
#17=FACE_BOUND('',#536,.T.);
#18=FACE_BOUND('',#538,.T.);
#19=FACE_BOUND('',#551,.T.);
#20=FACE_BOUND('',#552,.T.);
#21=FACE_BOUND('',#563,.T.);
#22=FACE_BOUND('',#564,.T.);
#23=FACE_BOUND('',#565,.T.);
#24=FACE_BOUND('',#566,.T.);
#25=FACE_BOUND('',#567,.T.);
#26=FACE_BOUND('',#600,.T.);
#27=FACE_BOUND('',#679,.T.);
#28=FACE_BOUND('',#697,.T.);
#29=FACE_BOUND('',#698,.T.);
#30=FACE_BOUND('',#723,.T.);
#31=FACE_BOUND('',#729,.T.);
#32=FACE_BOUND('',#730,.T.);
#33=B_SPLINE_SURFACE_WITH_KNOTS('',3,1,((#10063,#10064),(#10065,#10066),
(#10067,#10068),(#10069,#10070),(#10071,#10072),(#10073,#10074),(#10075,
#10076),(#10077,#10078),(#10079,#10080),(#10081,#10082)),.UNSPECIFIED.,
 .F.,.F.,.F.,(4,3,3,4),(2,2),(0.,0.0861074911784223,0.166470319054551,0.189134378531807),
(0.,0.349999999999999),.UNSPECIFIED.);
#34=B_SPLINE_SURFACE_WITH_KNOTS('',3,1,((#10167,#10168),(#10169,#10170),
(#10171,#10172),(#10173,#10174),(#10175,#10176),(#10177,#10178),(#10179,
#10180),(#10181,#10182),(#10183,#10184),(#10185,#10186)),.UNSPECIFIED.,
 .F.,.F.,.F.,(4,3,3,4),(2,2),(0.188506756872911,0.274589691177789,0.354772685084412,
0.377233963586711),(0.,0.349999999999999),.UNSPECIFIED.);
#35=B_SPLINE_SURFACE_WITH_KNOTS('',3,1,((#10230,#10231),(#10232,#10233),
(#10234,#10235),(#10236,#10237),(#10238,#10239),(#10240,#10241),(#10242,
#10243),(#10244,#10245),(#10246,#10247),(#10248,#10249)),.UNSPECIFIED.,
 .F.,.F.,.F.,(4,3,3,4),(2,2),(0.37723396358671,0.46351957224367,0.543167634102952,
0.56596117030051),(0.,0.349999999999999),.UNSPECIFIED.);
#36=B_SPLINE_SURFACE_WITH_KNOTS('',3,1,((#10292,#10293),(#10294,#10295),
(#10296,#10297),(#10298,#10299),(#10300,#10301),(#10302,#10303),(#10304,
#10305),(#10306,#10307),(#10308,#10309),(#10310,#10311)),.UNSPECIFIED.,
 .F.,.F.,.F.,(4,3,3,4),(2,2),(-0.189134378531806,-0.102632428044593,-0.0229471115886581,
0.),(0.,0.349999999999999),.UNSPECIFIED.);
#37=B_SPLINE_SURFACE_WITH_KNOTS('',3,3,((#10411,#10412,#10413,#10414,#10415,
#10416,#10417,#10418,#10419,#10420,#10421,#10422,#10423,#10424,#10425,#10426,
#10427,#10428,#10429,#10430,#10431,#10432,#10433,#10434,#10435,#10436,#10437,
#10438,#10439,#10440,#10441,#10442,#10443,#10444,#10445,#10446,#10447,#10448,
#10449,#10450,#10451,#10452,#10453,#10454,#10455,#10456),(#10457,#10458,
#10459,#10460,#10461,#10462,#10463,#10464,#10465,#10466,#10467,#10468,#10469,
#10470,#10471,#10472,#10473,#10474,#10475,#10476,#10477,#10478,#10479,#10480,
#10481,#10482,#10483,#10484,#10485,#10486,#10487,#10488,#10489,#10490,#10491,
#10492,#10493,#10494,#10495,#10496,#10497,#10498,#10499,#10500,#10501,#10502),
(#10503,#10504,#10505,#10506,#10507,#10508,#10509,#10510,#10511,#10512,
#10513,#10514,#10515,#10516,#10517,#10518,#10519,#10520,#10521,#10522,#10523,
#10524,#10525,#10526,#10527,#10528,#10529,#10530,#10531,#10532,#10533,#10534,
#10535,#10536,#10537,#10538,#10539,#10540,#10541,#10542,#10543,#10544,#10545,
#10546,#10547,#10548),(#10549,#10550,#10551,#10552,#10553,#10554,#10555,
#10556,#10557,#10558,#10559,#10560,#10561,#10562,#10563,#10564,#10565,#10566,
#10567,#10568,#10569,#10570,#10571,#10572,#10573,#10574,#10575,#10576,#10577,
#10578,#10579,#10580,#10581,#10582,#10583,#10584,#10585,#10586,#10587,#10588,
#10589,#10590,#10591,#10592,#10593,#10594)),.UNSPECIFIED.,.F.,.F.,.F.,(4,
4),(4,1,1,1,1,1,1,1,1,1,1,1,1,1,1,1,1,1,1,1,1,1,1,1,1,1,1,1,1,1,1,1,1,1,
1,1,1,1,1,1,1,1,1,4),(0.,0.0291273210806173),(11.8408508686654,12.8330400012062,
13.825229133747,14.8174182662879,15.8096073988287,16.8017965313695,17.7939856639103,
18.7861747964511,19.7783639289919,20.7705530615327,21.7627421940735,22.7549313266143,
23.7471204591551,24.7393095916959,25.7314987242367,26.7236878567775,27.7158769893183,
28.7080661218591,29.7002552543999,30.6924443869407,31.6846335194816,32.6768226520224,
33.6690117845632,34.661200917104,35.6533900496448,36.6455791821856,37.6377683147264,
38.6299574472672,39.622146579808,40.6143357123488,41.6065248448896,42.5987139774304,
43.5909031099712,44.583092242512,45.5752813750528,46.5674705075936,47.5596596401345,
48.5518487726753,49.5440379052161,50.5362270377569,51.5284161702977,52.5206053028385,
53.5127944353793,54.5049835679201),.UNSPECIFIED.);
#38=B_SPLINE_SURFACE_WITH_KNOTS('',3,3,((#10778,#10779,#10780,#10781,#10782,
#10783,#10784,#10785,#10786,#10787,#10788,#10789,#10790,#10791,#10792,#10793,
#10794,#10795,#10796,#10797,#10798,#10799,#10800,#10801,#10802,#10803,#10804,
#10805,#10806,#10807,#10808,#10809,#10810,#10811,#10812,#10813,#10814,#10815,
#10816,#10817,#10818,#10819,#10820,#10821,#10822,#10823),(#10824,#10825,
#10826,#10827,#10828,#10829,#10830,#10831,#10832,#10833,#10834,#10835,#10836,
#10837,#10838,#10839,#10840,#10841,#10842,#10843,#10844,#10845,#10846,#10847,
#10848,#10849,#10850,#10851,#10852,#10853,#10854,#10855,#10856,#10857,#10858,
#10859,#10860,#10861,#10862,#10863,#10864,#10865,#10866,#10867,#10868,#10869),
(#10870,#10871,#10872,#10873,#10874,#10875,#10876,#10877,#10878,#10879,
#10880,#10881,#10882,#10883,#10884,#10885,#10886,#10887,#10888,#10889,#10890,
#10891,#10892,#10893,#10894,#10895,#10896,#10897,#10898,#10899,#10900,#10901,
#10902,#10903,#10904,#10905,#10906,#10907,#10908,#10909,#10910,#10911,#10912,
#10913,#10914,#10915),(#10916,#10917,#10918,#10919,#10920,#10921,#10922,
#10923,#10924,#10925,#10926,#10927,#10928,#10929,#10930,#10931,#10932,#10933,
#10934,#10935,#10936,#10937,#10938,#10939,#10940,#10941,#10942,#10943,#10944,
#10945,#10946,#10947,#10948,#10949,#10950,#10951,#10952,#10953,#10954,#10955,
#10956,#10957,#10958,#10959,#10960,#10961)),.UNSPECIFIED.,.F.,.F.,.F.,(4,
4),(4,1,1,1,1,1,1,1,1,1,1,1,1,1,1,1,1,1,1,1,1,1,1,1,1,1,1,1,1,1,1,1,1,1,
1,1,1,1,1,1,1,1,1,4),(0.,0.0291273210806173),(14.4000123930733,15.3922015256142,
16.384390658155,17.3765797906958,18.3687689232366,19.3609580557774,20.3531471883182,
21.345336320859,22.3375254533998,23.3297145859406,24.3219037184814,25.3140928510222,
26.306281983563,27.2984711161038,28.2906602486446,29.2828493811854,30.2750385137262,
31.2672276462671,32.2594167788079,33.2516059113487,34.2437950438895,35.2359841764303,
36.2281733089711,37.2203624415119,38.2125515740527,39.2047407065935,40.1969298391343,
41.1891189716751,42.1813081042159,43.1734972367567,44.1656863692975,45.1578755018383,
46.1500646343791,47.1422537669199,48.1344428994608,49.1266320320016,50.1188211645424,
51.1110102970832,52.103199429624,53.0953885621648,54.0875776947056,55.0797668272464,
56.0719559597872,57.064145092328),.UNSPECIFIED.);
#39=B_SPLINE_SURFACE_WITH_KNOTS('',3,3,((#11161,#11162,#11163,#11164,#11165,
#11166,#11167,#11168,#11169,#11170,#11171,#11172,#11173,#11174,#11175,#11176,
#11177,#11178,#11179,#11180,#11181,#11182,#11183,#11184,#11185,#11186,#11187,
#11188,#11189,#11190,#11191,#11192,#11193,#11194,#11195,#11196,#11197,#11198,
#11199,#11200,#11201,#11202,#11203,#11204,#11205,#11206),(#11207,#11208,
#11209,#11210,#11211,#11212,#11213,#11214,#11215,#11216,#11217,#11218,#11219,
#11220,#11221,#11222,#11223,#11224,#11225,#11226,#11227,#11228,#11229,#11230,
#11231,#11232,#11233,#11234,#11235,#11236,#11237,#11238,#11239,#11240,#11241,
#11242,#11243,#11244,#11245,#11246,#11247,#11248,#11249,#11250,#11251,#11252),
(#11253,#11254,#11255,#11256,#11257,#11258,#11259,#11260,#11261,#11262,
#11263,#11264,#11265,#11266,#11267,#11268,#11269,#11270,#11271,#11272,#11273,
#11274,#11275,#11276,#11277,#11278,#11279,#11280,#11281,#11282,#11283,#11284,
#11285,#11286,#11287,#11288,#11289,#11290,#11291,#11292,#11293,#11294,#11295,
#11296,#11297,#11298),(#11299,#11300,#11301,#11302,#11303,#11304,#11305,
#11306,#11307,#11308,#11309,#11310,#11311,#11312,#11313,#11314,#11315,#11316,
#11317,#11318,#11319,#11320,#11321,#11322,#11323,#11324,#11325,#11326,#11327,
#11328,#11329,#11330,#11331,#11332,#11333,#11334,#11335,#11336,#11337,#11338,
#11339,#11340,#11341,#11342,#11343,#11344)),.UNSPECIFIED.,.F.,.F.,.F.,(4,
4),(4,1,1,1,1,1,1,1,1,1,1,1,1,1,1,1,1,1,1,1,1,1,1,1,1,1,1,1,1,1,1,1,1,1,
1,1,1,1,1,1,1,1,1,4),(0.,0.0291273210806173),(11.8408508686654,12.8330400012062,
13.8252291337471,14.8174182662879,15.8096073988287,16.8017965313695,17.7939856639103,
18.7861747964511,19.7783639289919,20.7705530615327,21.7627421940735,22.7549313266143,
23.7471204591551,24.7393095916959,25.7314987242367,26.7236878567775,27.7158769893183,
28.7080661218591,29.7002552543999,30.6924443869407,31.6846335194816,32.6768226520224,
33.6690117845632,34.661200917104,35.6533900496448,36.6455791821856,37.6377683147264,
38.6299574472672,39.622146579808,40.6143357123488,41.6065248448896,42.5987139774304,
43.5909031099712,44.583092242512,45.5752813750528,46.5674705075936,47.5596596401344,
48.5518487726752,49.5440379052161,50.5362270377569,51.5284161702977,52.5206053028385,
53.5127944353793,54.5049835679201),.UNSPECIFIED.);
#40=B_SPLINE_SURFACE_WITH_KNOTS('',3,3,((#11528,#11529,#11530,#11531,#11532,
#11533,#11534,#11535,#11536,#11537,#11538,#11539,#11540,#11541,#11542,#11543,
#11544,#11545,#11546,#11547,#11548,#11549,#11550,#11551,#11552,#11553,#11554,
#11555,#11556,#11557,#11558,#11559,#11560,#11561,#11562,#11563,#11564,#11565,
#11566,#11567,#11568,#11569,#11570,#11571,#11572,#11573),(#11574,#11575,
#11576,#11577,#11578,#11579,#11580,#11581,#11582,#11583,#11584,#11585,#11586,
#11587,#11588,#11589,#11590,#11591,#11592,#11593,#11594,#11595,#11596,#11597,
#11598,#11599,#11600,#11601,#11602,#11603,#11604,#11605,#11606,#11607,#11608,
#11609,#11610,#11611,#11612,#11613,#11614,#11615,#11616,#11617,#11618,#11619),
(#11620,#11621,#11622,#11623,#11624,#11625,#11626,#11627,#11628,#11629,
#11630,#11631,#11632,#11633,#11634,#11635,#11636,#11637,#11638,#11639,#11640,
#11641,#11642,#11643,#11644,#11645,#11646,#11647,#11648,#11649,#11650,#11651,
#11652,#11653,#11654,#11655,#11656,#11657,#11658,#11659,#11660,#11661,#11662,
#11663,#11664,#11665),(#11666,#11667,#11668,#11669,#11670,#11671,#11672,
#11673,#11674,#11675,#11676,#11677,#11678,#11679,#11680,#11681,#11682,#11683,
#11684,#11685,#11686,#11687,#11688,#11689,#11690,#11691,#11692,#11693,#11694,
#11695,#11696,#11697,#11698,#11699,#11700,#11701,#11702,#11703,#11704,#11705,
#11706,#11707,#11708,#11709,#11710,#11711)),.UNSPECIFIED.,.F.,.F.,.F.,(4,
4),(4,1,1,1,1,1,1,1,1,1,1,1,1,1,1,1,1,1,1,1,1,1,1,1,1,1,1,1,1,1,1,1,1,1,
1,1,1,1,1,1,1,1,1,4),(0.,0.0291273210806173),(14.4000123930734,15.3922015256142,
16.384390658155,17.3765797906958,18.3687689232366,19.3609580557774,20.3531471883182,
21.345336320859,22.3375254533998,23.3297145859406,24.3219037184814,25.3140928510222,
26.306281983563,27.2984711161038,28.2906602486446,29.2828493811854,30.2750385137263,
31.2672276462671,32.2594167788079,33.2516059113487,34.2437950438895,35.2359841764303,
36.2281733089711,37.2203624415119,38.2125515740527,39.2047407065935,40.1969298391343,
41.1891189716751,42.1813081042159,43.1734972367567,44.1656863692975,45.1578755018383,
46.1500646343791,47.14225376692,48.1344428994608,49.1266320320016,50.1188211645424,
51.1110102970832,52.103199429624,53.0953885621648,54.0875776947056,55.0797668272464,
56.0719559597872,57.064145092328),.UNSPECIFIED.);
#41=B_SPLINE_SURFACE_WITH_KNOTS('',3,3,((#11911,#11912,#11913,#11914,#11915,
#11916,#11917,#11918,#11919,#11920,#11921,#11922,#11923,#11924,#11925,#11926,
#11927,#11928,#11929,#11930,#11931,#11932,#11933,#11934,#11935,#11936,#11937,
#11938,#11939,#11940,#11941,#11942,#11943,#11944,#11945,#11946,#11947,#11948,
#11949,#11950,#11951,#11952,#11953,#11954,#11955,#11956),(#11957,#11958,
#11959,#11960,#11961,#11962,#11963,#11964,#11965,#11966,#11967,#11968,#11969,
#11970,#11971,#11972,#11973,#11974,#11975,#11976,#11977,#11978,#11979,#11980,
#11981,#11982,#11983,#11984,#11985,#11986,#11987,#11988,#11989,#11990,#11991,
#11992,#11993,#11994,#11995,#11996,#11997,#11998,#11999,#12000,#12001,#12002),
(#12003,#12004,#12005,#12006,#12007,#12008,#12009,#12010,#12011,#12012,
#12013,#12014,#12015,#12016,#12017,#12018,#12019,#12020,#12021,#12022,#12023,
#12024,#12025,#12026,#12027,#12028,#12029,#12030,#12031,#12032,#12033,#12034,
#12035,#12036,#12037,#12038,#12039,#12040,#12041,#12042,#12043,#12044,#12045,
#12046,#12047,#12048),(#12049,#12050,#12051,#12052,#12053,#12054,#12055,
#12056,#12057,#12058,#12059,#12060,#12061,#12062,#12063,#12064,#12065,#12066,
#12067,#12068,#12069,#12070,#12071,#12072,#12073,#12074,#12075,#12076,#12077,
#12078,#12079,#12080,#12081,#12082,#12083,#12084,#12085,#12086,#12087,#12088,
#12089,#12090,#12091,#12092,#12093,#12094)),.UNSPECIFIED.,.F.,.F.,.F.,(4,
4),(4,1,1,1,1,1,1,1,1,1,1,1,1,1,1,1,1,1,1,1,1,1,1,1,1,1,1,1,1,1,1,1,1,1,
1,1,1,1,1,1,1,1,1,4),(0.,0.0291273210806173),(11.8408508686654,12.8330400012062,
13.8252291337471,14.8174182662879,15.8096073988287,16.8017965313695,17.7939856639103,
18.7861747964511,19.7783639289919,20.7705530615327,21.7627421940735,22.7549313266143,
23.7471204591551,24.7393095916959,25.7314987242367,26.7236878567775,27.7158769893183,
28.7080661218591,29.7002552543999,30.6924443869407,31.6846335194816,32.6768226520224,
33.6690117845632,34.661200917104,35.6533900496448,36.6455791821856,37.6377683147264,
38.6299574472672,39.622146579808,40.6143357123488,41.6065248448896,42.5987139774304,
43.5909031099712,44.583092242512,45.5752813750528,46.5674705075936,47.5596596401344,
48.5518487726752,49.5440379052161,50.5362270377569,51.5284161702977,52.5206053028385,
53.5127944353793,54.5049835679201),.UNSPECIFIED.);
#42=B_SPLINE_SURFACE_WITH_KNOTS('',3,3,((#12278,#12279,#12280,#12281,#12282,
#12283,#12284,#12285,#12286,#12287,#12288,#12289,#12290,#12291,#12292,#12293,
#12294,#12295,#12296,#12297,#12298,#12299,#12300,#12301,#12302,#12303,#12304,
#12305,#12306,#12307,#12308,#12309,#12310,#12311,#12312,#12313,#12314,#12315,
#12316,#12317,#12318,#12319,#12320,#12321,#12322,#12323),(#12324,#12325,
#12326,#12327,#12328,#12329,#12330,#12331,#12332,#12333,#12334,#12335,#12336,
#12337,#12338,#12339,#12340,#12341,#12342,#12343,#12344,#12345,#12346,#12347,
#12348,#12349,#12350,#12351,#12352,#12353,#12354,#12355,#12356,#12357,#12358,
#12359,#12360,#12361,#12362,#12363,#12364,#12365,#12366,#12367,#12368,#12369),
(#12370,#12371,#12372,#12373,#12374,#12375,#12376,#12377,#12378,#12379,
#12380,#12381,#12382,#12383,#12384,#12385,#12386,#12387,#12388,#12389,#12390,
#12391,#12392,#12393,#12394,#12395,#12396,#12397,#12398,#12399,#12400,#12401,
#12402,#12403,#12404,#12405,#12406,#12407,#12408,#12409,#12410,#12411,#12412,
#12413,#12414,#12415),(#12416,#12417,#12418,#12419,#12420,#12421,#12422,
#12423,#12424,#12425,#12426,#12427,#12428,#12429,#12430,#12431,#12432,#12433,
#12434,#12435,#12436,#12437,#12438,#12439,#12440,#12441,#12442,#12443,#12444,
#12445,#12446,#12447,#12448,#12449,#12450,#12451,#12452,#12453,#12454,#12455,
#12456,#12457,#12458,#12459,#12460,#12461)),.UNSPECIFIED.,.F.,.F.,.F.,(4,
4),(4,1,1,1,1,1,1,1,1,1,1,1,1,1,1,1,1,1,1,1,1,1,1,1,1,1,1,1,1,1,1,1,1,1,
1,1,1,1,1,1,1,1,1,4),(0.,0.0291273210806173),(14.4000123930733,15.3922015256142,
16.384390658155,17.3765797906958,18.3687689232366,19.3609580557774,20.3531471883182,
21.345336320859,22.3375254533998,23.3297145859406,24.3219037184814,25.3140928510222,
26.306281983563,27.2984711161038,28.2906602486446,29.2828493811854,30.2750385137262,
31.2672276462671,32.2594167788079,33.2516059113487,34.2437950438895,35.2359841764303,
36.2281733089711,37.2203624415119,38.2125515740527,39.2047407065935,40.1969298391343,
41.1891189716751,42.1813081042159,43.1734972367567,44.1656863692975,45.1578755018383,
46.1500646343791,47.1422537669199,48.1344428994608,49.1266320320016,50.1188211645424,
51.1110102970832,52.103199429624,53.0953885621648,54.0875776947056,55.0797668272464,
56.0719559597872,57.064145092328),.UNSPECIFIED.);
#43=B_SPLINE_SURFACE_WITH_KNOTS('',3,3,((#12661,#12662,#12663,#12664,#12665,
#12666,#12667,#12668,#12669,#12670,#12671,#12672,#12673,#12674,#12675,#12676,
#12677,#12678,#12679,#12680,#12681,#12682,#12683,#12684,#12685,#12686,#12687,
#12688,#12689,#12690,#12691,#12692,#12693,#12694,#12695,#12696,#12697,#12698,
#12699,#12700,#12701,#12702,#12703,#12704,#12705,#12706),(#12707,#12708,
#12709,#12710,#12711,#12712,#12713,#12714,#12715,#12716,#12717,#12718,#12719,
#12720,#12721,#12722,#12723,#12724,#12725,#12726,#12727,#12728,#12729,#12730,
#12731,#12732,#12733,#12734,#12735,#12736,#12737,#12738,#12739,#12740,#12741,
#12742,#12743,#12744,#12745,#12746,#12747,#12748,#12749,#12750,#12751,#12752),
(#12753,#12754,#12755,#12756,#12757,#12758,#12759,#12760,#12761,#12762,
#12763,#12764,#12765,#12766,#12767,#12768,#12769,#12770,#12771,#12772,#12773,
#12774,#12775,#12776,#12777,#12778,#12779,#12780,#12781,#12782,#12783,#12784,
#12785,#12786,#12787,#12788,#12789,#12790,#12791,#12792,#12793,#12794,#12795,
#12796,#12797,#12798),(#12799,#12800,#12801,#12802,#12803,#12804,#12805,
#12806,#12807,#12808,#12809,#12810,#12811,#12812,#12813,#12814,#12815,#12816,
#12817,#12818,#12819,#12820,#12821,#12822,#12823,#12824,#12825,#12826,#12827,
#12828,#12829,#12830,#12831,#12832,#12833,#12834,#12835,#12836,#12837,#12838,
#12839,#12840,#12841,#12842,#12843,#12844)),.UNSPECIFIED.,.F.,.F.,.F.,(4,
4),(4,1,1,1,1,1,1,1,1,1,1,1,1,1,1,1,1,1,1,1,1,1,1,1,1,1,1,1,1,1,1,1,1,1,
1,1,1,1,1,1,1,1,1,4),(0.,0.0291273210806173),(11.8408508686654,12.8330400012062,
13.825229133747,14.8174182662879,15.8096073988287,16.8017965313695,17.7939856639103,
18.7861747964511,19.7783639289919,20.7705530615327,21.7627421940735,22.7549313266143,
23.7471204591551,24.7393095916959,25.7314987242367,26.7236878567775,27.7158769893183,
28.7080661218591,29.7002552543999,30.6924443869407,31.6846335194816,32.6768226520224,
33.6690117845632,34.661200917104,35.6533900496448,36.6455791821856,37.6377683147264,
38.6299574472672,39.622146579808,40.6143357123488,41.6065248448896,42.5987139774304,
43.5909031099712,44.583092242512,45.5752813750528,46.5674705075936,47.5596596401345,
48.5518487726753,49.5440379052161,50.5362270377569,51.5284161702977,52.5206053028385,
53.5127944353793,54.5049835679201),.UNSPECIFIED.);
#44=B_SPLINE_SURFACE_WITH_KNOTS('',3,3,((#13028,#13029,#13030,#13031,#13032,
#13033,#13034,#13035,#13036,#13037,#13038,#13039,#13040,#13041,#13042,#13043,
#13044,#13045,#13046,#13047,#13048,#13049,#13050,#13051,#13052,#13053,#13054,
#13055,#13056,#13057,#13058,#13059,#13060,#13061,#13062,#13063,#13064,#13065,
#13066,#13067,#13068,#13069,#13070,#13071,#13072,#13073),(#13074,#13075,
#13076,#13077,#13078,#13079,#13080,#13081,#13082,#13083,#13084,#13085,#13086,
#13087,#13088,#13089,#13090,#13091,#13092,#13093,#13094,#13095,#13096,#13097,
#13098,#13099,#13100,#13101,#13102,#13103,#13104,#13105,#13106,#13107,#13108,
#13109,#13110,#13111,#13112,#13113,#13114,#13115,#13116,#13117,#13118,#13119),
(#13120,#13121,#13122,#13123,#13124,#13125,#13126,#13127,#13128,#13129,
#13130,#13131,#13132,#13133,#13134,#13135,#13136,#13137,#13138,#13139,#13140,
#13141,#13142,#13143,#13144,#13145,#13146,#13147,#13148,#13149,#13150,#13151,
#13152,#13153,#13154,#13155,#13156,#13157,#13158,#13159,#13160,#13161,#13162,
#13163,#13164,#13165),(#13166,#13167,#13168,#13169,#13170,#13171,#13172,
#13173,#13174,#13175,#13176,#13177,#13178,#13179,#13180,#13181,#13182,#13183,
#13184,#13185,#13186,#13187,#13188,#13189,#13190,#13191,#13192,#13193,#13194,
#13195,#13196,#13197,#13198,#13199,#13200,#13201,#13202,#13203,#13204,#13205,
#13206,#13207,#13208,#13209,#13210,#13211)),.UNSPECIFIED.,.F.,.F.,.F.,(4,
4),(4,1,1,1,1,1,1,1,1,1,1,1,1,1,1,1,1,1,1,1,1,1,1,1,1,1,1,1,1,1,1,1,1,1,
1,1,1,1,1,1,1,1,1,4),(0.,0.0291273210806173),(14.4000123930733,15.3922015256142,
16.384390658155,17.3765797906958,18.3687689232366,19.3609580557774,20.3531471883182,
21.345336320859,22.3375254533998,23.3297145859406,24.3219037184814,25.3140928510222,
26.306281983563,27.2984711161038,28.2906602486446,29.2828493811854,30.2750385137262,
31.2672276462671,32.2594167788079,33.2516059113487,34.2437950438895,35.2359841764303,
36.2281733089711,37.2203624415119,38.2125515740527,39.2047407065935,40.1969298391343,
41.1891189716751,42.1813081042159,43.1734972367567,44.1656863692975,45.1578755018383,
46.1500646343791,47.1422537669199,48.1344428994608,49.1266320320016,50.1188211645424,
51.1110102970832,52.103199429624,53.0953885621648,54.0875776947056,55.0797668272464,
56.0719559597872,57.064145092328),.UNSPECIFIED.);
#45=PLANE('',#5777);
#46=PLANE('',#5782);
#47=PLANE('',#5786);
#48=PLANE('',#5787);
#49=PLANE('',#5795);
#50=PLANE('',#5800);
#51=PLANE('',#5804);
#52=PLANE('',#5805);
#53=PLANE('',#5809);
#54=PLANE('',#5810);
#55=PLANE('',#5857);
#56=PLANE('',#5858);
#57=PLANE('',#5862);
#58=PLANE('',#5866);
#59=PLANE('',#5870);
#60=PLANE('',#5874);
#61=PLANE('',#5878);
#62=PLANE('',#5882);
#63=PLANE('',#5886);
#64=PLANE('',#5890);
#65=PLANE('',#5893);
#66=PLANE('',#5894);
#67=PLANE('',#5895);
#68=PLANE('',#5908);
#69=PLANE('',#5910);
#70=PLANE('',#5912);
#71=PLANE('',#5914);
#72=PLANE('',#5916);
#73=PLANE('',#5917);
#74=PLANE('',#5918);
#75=PLANE('',#5920);
#76=PLANE('',#5921);
#77=PLANE('',#5922);
#78=PLANE('',#5923);
#79=PLANE('',#5925);
#80=PLANE('',#5926);
#81=PLANE('',#5927);
#82=PLANE('',#5928);
#83=PLANE('',#5930);
#84=PLANE('',#5931);
#85=PLANE('',#5932);
#86=PLANE('',#5933);
#87=PLANE('',#5935);
#88=PLANE('',#5938);
#89=PLANE('',#5945);
#90=PLANE('',#6029);
#91=PLANE('',#6030);
#92=PLANE('',#6031);
#93=PLANE('',#6032);
#94=PLANE('',#6033);
#95=PLANE('',#6052);
#96=PLANE('',#6053);
#97=PLANE('',#6054);
#98=PLANE('',#6055);
#99=PLANE('',#6058);
#100=PLANE('',#6222);
#101=PLANE('',#6223);
#102=PLANE('',#6232);
#103=PLANE('',#6249);
#104=PLANE('',#6264);
#105=PLANE('',#6265);
#106=PLANE('',#6266);
#107=PLANE('',#6267);
#108=PLANE('',#6268);
#109=PLANE('',#6284);
#110=PLANE('',#6286);
#111=PLANE('',#6288);
#112=PLANE('',#6290);
#113=PLANE('',#6295);
#114=PLANE('',#6296);
#115=PLANE('',#6297);
#116=PLANE('',#6308);
#117=PLANE('',#6309);
#118=PLANE('',#6310);
#119=PLANE('',#6311);
#120=PLANE('',#6312);
#121=FACE_OUTER_BOUND('',#421,.T.);
#122=FACE_OUTER_BOUND('',#422,.T.);
#123=FACE_OUTER_BOUND('',#423,.T.);
#124=FACE_OUTER_BOUND('',#424,.T.);
#125=FACE_OUTER_BOUND('',#425,.T.);
#126=FACE_OUTER_BOUND('',#426,.T.);
#127=FACE_OUTER_BOUND('',#427,.T.);
#128=FACE_OUTER_BOUND('',#428,.T.);
#129=FACE_OUTER_BOUND('',#429,.T.);
#130=FACE_OUTER_BOUND('',#430,.T.);
#131=FACE_OUTER_BOUND('',#431,.T.);
#132=FACE_OUTER_BOUND('',#432,.T.);
#133=FACE_OUTER_BOUND('',#433,.T.);
#134=FACE_OUTER_BOUND('',#434,.T.);
#135=FACE_OUTER_BOUND('',#435,.T.);
#136=FACE_OUTER_BOUND('',#436,.T.);
#137=FACE_OUTER_BOUND('',#437,.T.);
#138=FACE_OUTER_BOUND('',#438,.T.);
#139=FACE_OUTER_BOUND('',#439,.T.);
#140=FACE_OUTER_BOUND('',#440,.T.);
#141=FACE_OUTER_BOUND('',#441,.T.);
#142=FACE_OUTER_BOUND('',#442,.T.);
#143=FACE_OUTER_BOUND('',#443,.T.);
#144=FACE_OUTER_BOUND('',#444,.T.);
#145=FACE_OUTER_BOUND('',#445,.T.);
#146=FACE_OUTER_BOUND('',#446,.T.);
#147=FACE_OUTER_BOUND('',#447,.T.);
#148=FACE_OUTER_BOUND('',#448,.T.);
#149=FACE_OUTER_BOUND('',#449,.T.);
#150=FACE_OUTER_BOUND('',#450,.T.);
#151=FACE_OUTER_BOUND('',#451,.T.);
#152=FACE_OUTER_BOUND('',#452,.T.);
#153=FACE_OUTER_BOUND('',#453,.T.);
#154=FACE_OUTER_BOUND('',#454,.T.);
#155=FACE_OUTER_BOUND('',#455,.T.);
#156=FACE_OUTER_BOUND('',#456,.T.);
#157=FACE_OUTER_BOUND('',#457,.T.);
#158=FACE_OUTER_BOUND('',#458,.T.);
#159=FACE_OUTER_BOUND('',#459,.T.);
#160=FACE_OUTER_BOUND('',#460,.T.);
#161=FACE_OUTER_BOUND('',#461,.T.);
#162=FACE_OUTER_BOUND('',#462,.T.);
#163=FACE_OUTER_BOUND('',#463,.T.);
#164=FACE_OUTER_BOUND('',#464,.T.);
#165=FACE_OUTER_BOUND('',#465,.T.);
#166=FACE_OUTER_BOUND('',#466,.T.);
#167=FACE_OUTER_BOUND('',#467,.T.);
#168=FACE_OUTER_BOUND('',#468,.T.);
#169=FACE_OUTER_BOUND('',#469,.T.);
#170=FACE_OUTER_BOUND('',#470,.T.);
#171=FACE_OUTER_BOUND('',#471,.T.);
#172=FACE_OUTER_BOUND('',#472,.T.);
#173=FACE_OUTER_BOUND('',#473,.T.);
#174=FACE_OUTER_BOUND('',#474,.T.);
#175=FACE_OUTER_BOUND('',#475,.T.);
#176=FACE_OUTER_BOUND('',#476,.T.);
#177=FACE_OUTER_BOUND('',#477,.T.);
#178=FACE_OUTER_BOUND('',#478,.T.);
#179=FACE_OUTER_BOUND('',#479,.T.);
#180=FACE_OUTER_BOUND('',#480,.T.);
#181=FACE_OUTER_BOUND('',#481,.T.);
#182=FACE_OUTER_BOUND('',#482,.T.);
#183=FACE_OUTER_BOUND('',#483,.T.);
#184=FACE_OUTER_BOUND('',#484,.T.);
#185=FACE_OUTER_BOUND('',#485,.T.);
#186=FACE_OUTER_BOUND('',#486,.T.);
#187=FACE_OUTER_BOUND('',#487,.T.);
#188=FACE_OUTER_BOUND('',#488,.T.);
#189=FACE_OUTER_BOUND('',#489,.T.);
#190=FACE_OUTER_BOUND('',#490,.T.);
#191=FACE_OUTER_BOUND('',#491,.T.);
#192=FACE_OUTER_BOUND('',#492,.T.);
#193=FACE_OUTER_BOUND('',#493,.T.);
#194=FACE_OUTER_BOUND('',#494,.T.);
#195=FACE_OUTER_BOUND('',#495,.T.);
#196=FACE_OUTER_BOUND('',#496,.T.);
#197=FACE_OUTER_BOUND('',#497,.T.);
#198=FACE_OUTER_BOUND('',#498,.T.);
#199=FACE_OUTER_BOUND('',#499,.T.);
#200=FACE_OUTER_BOUND('',#500,.T.);
#201=FACE_OUTER_BOUND('',#501,.T.);
#202=FACE_OUTER_BOUND('',#502,.T.);
#203=FACE_OUTER_BOUND('',#503,.T.);
#204=FACE_OUTER_BOUND('',#504,.T.);
#205=FACE_OUTER_BOUND('',#505,.T.);
#206=FACE_OUTER_BOUND('',#506,.T.);
#207=FACE_OUTER_BOUND('',#507,.T.);
#208=FACE_OUTER_BOUND('',#508,.T.);
#209=FACE_OUTER_BOUND('',#509,.T.);
#210=FACE_OUTER_BOUND('',#510,.T.);
#211=FACE_OUTER_BOUND('',#511,.T.);
#212=FACE_OUTER_BOUND('',#512,.T.);
#213=FACE_OUTER_BOUND('',#513,.T.);
#214=FACE_OUTER_BOUND('',#514,.T.);
#215=FACE_OUTER_BOUND('',#515,.T.);
#216=FACE_OUTER_BOUND('',#516,.T.);
#217=FACE_OUTER_BOUND('',#517,.T.);
#218=FACE_OUTER_BOUND('',#518,.T.);
#219=FACE_OUTER_BOUND('',#519,.T.);
#220=FACE_OUTER_BOUND('',#520,.T.);
#221=FACE_OUTER_BOUND('',#521,.T.);
#222=FACE_OUTER_BOUND('',#522,.T.);
#223=FACE_OUTER_BOUND('',#523,.T.);
#224=FACE_OUTER_BOUND('',#524,.T.);
#225=FACE_OUTER_BOUND('',#525,.T.);
#226=FACE_OUTER_BOUND('',#526,.T.);
#227=FACE_OUTER_BOUND('',#527,.T.);
#228=FACE_OUTER_BOUND('',#528,.T.);
#229=FACE_OUTER_BOUND('',#529,.T.);
#230=FACE_OUTER_BOUND('',#530,.T.);
#231=FACE_OUTER_BOUND('',#531,.T.);
#232=FACE_OUTER_BOUND('',#533,.T.);
#233=FACE_OUTER_BOUND('',#535,.T.);
#234=FACE_OUTER_BOUND('',#537,.T.);
#235=FACE_OUTER_BOUND('',#539,.T.);
#236=FACE_OUTER_BOUND('',#540,.T.);
#237=FACE_OUTER_BOUND('',#541,.T.);
#238=FACE_OUTER_BOUND('',#542,.T.);
#239=FACE_OUTER_BOUND('',#543,.T.);
#240=FACE_OUTER_BOUND('',#544,.T.);
#241=FACE_OUTER_BOUND('',#545,.T.);
#242=FACE_OUTER_BOUND('',#546,.T.);
#243=FACE_OUTER_BOUND('',#547,.T.);
#244=FACE_OUTER_BOUND('',#548,.T.);
#245=FACE_OUTER_BOUND('',#549,.T.);
#246=FACE_OUTER_BOUND('',#550,.T.);
#247=FACE_OUTER_BOUND('',#553,.T.);
#248=FACE_OUTER_BOUND('',#554,.T.);
#249=FACE_OUTER_BOUND('',#555,.T.);
#250=FACE_OUTER_BOUND('',#556,.T.);
#251=FACE_OUTER_BOUND('',#557,.T.);
#252=FACE_OUTER_BOUND('',#558,.T.);
#253=FACE_OUTER_BOUND('',#559,.T.);
#254=FACE_OUTER_BOUND('',#560,.T.);
#255=FACE_OUTER_BOUND('',#561,.T.);
#256=FACE_OUTER_BOUND('',#562,.T.);
#257=FACE_OUTER_BOUND('',#568,.T.);
#258=FACE_OUTER_BOUND('',#569,.T.);
#259=FACE_OUTER_BOUND('',#570,.T.);
#260=FACE_OUTER_BOUND('',#571,.T.);
#261=FACE_OUTER_BOUND('',#572,.T.);
#262=FACE_OUTER_BOUND('',#573,.T.);
#263=FACE_OUTER_BOUND('',#574,.T.);
#264=FACE_OUTER_BOUND('',#575,.T.);
#265=FACE_OUTER_BOUND('',#576,.T.);
#266=FACE_OUTER_BOUND('',#577,.T.);
#267=FACE_OUTER_BOUND('',#578,.T.);
#268=FACE_OUTER_BOUND('',#579,.T.);
#269=FACE_OUTER_BOUND('',#580,.T.);
#270=FACE_OUTER_BOUND('',#581,.T.);
#271=FACE_OUTER_BOUND('',#582,.T.);
#272=FACE_OUTER_BOUND('',#583,.T.);
#273=FACE_OUTER_BOUND('',#584,.T.);
#274=FACE_OUTER_BOUND('',#585,.T.);
#275=FACE_OUTER_BOUND('',#586,.T.);
#276=FACE_OUTER_BOUND('',#587,.T.);
#277=FACE_OUTER_BOUND('',#588,.T.);
#278=FACE_OUTER_BOUND('',#589,.T.);
#279=FACE_OUTER_BOUND('',#590,.T.);
#280=FACE_OUTER_BOUND('',#591,.T.);
#281=FACE_OUTER_BOUND('',#592,.T.);
#282=FACE_OUTER_BOUND('',#593,.T.);
#283=FACE_OUTER_BOUND('',#594,.T.);
#284=FACE_OUTER_BOUND('',#595,.T.);
#285=FACE_OUTER_BOUND('',#596,.T.);
#286=FACE_OUTER_BOUND('',#597,.T.);
#287=FACE_OUTER_BOUND('',#598,.T.);
#288=FACE_OUTER_BOUND('',#599,.T.);
#289=FACE_OUTER_BOUND('',#601,.T.);
#290=FACE_OUTER_BOUND('',#602,.T.);
#291=FACE_OUTER_BOUND('',#603,.T.);
#292=FACE_OUTER_BOUND('',#604,.T.);
#293=FACE_OUTER_BOUND('',#605,.T.);
#294=FACE_OUTER_BOUND('',#606,.T.);
#295=FACE_OUTER_BOUND('',#607,.T.);
#296=FACE_OUTER_BOUND('',#608,.T.);
#297=FACE_OUTER_BOUND('',#609,.T.);
#298=FACE_OUTER_BOUND('',#610,.T.);
#299=FACE_OUTER_BOUND('',#611,.T.);
#300=FACE_OUTER_BOUND('',#612,.T.);
#301=FACE_OUTER_BOUND('',#613,.T.);
#302=FACE_OUTER_BOUND('',#614,.T.);
#303=FACE_OUTER_BOUND('',#615,.T.);
#304=FACE_OUTER_BOUND('',#616,.T.);
#305=FACE_OUTER_BOUND('',#617,.T.);
#306=FACE_OUTER_BOUND('',#618,.T.);
#307=FACE_OUTER_BOUND('',#619,.T.);
#308=FACE_OUTER_BOUND('',#620,.T.);
#309=FACE_OUTER_BOUND('',#621,.T.);
#310=FACE_OUTER_BOUND('',#622,.T.);
#311=FACE_OUTER_BOUND('',#623,.T.);
#312=FACE_OUTER_BOUND('',#624,.T.);
#313=FACE_OUTER_BOUND('',#625,.T.);
#314=FACE_OUTER_BOUND('',#626,.T.);
#315=FACE_OUTER_BOUND('',#627,.T.);
#316=FACE_OUTER_BOUND('',#628,.T.);
#317=FACE_OUTER_BOUND('',#629,.T.);
#318=FACE_OUTER_BOUND('',#630,.T.);
#319=FACE_OUTER_BOUND('',#631,.T.);
#320=FACE_OUTER_BOUND('',#632,.T.);
#321=FACE_OUTER_BOUND('',#633,.T.);
#322=FACE_OUTER_BOUND('',#634,.T.);
#323=FACE_OUTER_BOUND('',#635,.T.);
#324=FACE_OUTER_BOUND('',#636,.T.);
#325=FACE_OUTER_BOUND('',#637,.T.);
#326=FACE_OUTER_BOUND('',#638,.T.);
#327=FACE_OUTER_BOUND('',#639,.T.);
#328=FACE_OUTER_BOUND('',#640,.T.);
#329=FACE_OUTER_BOUND('',#641,.T.);
#330=FACE_OUTER_BOUND('',#642,.T.);
#331=FACE_OUTER_BOUND('',#643,.T.);
#332=FACE_OUTER_BOUND('',#644,.T.);
#333=FACE_OUTER_BOUND('',#645,.T.);
#334=FACE_OUTER_BOUND('',#646,.T.);
#335=FACE_OUTER_BOUND('',#647,.T.);
#336=FACE_OUTER_BOUND('',#648,.T.);
#337=FACE_OUTER_BOUND('',#649,.T.);
#338=FACE_OUTER_BOUND('',#650,.T.);
#339=FACE_OUTER_BOUND('',#651,.T.);
#340=FACE_OUTER_BOUND('',#652,.T.);
#341=FACE_OUTER_BOUND('',#653,.T.);
#342=FACE_OUTER_BOUND('',#654,.T.);
#343=FACE_OUTER_BOUND('',#655,.T.);
#344=FACE_OUTER_BOUND('',#656,.T.);
#345=FACE_OUTER_BOUND('',#657,.T.);
#346=FACE_OUTER_BOUND('',#658,.T.);
#347=FACE_OUTER_BOUND('',#659,.T.);
#348=FACE_OUTER_BOUND('',#660,.T.);
#349=FACE_OUTER_BOUND('',#661,.T.);
#350=FACE_OUTER_BOUND('',#662,.T.);
#351=FACE_OUTER_BOUND('',#663,.T.);
#352=FACE_OUTER_BOUND('',#664,.T.);
#353=FACE_OUTER_BOUND('',#665,.T.);
#354=FACE_OUTER_BOUND('',#666,.T.);
#355=FACE_OUTER_BOUND('',#667,.T.);
#356=FACE_OUTER_BOUND('',#668,.T.);
#357=FACE_OUTER_BOUND('',#669,.T.);
#358=FACE_OUTER_BOUND('',#670,.T.);
#359=FACE_OUTER_BOUND('',#671,.T.);
#360=FACE_OUTER_BOUND('',#672,.T.);
#361=FACE_OUTER_BOUND('',#673,.T.);
#362=FACE_OUTER_BOUND('',#674,.T.);
#363=FACE_OUTER_BOUND('',#675,.T.);
#364=FACE_OUTER_BOUND('',#676,.T.);
#365=FACE_OUTER_BOUND('',#677,.T.);
#366=FACE_OUTER_BOUND('',#678,.T.);
#367=FACE_OUTER_BOUND('',#680,.T.);
#368=FACE_OUTER_BOUND('',#681,.T.);
#369=FACE_OUTER_BOUND('',#682,.T.);
#370=FACE_OUTER_BOUND('',#683,.T.);
#371=FACE_OUTER_BOUND('',#684,.T.);
#372=FACE_OUTER_BOUND('',#685,.T.);
#373=FACE_OUTER_BOUND('',#686,.T.);
#374=FACE_OUTER_BOUND('',#687,.T.);
#375=FACE_OUTER_BOUND('',#688,.T.);
#376=FACE_OUTER_BOUND('',#689,.T.);
#377=FACE_OUTER_BOUND('',#690,.T.);
#378=FACE_OUTER_BOUND('',#691,.T.);
#379=FACE_OUTER_BOUND('',#692,.T.);
#380=FACE_OUTER_BOUND('',#693,.T.);
#381=FACE_OUTER_BOUND('',#694,.T.);
#382=FACE_OUTER_BOUND('',#695,.T.);
#383=FACE_OUTER_BOUND('',#696,.T.);
#384=FACE_OUTER_BOUND('',#699,.T.);
#385=FACE_OUTER_BOUND('',#700,.T.);
#386=FACE_OUTER_BOUND('',#701,.T.);
#387=FACE_OUTER_BOUND('',#702,.T.);
#388=FACE_OUTER_BOUND('',#703,.T.);
#389=FACE_OUTER_BOUND('',#704,.T.);
#390=FACE_OUTER_BOUND('',#705,.T.);
#391=FACE_OUTER_BOUND('',#706,.T.);
#392=FACE_OUTER_BOUND('',#707,.T.);
#393=FACE_OUTER_BOUND('',#708,.T.);
#394=FACE_OUTER_BOUND('',#709,.T.);
#395=FACE_OUTER_BOUND('',#710,.T.);
#396=FACE_OUTER_BOUND('',#711,.T.);
#397=FACE_OUTER_BOUND('',#712,.T.);
#398=FACE_OUTER_BOUND('',#713,.T.);
#399=FACE_OUTER_BOUND('',#714,.T.);
#400=FACE_OUTER_BOUND('',#715,.T.);
#401=FACE_OUTER_BOUND('',#716,.T.);
#402=FACE_OUTER_BOUND('',#717,.T.);
#403=FACE_OUTER_BOUND('',#718,.T.);
#404=FACE_OUTER_BOUND('',#719,.T.);
#405=FACE_OUTER_BOUND('',#720,.T.);
#406=FACE_OUTER_BOUND('',#721,.T.);
#407=FACE_OUTER_BOUND('',#722,.T.);
#408=FACE_OUTER_BOUND('',#724,.T.);
#409=FACE_OUTER_BOUND('',#725,.T.);
#410=FACE_OUTER_BOUND('',#726,.T.);
#411=FACE_OUTER_BOUND('',#727,.T.);
#412=FACE_OUTER_BOUND('',#728,.T.);
#413=FACE_OUTER_BOUND('',#731,.T.);
#414=FACE_OUTER_BOUND('',#732,.T.);
#415=FACE_OUTER_BOUND('',#733,.T.);
#416=FACE_OUTER_BOUND('',#734,.T.);
#417=FACE_OUTER_BOUND('',#735,.T.);
#418=FACE_OUTER_BOUND('',#736,.T.);
#419=FACE_OUTER_BOUND('',#737,.T.);
#420=FACE_OUTER_BOUND('',#738,.T.);
#421=EDGE_LOOP('',(#3443,#3444,#3445,#3446));
#422=EDGE_LOOP('',(#3447,#3448,#3449,#3450));
#423=EDGE_LOOP('',(#3451,#3452,#3453,#3454));
#424=EDGE_LOOP('',(#3455,#3456,#3457,#3458));
#425=EDGE_LOOP('',(#3459,#3460,#3461,#3462));
#426=EDGE_LOOP('',(#3463,#3464,#3465,#3466));
#427=EDGE_LOOP('',(#3467,#3468,#3469,#3470));
#428=EDGE_LOOP('',(#3471,#3472,#3473,#3474));
#429=EDGE_LOOP('',(#3475,#3476,#3477,#3478));
#430=EDGE_LOOP('',(#3479,#3480,#3481,#3482));
#431=EDGE_LOOP('',(#3483,#3484,#3485,#3486));
#432=EDGE_LOOP('',(#3487,#3488,#3489,#3490));
#433=EDGE_LOOP('',(#3491,#3492,#3493,#3494));
#434=EDGE_LOOP('',(#3495,#3496,#3497,#3498));
#435=EDGE_LOOP('',(#3499,#3500,#3501,#3502));
#436=EDGE_LOOP('',(#3503,#3504,#3505,#3506));
#437=EDGE_LOOP('',(#3507,#3508,#3509,#3510));
#438=EDGE_LOOP('',(#3511,#3512,#3513,#3514));
#439=EDGE_LOOP('',(#3515,#3516,#3517,#3518));
#440=EDGE_LOOP('',(#3519,#3520,#3521,#3522));
#441=EDGE_LOOP('',(#3523,#3524,#3525,#3526));
#442=EDGE_LOOP('',(#3527,#3528,#3529,#3530));
#443=EDGE_LOOP('',(#3531,#3532,#3533,#3534));
#444=EDGE_LOOP('',(#3535,#3536,#3537,#3538));
#445=EDGE_LOOP('',(#3539,#3540,#3541,#3542));
#446=EDGE_LOOP('',(#3543,#3544,#3545,#3546));
#447=EDGE_LOOP('',(#3547,#3548,#3549,#3550));
#448=EDGE_LOOP('',(#3551,#3552,#3553,#3554));
#449=EDGE_LOOP('',(#3555,#3556,#3557,#3558));
#450=EDGE_LOOP('',(#3559,#3560,#3561,#3562));
#451=EDGE_LOOP('',(#3563,#3564,#3565,#3566));
#452=EDGE_LOOP('',(#3567,#3568,#3569,#3570));
#453=EDGE_LOOP('',(#3571,#3572,#3573,#3574));
#454=EDGE_LOOP('',(#3575,#3576,#3577,#3578));
#455=EDGE_LOOP('',(#3579,#3580,#3581,#3582));
#456=EDGE_LOOP('',(#3583,#3584,#3585,#3586));
#457=EDGE_LOOP('',(#3587,#3588,#3589,#3590));
#458=EDGE_LOOP('',(#3591,#3592,#3593,#3594));
#459=EDGE_LOOP('',(#3595,#3596,#3597,#3598));
#460=EDGE_LOOP('',(#3599,#3600,#3601,#3602));
#461=EDGE_LOOP('',(#3603,#3604,#3605,#3606));
#462=EDGE_LOOP('',(#3607,#3608,#3609,#3610));
#463=EDGE_LOOP('',(#3611,#3612,#3613,#3614));
#464=EDGE_LOOP('',(#3615,#3616,#3617,#3618));
#465=EDGE_LOOP('',(#3619,#3620,#3621,#3622));
#466=EDGE_LOOP('',(#3623,#3624,#3625,#3626));
#467=EDGE_LOOP('',(#3627,#3628,#3629,#3630));
#468=EDGE_LOOP('',(#3631,#3632,#3633,#3634));
#469=EDGE_LOOP('',(#3635,#3636,#3637,#3638));
#470=EDGE_LOOP('',(#3639,#3640,#3641,#3642));
#471=EDGE_LOOP('',(#3643,#3644,#3645,#3646));
#472=EDGE_LOOP('',(#3647,#3648,#3649,#3650));
#473=EDGE_LOOP('',(#3651,#3652,#3653,#3654,#3655,#3656));
#474=EDGE_LOOP('',(#3657,#3658,#3659,#3660));
#475=EDGE_LOOP('',(#3661,#3662,#3663,#3664,#3665,#3666));
#476=EDGE_LOOP('',(#3667,#3668,#3669,#3670));
#477=EDGE_LOOP('',(#3671,#3672,#3673,#3674));
#478=EDGE_LOOP('',(#3675,#3676,#3677,#3678));
#479=EDGE_LOOP('',(#3679,#3680,#3681,#3682));
#480=EDGE_LOOP('',(#3683,#3684,#3685,#3686));
#481=EDGE_LOOP('',(#3687,#3688,#3689,#3690,#3691,#3692));
#482=EDGE_LOOP('',(#3693,#3694,#3695,#3696));
#483=EDGE_LOOP('',(#3697,#3698,#3699,#3700,#3701,#3702));
#484=EDGE_LOOP('',(#3703,#3704,#3705,#3706));
#485=EDGE_LOOP('',(#3707,#3708,#3709,#3710));
#486=EDGE_LOOP('',(#3711,#3712,#3713,#3714));
#487=EDGE_LOOP('',(#3715,#3716,#3717,#3718));
#488=EDGE_LOOP('',(#3719,#3720,#3721,#3722));
#489=EDGE_LOOP('',(#3723,#3724,#3725,#3726,#3727,#3728,#3729,#3730,#3731,
#3732,#3733,#3734));
#490=EDGE_LOOP('',(#3735,#3736,#3737,#3738,#3739,#3740,#3741,#3742,#3743,
#3744,#3745,#3746,#3747,#3748,#3749,#3750,#3751,#3752,#3753,#3754,#3755,
#3756,#3757,#3758,#3759,#3760,#3761,#3762,#3763,#3764,#3765,#3766,#3767,
#3768,#3769,#3770,#3771,#3772,#3773,#3774,#3775,#3776,#3777,#3778,#3779,
#3780,#3781,#3782,#3783,#3784,#3785,#3786,#3787,#3788,#3789,#3790,#3791,
#3792,#3793,#3794,#3795,#3796,#3797,#3798,#3799,#3800,#3801,#3802,#3803,
#3804,#3805,#3806,#3807,#3808,#3809,#3810,#3811,#3812));
#491=EDGE_LOOP('',(#3813,#3814,#3815,#3816));
#492=EDGE_LOOP('',(#3817,#3818,#3819,#3820));
#493=EDGE_LOOP('',(#3821,#3822,#3823,#3824));
#494=EDGE_LOOP('',(#3825,#3826,#3827,#3828));
#495=EDGE_LOOP('',(#3829,#3830,#3831,#3832));
#496=EDGE_LOOP('',(#3833,#3834,#3835,#3836));
#497=EDGE_LOOP('',(#3837,#3838,#3839,#3840));
#498=EDGE_LOOP('',(#3841,#3842,#3843,#3844));
#499=EDGE_LOOP('',(#3845,#3846,#3847,#3848));
#500=EDGE_LOOP('',(#3849,#3850,#3851,#3852));
#501=EDGE_LOOP('',(#3853,#3854,#3855,#3856));
#502=EDGE_LOOP('',(#3857,#3858,#3859,#3860));
#503=EDGE_LOOP('',(#3861,#3862,#3863,#3864));
#504=EDGE_LOOP('',(#3865,#3866,#3867,#3868));
#505=EDGE_LOOP('',(#3869,#3870,#3871,#3872));
#506=EDGE_LOOP('',(#3873,#3874,#3875,#3876));
#507=EDGE_LOOP('',(#3877,#3878,#3879,#3880));
#508=EDGE_LOOP('',(#3881,#3882,#3883,#3884));
#509=EDGE_LOOP('',(#3885,#3886,#3887,#3888,#3889,#3890));
#510=EDGE_LOOP('',(#3891,#3892,#3893,#3894,#3895));
#511=EDGE_LOOP('',(#3896,#3897,#3898,#3899));
#512=EDGE_LOOP('',(#3900,#3901,#3902,#3903,#3904));
#513=EDGE_LOOP('',(#3905,#3906,#3907,#3908));
#514=EDGE_LOOP('',(#3909,#3910,#3911,#3912,#3913,#3914));
#515=EDGE_LOOP('',(#3915,#3916,#3917,#3918));
#516=EDGE_LOOP('',(#3919,#3920,#3921,#3922,#3923,#3924,#3925,#3926));
#517=EDGE_LOOP('',(#3927,#3928,#3929,#3930,#3931,#3932));
#518=EDGE_LOOP('',(#3933,#3934,#3935,#3936,#3937,#3938,#3939,#3940,#3941,
#3942,#3943,#3944));
#519=EDGE_LOOP('',(#3945,#3946,#3947,#3948));
#520=EDGE_LOOP('',(#3949,#3950,#3951,#3952,#3953,#3954,#3955,#3956,#3957,
#3958,#3959,#3960,#3961,#3962,#3963,#3964,#3965));
#521=EDGE_LOOP('',(#3966,#3967,#3968,#3969,#3970,#3971,#3972,#3973,#3974,
#3975,#3976,#3977,#3978,#3979,#3980,#3981,#3982));
#522=EDGE_LOOP('',(#3983,#3984,#3985,#3986));
#523=EDGE_LOOP('',(#3987,#3988,#3989,#3990,#3991,#3992,#3993,#3994,#3995,
#3996,#3997,#3998,#3999,#4000,#4001,#4002,#4003));
#524=EDGE_LOOP('',(#4004,#4005,#4006,#4007,#4008,#4009,#4010,#4011,#4012,
#4013,#4014,#4015,#4016,#4017,#4018,#4019,#4020));
#525=EDGE_LOOP('',(#4021,#4022,#4023,#4024));
#526=EDGE_LOOP('',(#4025,#4026,#4027,#4028,#4029,#4030,#4031,#4032,#4033,
#4034,#4035,#4036,#4037,#4038,#4039,#4040,#4041));
#527=EDGE_LOOP('',(#4042,#4043,#4044,#4045,#4046,#4047,#4048,#4049,#4050,
#4051,#4052,#4053,#4054,#4055,#4056,#4057,#4058));
#528=EDGE_LOOP('',(#4059,#4060,#4061,#4062));
#529=EDGE_LOOP('',(#4063,#4064,#4065,#4066,#4067,#4068,#4069,#4070,#4071,
#4072,#4073,#4074,#4075,#4076,#4077,#4078,#4079));
#530=EDGE_LOOP('',(#4080,#4081,#4082,#4083,#4084,#4085,#4086,#4087,#4088,
#4089,#4090,#4091,#4092,#4093,#4094,#4095,#4096));
#531=EDGE_LOOP('',(#4097));
#532=EDGE_LOOP('',(#4098,#4099,#4100,#4101));
#533=EDGE_LOOP('',(#4102));
#534=EDGE_LOOP('',(#4103,#4104,#4105,#4106));
#535=EDGE_LOOP('',(#4107));
#536=EDGE_LOOP('',(#4108,#4109,#4110,#4111));
#537=EDGE_LOOP('',(#4112));
#538=EDGE_LOOP('',(#4113,#4114,#4115,#4116));
#539=EDGE_LOOP('',(#4117,#4118,#4119,#4120));
#540=EDGE_LOOP('',(#4121,#4122,#4123,#4124));
#541=EDGE_LOOP('',(#4125,#4126,#4127));
#542=EDGE_LOOP('',(#4128,#4129,#4130,#4131,#4132,#4133,#4134,#4135,#4136,
#4137,#4138,#4139,#4140,#4141,#4142,#4143,#4144,#4145,#4146,#4147));
#543=EDGE_LOOP('',(#4148,#4149,#4150,#4151));
#544=EDGE_LOOP('',(#4152,#4153,#4154,#4155));
#545=EDGE_LOOP('',(#4156,#4157,#4158));
#546=EDGE_LOOP('',(#4159,#4160,#4161,#4162));
#547=EDGE_LOOP('',(#4163,#4164,#4165,#4166));
#548=EDGE_LOOP('',(#4167,#4168,#4169,#4170));
#549=EDGE_LOOP('',(#4171,#4172,#4173));
#550=EDGE_LOOP('',(#4174,#4175,#4176,#4177));
#551=EDGE_LOOP('',(#4178,#4179,#4180,#4181,#4182,#4183,#4184,#4185));
#552=EDGE_LOOP('',(#4186,#4187,#4188,#4189,#4190,#4191,#4192,#4193));
#553=EDGE_LOOP('',(#4194,#4195,#4196,#4197));
#554=EDGE_LOOP('',(#4198,#4199,#4200,#4201));
#555=EDGE_LOOP('',(#4202,#4203,#4204));
#556=EDGE_LOOP('',(#4205,#4206,#4207,#4208));
#557=EDGE_LOOP('',(#4209,#4210,#4211,#4212,#4213,#4214));
#558=EDGE_LOOP('',(#4215,#4216,#4217,#4218));
#559=EDGE_LOOP('',(#4219,#4220,#4221,#4222,#4223,#4224));
#560=EDGE_LOOP('',(#4225,#4226,#4227,#4228,#4229,#4230));
#561=EDGE_LOOP('',(#4231,#4232,#4233,#4234,#4235,#4236));
#562=EDGE_LOOP('',(#4237,#4238,#4239,#4240,#4241,#4242,#4243,#4244,#4245,
#4246,#4247,#4248,#4249,#4250,#4251,#4252,#4253,#4254,#4255,#4256,#4257,
#4258,#4259,#4260,#4261,#4262,#4263,#4264,#4265,#4266,#4267,#4268,#4269,
#4270,#4271,#4272,#4273,#4274));
#563=EDGE_LOOP('',(#4275,#4276,#4277,#4278,#4279,#4280,#4281,#4282,#4283,
#4284,#4285,#4286,#4287,#4288,#4289,#4290,#4291,#4292,#4293,#4294,#4295,
#4296,#4297,#4298,#4299,#4300,#4301,#4302,#4303,#4304,#4305,#4306));
#564=EDGE_LOOP('',(#4307));
#565=EDGE_LOOP('',(#4308));
#566=EDGE_LOOP('',(#4309));
#567=EDGE_LOOP('',(#4310));
#568=EDGE_LOOP('',(#4311,#4312,#4313,#4314));
#569=EDGE_LOOP('',(#4315,#4316,#4317,#4318));
#570=EDGE_LOOP('',(#4319,#4320,#4321,#4322));
#571=EDGE_LOOP('',(#4323,#4324,#4325,#4326));
#572=EDGE_LOOP('',(#4327,#4328,#4329,#4330));
#573=EDGE_LOOP('',(#4331,#4332,#4333,#4334));
#574=EDGE_LOOP('',(#4335,#4336,#4337,#4338));
#575=EDGE_LOOP('',(#4339,#4340,#4341,#4342));
#576=EDGE_LOOP('',(#4343,#4344,#4345,#4346));
#577=EDGE_LOOP('',(#4347,#4348,#4349,#4350));
#578=EDGE_LOOP('',(#4351,#4352,#4353,#4354));
#579=EDGE_LOOP('',(#4355,#4356,#4357,#4358));
#580=EDGE_LOOP('',(#4359,#4360,#4361,#4362));
#581=EDGE_LOOP('',(#4363,#4364,#4365,#4366));
#582=EDGE_LOOP('',(#4367,#4368,#4369,#4370));
#583=EDGE_LOOP('',(#4371,#4372,#4373,#4374));
#584=EDGE_LOOP('',(#4375,#4376,#4377,#4378));
#585=EDGE_LOOP('',(#4379,#4380,#4381,#4382));
#586=EDGE_LOOP('',(#4383,#4384,#4385,#4386));
#587=EDGE_LOOP('',(#4387,#4388,#4389,#4390));
#588=EDGE_LOOP('',(#4391,#4392,#4393,#4394));
#589=EDGE_LOOP('',(#4395,#4396,#4397,#4398));
#590=EDGE_LOOP('',(#4399,#4400,#4401,#4402));
#591=EDGE_LOOP('',(#4403,#4404,#4405,#4406));
#592=EDGE_LOOP('',(#4407,#4408,#4409,#4410));
#593=EDGE_LOOP('',(#4411,#4412,#4413,#4414));
#594=EDGE_LOOP('',(#4415,#4416,#4417,#4418));
#595=EDGE_LOOP('',(#4419,#4420,#4421,#4422));
#596=EDGE_LOOP('',(#4423,#4424,#4425,#4426));
#597=EDGE_LOOP('',(#4427,#4428,#4429,#4430));
#598=EDGE_LOOP('',(#4431,#4432,#4433,#4434));
#599=EDGE_LOOP('',(#4435,#4436,#4437,#4438,#4439,#4440,#4441,#4442,#4443,
#4444,#4445,#4446,#4447,#4448,#4449,#4450,#4451,#4452,#4453,#4454,#4455,
#4456,#4457,#4458,#4459,#4460,#4461,#4462,#4463,#4464,#4465,#4466));
#600=EDGE_LOOP('',(#4467,#4468,#4469,#4470,#4471,#4472,#4473,#4474,#4475,
#4476,#4477,#4478,#4479,#4480,#4481,#4482,#4483,#4484,#4485,#4486,#4487,
#4488,#4489,#4490,#4491,#4492,#4493,#4494,#4495,#4496,#4497,#4498));
#601=EDGE_LOOP('',(#4499,#4500,#4501,#4502));
#602=EDGE_LOOP('',(#4503,#4504,#4505,#4506));
#603=EDGE_LOOP('',(#4507,#4508,#4509,#4510));
#604=EDGE_LOOP('',(#4511,#4512,#4513,#4514));
#605=EDGE_LOOP('',(#4515,#4516,#4517,#4518));
#606=EDGE_LOOP('',(#4519,#4520,#4521,#4522));
#607=EDGE_LOOP('',(#4523,#4524,#4525,#4526));
#608=EDGE_LOOP('',(#4527,#4528,#4529,#4530));
#609=EDGE_LOOP('',(#4531,#4532,#4533,#4534));
#610=EDGE_LOOP('',(#4535,#4536,#4537,#4538));
#611=EDGE_LOOP('',(#4539,#4540,#4541,#4542));
#612=EDGE_LOOP('',(#4543,#4544,#4545,#4546));
#613=EDGE_LOOP('',(#4547,#4548,#4549,#4550));
#614=EDGE_LOOP('',(#4551,#4552,#4553,#4554));
#615=EDGE_LOOP('',(#4555,#4556,#4557,#4558));
#616=EDGE_LOOP('',(#4559,#4560,#4561,#4562));
#617=EDGE_LOOP('',(#4563,#4564,#4565,#4566));
#618=EDGE_LOOP('',(#4567,#4568,#4569,#4570));
#619=EDGE_LOOP('',(#4571,#4572,#4573,#4574));
#620=EDGE_LOOP('',(#4575,#4576,#4577,#4578));
#621=EDGE_LOOP('',(#4579,#4580,#4581,#4582));
#622=EDGE_LOOP('',(#4583,#4584,#4585,#4586));
#623=EDGE_LOOP('',(#4587,#4588,#4589,#4590));
#624=EDGE_LOOP('',(#4591,#4592,#4593,#4594));
#625=EDGE_LOOP('',(#4595,#4596,#4597,#4598));
#626=EDGE_LOOP('',(#4599,#4600,#4601,#4602));
#627=EDGE_LOOP('',(#4603,#4604,#4605,#4606));
#628=EDGE_LOOP('',(#4607,#4608,#4609,#4610));
#629=EDGE_LOOP('',(#4611,#4612,#4613,#4614));
#630=EDGE_LOOP('',(#4615,#4616,#4617,#4618));
#631=EDGE_LOOP('',(#4619,#4620,#4621,#4622));
#632=EDGE_LOOP('',(#4623,#4624,#4625,#4626));
#633=EDGE_LOOP('',(#4627,#4628,#4629,#4630));
#634=EDGE_LOOP('',(#4631,#4632,#4633,#4634));
#635=EDGE_LOOP('',(#4635,#4636,#4637,#4638));
#636=EDGE_LOOP('',(#4639,#4640,#4641,#4642));
#637=EDGE_LOOP('',(#4643,#4644,#4645,#4646));
#638=EDGE_LOOP('',(#4647,#4648,#4649,#4650));
#639=EDGE_LOOP('',(#4651,#4652,#4653,#4654));
#640=EDGE_LOOP('',(#4655,#4656,#4657,#4658));
#641=EDGE_LOOP('',(#4659,#4660,#4661,#4662));
#642=EDGE_LOOP('',(#4663,#4664,#4665,#4666));
#643=EDGE_LOOP('',(#4667,#4668,#4669,#4670));
#644=EDGE_LOOP('',(#4671,#4672,#4673,#4674));
#645=EDGE_LOOP('',(#4675,#4676,#4677,#4678));
#646=EDGE_LOOP('',(#4679,#4680,#4681,#4682));
#647=EDGE_LOOP('',(#4683,#4684,#4685,#4686));
#648=EDGE_LOOP('',(#4687,#4688,#4689,#4690));
#649=EDGE_LOOP('',(#4691,#4692,#4693,#4694));
#650=EDGE_LOOP('',(#4695,#4696,#4697,#4698));
#651=EDGE_LOOP('',(#4699,#4700,#4701,#4702));
#652=EDGE_LOOP('',(#4703,#4704,#4705,#4706));
#653=EDGE_LOOP('',(#4707,#4708,#4709,#4710));
#654=EDGE_LOOP('',(#4711,#4712,#4713,#4714));
#655=EDGE_LOOP('',(#4715,#4716,#4717,#4718));
#656=EDGE_LOOP('',(#4719,#4720,#4721,#4722));
#657=EDGE_LOOP('',(#4723,#4724,#4725,#4726));
#658=EDGE_LOOP('',(#4727,#4728,#4729,#4730));
#659=EDGE_LOOP('',(#4731,#4732,#4733,#4734));
#660=EDGE_LOOP('',(#4735,#4736,#4737,#4738));
#661=EDGE_LOOP('',(#4739,#4740,#4741,#4742));
#662=EDGE_LOOP('',(#4743,#4744,#4745,#4746));
#663=EDGE_LOOP('',(#4747,#4748,#4749,#4750));
#664=EDGE_LOOP('',(#4751,#4752,#4753,#4754));
#665=EDGE_LOOP('',(#4755,#4756,#4757,#4758));
#666=EDGE_LOOP('',(#4759,#4760,#4761,#4762));
#667=EDGE_LOOP('',(#4763,#4764,#4765,#4766));
#668=EDGE_LOOP('',(#4767,#4768,#4769,#4770));
#669=EDGE_LOOP('',(#4771,#4772,#4773,#4774));
#670=EDGE_LOOP('',(#4775,#4776,#4777,#4778));
#671=EDGE_LOOP('',(#4779,#4780,#4781,#4782));
#672=EDGE_LOOP('',(#4783,#4784,#4785,#4786,#4787,#4788,#4789,#4790));
#673=EDGE_LOOP('',(#4791,#4792,#4793,#4794,#4795,#4796));
#674=EDGE_LOOP('',(#4797,#4798,#4799,#4800));
#675=EDGE_LOOP('',(#4801,#4802,#4803,#4804));
#676=EDGE_LOOP('',(#4805,#4806,#4807,#4808));
#677=EDGE_LOOP('',(#4809,#4810,#4811,#4812));
#678=EDGE_LOOP('',(#4813,#4814,#4815,#4816,#4817,#4818,#4819,#4820,#4821,
#4822,#4823,#4824,#4825,#4826,#4827,#4828,#4829,#4830,#4831,#4832,#4833,
#4834,#4835,#4836,#4837,#4838,#4839));
#679=EDGE_LOOP('',(#4840,#4841,#4842,#4843,#4844,#4845,#4846,#4847,#4848,
#4849,#4850,#4851,#4852,#4853,#4854,#4855,#4856,#4857,#4858,#4859,#4860,
#4861,#4862,#4863,#4864,#4865,#4866,#4867,#4868,#4869,#4870,#4871));
#680=EDGE_LOOP('',(#4872,#4873,#4874,#4875));
#681=EDGE_LOOP('',(#4876,#4877,#4878,#4879));
#682=EDGE_LOOP('',(#4880,#4881,#4882,#4883));
#683=EDGE_LOOP('',(#4884,#4885,#4886,#4887));
#684=EDGE_LOOP('',(#4888,#4889,#4890,#4891));
#685=EDGE_LOOP('',(#4892,#4893,#4894,#4895));
#686=EDGE_LOOP('',(#4896,#4897,#4898,#4899));
#687=EDGE_LOOP('',(#4900,#4901,#4902,#4903));
#688=EDGE_LOOP('',(#4904,#4905,#4906,#4907));
#689=EDGE_LOOP('',(#4908,#4909,#4910,#4911));
#690=EDGE_LOOP('',(#4912,#4913,#4914,#4915));
#691=EDGE_LOOP('',(#4916,#4917,#4918,#4919));
#692=EDGE_LOOP('',(#4920,#4921,#4922,#4923));
#693=EDGE_LOOP('',(#4924,#4925,#4926,#4927));
#694=EDGE_LOOP('',(#4928,#4929,#4930,#4931));
#695=EDGE_LOOP('',(#4932,#4933,#4934,#4935));
#696=EDGE_LOOP('',(#4936,#4937,#4938,#4939));
#697=EDGE_LOOP('',(#4940,#4941,#4942,#4943,#4944,#4945,#4946,#4947));
#698=EDGE_LOOP('',(#4948,#4949,#4950,#4951,#4952,#4953,#4954,#4955));
#699=EDGE_LOOP('',(#4956,#4957,#4958,#4959));
#700=EDGE_LOOP('',(#4960,#4961,#4962,#4963));
#701=EDGE_LOOP('',(#4964,#4965,#4966,#4967));
#702=EDGE_LOOP('',(#4968,#4969,#4970,#4971));
#703=EDGE_LOOP('',(#4972,#4973,#4974,#4975));
#704=EDGE_LOOP('',(#4976,#4977,#4978,#4979));
#705=EDGE_LOOP('',(#4980,#4981,#4982,#4983));
#706=EDGE_LOOP('',(#4984,#4985,#4986,#4987));
#707=EDGE_LOOP('',(#4988,#4989,#4990,#4991));
#708=EDGE_LOOP('',(#4992,#4993,#4994,#4995));
#709=EDGE_LOOP('',(#4996,#4997,#4998,#4999));
#710=EDGE_LOOP('',(#5000,#5001,#5002,#5003));
#711=EDGE_LOOP('',(#5004,#5005,#5006,#5007));
#712=EDGE_LOOP('',(#5008,#5009,#5010,#5011));
#713=EDGE_LOOP('',(#5012,#5013,#5014,#5015));
#714=EDGE_LOOP('',(#5016,#5017,#5018,#5019));
#715=EDGE_LOOP('',(#5020,#5021,#5022,#5023));
#716=EDGE_LOOP('',(#5024,#5025,#5026,#5027));
#717=EDGE_LOOP('',(#5028,#5029,#5030,#5031));
#718=EDGE_LOOP('',(#5032,#5033,#5034,#5035));
#719=EDGE_LOOP('',(#5036,#5037,#5038,#5039));
#720=EDGE_LOOP('',(#5040,#5041,#5042,#5043));
#721=EDGE_LOOP('',(#5044,#5045,#5046,#5047));
#722=EDGE_LOOP('',(#5048,#5049,#5050,#5051,#5052,#5053,#5054,#5055,#5056,
#5057,#5058,#5059,#5060,#5061,#5062,#5063,#5064,#5065,#5066,#5067,#5068,
#5069,#5070,#5071,#5072,#5073,#5074));
#723=EDGE_LOOP('',(#5075,#5076,#5077,#5078,#5079,#5080,#5081,#5082,#5083,
#5084,#5085,#5086,#5087,#5088,#5089,#5090,#5091,#5092,#5093,#5094,#5095,
#5096,#5097,#5098,#5099,#5100,#5101,#5102,#5103,#5104,#5105,#5106));
#724=EDGE_LOOP('',(#5107,#5108,#5109,#5110));
#725=EDGE_LOOP('',(#5111,#5112,#5113,#5114));
#726=EDGE_LOOP('',(#5115,#5116,#5117,#5118));
#727=EDGE_LOOP('',(#5119,#5120,#5121,#5122));
#728=EDGE_LOOP('',(#5123,#5124,#5125,#5126));
#729=EDGE_LOOP('',(#5127,#5128,#5129,#5130,#5131,#5132,#5133,#5134));
#730=EDGE_LOOP('',(#5135,#5136,#5137,#5138,#5139,#5140,#5141,#5142));
#731=EDGE_LOOP('',(#5143,#5144,#5145,#5146));
#732=EDGE_LOOP('',(#5147,#5148,#5149,#5150));
#733=EDGE_LOOP('',(#5151,#5152,#5153,#5154));
#734=EDGE_LOOP('',(#5155,#5156,#5157,#5158));
#735=EDGE_LOOP('',(#5159,#5160,#5161,#5162));
#736=EDGE_LOOP('',(#5163,#5164,#5165,#5166,#5167,#5168,#5169,#5170));
#737=EDGE_LOOP('',(#5171,#5172,#5173,#5174));
#738=EDGE_LOOP('',(#5175,#5176,#5177,#5178));
#739=CIRCLE('',#5706,1.03775);
#740=CIRCLE('',#5712,1.03775);
#741=CIRCLE('',#5714,1.03775);
#742=CIRCLE('',#5720,1.03775);
#743=CIRCLE('',#5722,1.03775);
#744=CIRCLE('',#5728,1.03775);
#745=CIRCLE('',#5730,1.03775);
#746=CIRCLE('',#5736,1.03775);
#747=CIRCLE('',#5738,1.29);
#748=CIRCLE('',#5745,1.29);
#749=CIRCLE('',#5747,1.29);
#750=CIRCLE('',#5754,1.29);
#751=CIRCLE('',#5756,1.29);
#752=CIRCLE('',#5763,1.29);
#753=CIRCLE('',#5765,1.29);
#754=CIRCLE('',#5772,1.29);
#755=CIRCLE('',#5774,1.70000000000002);
#756=CIRCLE('',#5775,1.70000000000002);
#757=CIRCLE('',#5776,1.70000000000002);
#758=CIRCLE('',#5779,1.70000000000003);
#759=CIRCLE('',#5780,1.70000000000003);
#760=CIRCLE('',#5781,1.70000000000003);
#761=CIRCLE('',#5784,1.70000000000002);
#762=CIRCLE('',#5785,1.70000000000002);
#763=CIRCLE('',#5789,1.699999999999);
#764=CIRCLE('',#5790,1.699999999999);
#765=CIRCLE('',#5792,1.70000000000002);
#766=CIRCLE('',#5793,1.70000000000002);
#767=CIRCLE('',#5794,1.70000000000002);
#768=CIRCLE('',#5797,1.70000000000003);
#769=CIRCLE('',#5798,1.70000000000003);
#770=CIRCLE('',#5799,1.70000000000003);
#771=CIRCLE('',#5802,1.70000000000002);
#772=CIRCLE('',#5803,1.70000000000002);
#773=CIRCLE('',#5807,1.699999999999);
#774=CIRCLE('',#5808,1.699999999999);
#775=CIRCLE('',#5811,236.977766615816);
#776=CIRCLE('',#5812,39.7389863490861);
#777=CIRCLE('',#5813,41.0663998676448);
#778=CIRCLE('',#5814,25.9606050820737);
#779=CIRCLE('',#5815,33.2940250226957);
#780=CIRCLE('',#5816,31.808441422158);
#781=CIRCLE('',#5817,31.758310066888);
#782=CIRCLE('',#5818,33.1039181708054);
#783=CIRCLE('',#5819,304.156993472686);
#784=CIRCLE('',#5820,295.290269247771);
#785=CIRCLE('',#5821,53.494016233792);
#786=CIRCLE('',#5822,53.2655644381523);
#787=CIRCLE('',#5823,20.4587918636275);
#788=CIRCLE('',#5824,42.2922986001656);
#789=CIRCLE('',#5825,27.796188955193);
#790=CIRCLE('',#5826,27.1730362253039);
#791=CIRCLE('',#5827,38.5903431022031);
#792=CIRCLE('',#5828,46.9354579217658);
#793=CIRCLE('',#5829,25.1964537582611);
#794=CIRCLE('',#5830,24.8458574031879);
#795=CIRCLE('',#5831,44.4498637564538);
#796=CIRCLE('',#5832,29.0660837078842);
#797=CIRCLE('',#5833,33.0429610920601);
#798=CIRCLE('',#5834,34.972876856911);
#799=CIRCLE('',#5835,35.672876856911);
#800=CIRCLE('',#5836,33.7429610920685);
#801=CIRCLE('',#5837,29.7660837078826);
#802=CIRCLE('',#5838,45.1498637564527);
#803=CIRCLE('',#5839,25.5458574031856);
#804=CIRCLE('',#5840,25.8964537582652);
#805=CIRCLE('',#5841,47.6354579217658);
#806=CIRCLE('',#5842,39.2903431022071);
#807=CIRCLE('',#5843,27.873036225302);
#808=CIRCLE('',#5844,28.4961889551929);
#809=CIRCLE('',#5845,42.9922986001653);
#810=CIRCLE('',#5846,21.1587918636251);
#811=CIRCLE('',#5847,53.9655644381533);
#812=CIRCLE('',#5848,303.456993472093);
#813=CIRCLE('',#5849,33.8039181708056);
#814=CIRCLE('',#5850,32.4583100668837);
#815=CIRCLE('',#5851,32.5084414221604);
#816=CIRCLE('',#5852,33.9940250226955);
#817=CIRCLE('',#5853,26.6606050820702);
#818=CIRCLE('',#5854,41.7663998676506);
#819=CIRCLE('',#5855,40.4389863490851);
#820=CIRCLE('',#5856,236.277766620904);
#821=CIRCLE('',#5860,2.74999999999999);
#822=CIRCLE('',#5861,2.74999999999999);
#823=CIRCLE('',#5864,2.75);
#824=CIRCLE('',#5865,2.75);
#825=CIRCLE('',#5868,2.75);
#826=CIRCLE('',#5869,2.75);
#827=CIRCLE('',#5872,2.74999999999999);
#828=CIRCLE('',#5873,2.74999999999999);
#829=CIRCLE('',#5876,2.75);
#830=CIRCLE('',#5877,2.75);
#831=CIRCLE('',#5880,2.74999999999999);
#832=CIRCLE('',#5881,2.74999999999999);
#833=CIRCLE('',#5884,2.74999999999999);
#834=CIRCLE('',#5885,2.74999999999999);
#835=CIRCLE('',#5888,2.75);
#836=CIRCLE('',#5889,2.75);
#837=CIRCLE('',#5891,31.808441422158);
#838=CIRCLE('',#5892,34.308441422158);
#839=CIRCLE('',#5896,31.808441422158);
#840=CIRCLE('',#5897,34.308441422158);
#841=CIRCLE('',#5899,33.2940250226957);
#842=CIRCLE('',#5902,34.308441422158);
#843=CIRCLE('',#5903,34.308441422158);
#844=CIRCLE('',#5909,4.);
#845=CIRCLE('',#5911,4.);
#846=CIRCLE('',#5913,4.);
#847=CIRCLE('',#5915,4.);
#848=CIRCLE('',#5919,2.5);
#849=CIRCLE('',#5924,2.5);
#850=CIRCLE('',#5929,2.5);
#851=CIRCLE('',#5934,2.5);
#852=CIRCLE('',#5937,2.5);
#853=CIRCLE('',#5940,2.5);
#854=CIRCLE('',#5942,2.5);
#855=CIRCLE('',#5944,2.5);
#856=CIRCLE('',#5946,304.156993472686);
#857=CIRCLE('',#5947,33.1039181708054);
#858=CIRCLE('',#5948,31.758310066888);
#859=CIRCLE('',#5949,31.808441422158);
#860=CIRCLE('',#5950,25.9606050820737);
#861=CIRCLE('',#5951,41.0663998676448);
#862=CIRCLE('',#5952,39.7389863490861);
#863=CIRCLE('',#5953,236.977766615816);
#864=CIRCLE('',#5954,34.972876856911);
#865=CIRCLE('',#5955,33.0429610920601);
#866=CIRCLE('',#5956,29.0660837078842);
#867=CIRCLE('',#5957,44.4498637564538);
#868=CIRCLE('',#5958,24.8458574031879);
#869=CIRCLE('',#5959,25.1964537582611);
#870=CIRCLE('',#5960,46.9354579217658);
#871=CIRCLE('',#5961,38.5903431022031);
#872=CIRCLE('',#5962,27.1730362253039);
#873=CIRCLE('',#5963,27.796188955193);
#874=CIRCLE('',#5964,42.2922986001656);
#875=CIRCLE('',#5965,20.4587918636275);
#876=CIRCLE('',#5966,53.2655644381523);
#877=CIRCLE('',#5967,53.494016233792);
#878=CIRCLE('',#5968,295.290269247771);
#879=CIRCLE('',#5969,16.131736998769);
#880=CIRCLE('',#5970,17.4567416184883);
#881=CIRCLE('',#5971,15.2100327533645);
#882=CIRCLE('',#5972,15.4478399046101);
#883=CIRCLE('',#5973,18.5658288155316);
#884=CIRCLE('',#5974,18.427193816959);
#885=CIRCLE('',#5975,14.0586188589594);
#886=CIRCLE('',#5976,14.4143732603537);
#887=CIRCLE('',#5977,20.2916103999081);
#888=CIRCLE('',#5978,18.6729224643433);
#889=CIRCLE('',#5979,13.8495067279704);
#890=CIRCLE('',#5980,14.1471151960055);
#891=CIRCLE('',#5981,20.2562352555409);
#892=CIRCLE('',#5982,20.4000699812598);
#893=CIRCLE('',#5983,12.2070857111827);
#894=CIRCLE('',#5984,12.6115485358827);
#895=CIRCLE('',#5985,22.8728831119679);
#896=CIRCLE('',#5986,23.5336576488586);
#897=CIRCLE('',#5987,13.8178690268043);
#898=CIRCLE('',#5988,12.8971765518171);
#899=CIRCLE('',#5989,18.2641856921788);
#900=CIRCLE('',#5990,18.694299862048);
#901=CIRCLE('',#5991,14.5770439188654);
#902=CIRCLE('',#5992,14.6294581438709);
#903=CIRCLE('',#5993,18.9568656383936);
#904=CIRCLE('',#5994,22.4614871659153);
#905=CIRCLE('',#5995,14.15667968495);
#906=CIRCLE('',#5996,13.4416973360941);
#907=CIRCLE('',#5997,18.32145430806);
#908=CIRCLE('',#5998,16.1973009090847);
#909=CIRCLE('',#5999,16.6448619056);
#910=CIRCLE('',#6000,16.6297656412038);
#911=CIRCLE('',#6001,4.);
#912=CIRCLE('',#6002,4.);
#913=CIRCLE('',#6003,4.);
#914=CIRCLE('',#6004,4.);
#915=CIRCLE('',#6006,33.7429610920685);
#916=CIRCLE('',#6008,29.7660837078826);
#917=CIRCLE('',#6010,45.1498637564527);
#918=CIRCLE('',#6012,25.5458574031856);
#919=CIRCLE('',#6014,25.8964537582652);
#920=CIRCLE('',#6016,47.6354579217658);
#921=CIRCLE('',#6018,39.2903431022071);
#922=CIRCLE('',#6020,27.873036225302);
#923=CIRCLE('',#6022,28.4961889551929);
#924=CIRCLE('',#6024,42.9922986001653);
#925=CIRCLE('',#6026,21.1587918636251);
#926=CIRCLE('',#6028,53.9655644381533);
#927=CIRCLE('',#6035,303.456993472093);
#928=CIRCLE('',#6037,33.8039181708056);
#929=CIRCLE('',#6039,32.4583100668837);
#930=CIRCLE('',#6041,32.5084414221604);
#931=CIRCLE('',#6043,33.9940250226955);
#932=CIRCLE('',#6045,26.6606050820702);
#933=CIRCLE('',#6047,41.7663998676506);
#934=CIRCLE('',#6049,40.4389863490851);
#935=CIRCLE('',#6051,236.277766620904);
#936=CIRCLE('',#6057,35.672876856911);
#937=CIRCLE('',#6059,22.8728831119679);
#938=CIRCLE('',#6060,12.6115485358827);
#939=CIRCLE('',#6061,12.2070857111827);
#940=CIRCLE('',#6062,20.4000699812598);
#941=CIRCLE('',#6063,20.2562352555409);
#942=CIRCLE('',#6064,14.1471151960055);
#943=CIRCLE('',#6065,13.8495067279704);
#944=CIRCLE('',#6066,18.6729224643433);
#945=CIRCLE('',#6067,20.2916103999081);
#946=CIRCLE('',#6068,14.4143732603537);
#947=CIRCLE('',#6069,14.0586188589594);
#948=CIRCLE('',#6070,18.427193816959);
#949=CIRCLE('',#6071,18.5658288155316);
#950=CIRCLE('',#6072,15.4478399046101);
#951=CIRCLE('',#6073,15.2100327533645);
#952=CIRCLE('',#6074,17.4567416184883);
#953=CIRCLE('',#6075,16.131736998769);
#954=CIRCLE('',#6076,16.6297656412038);
#955=CIRCLE('',#6077,16.6448619056);
#956=CIRCLE('',#6078,16.1973009090847);
#957=CIRCLE('',#6079,18.32145430806);
#958=CIRCLE('',#6080,13.4416973360941);
#959=CIRCLE('',#6081,14.15667968495);
#960=CIRCLE('',#6082,22.4614871659153);
#961=CIRCLE('',#6083,18.9568656383936);
#962=CIRCLE('',#6084,14.6294581438709);
#963=CIRCLE('',#6085,14.5770439188654);
#964=CIRCLE('',#6086,18.694299862048);
#965=CIRCLE('',#6087,18.2641856921788);
#966=CIRCLE('',#6088,12.8971765518171);
#967=CIRCLE('',#6089,13.8178690268043);
#968=CIRCLE('',#6090,23.5336576488586);
#969=CIRCLE('',#6091,11.6471151960156);
#970=CIRCLE('',#6092,17.7562352555479);
#971=CIRCLE('',#6093,17.9000699812599);
#972=CIRCLE('',#6094,9.70708571118354);
#973=CIRCLE('',#6095,10.111548535889);
#974=CIRCLE('',#6096,20.3728831119719);
#975=CIRCLE('',#6097,21.033657648859);
#976=CIRCLE('',#6098,11.3178690268068);
#977=CIRCLE('',#6099,10.3971765518178);
#978=CIRCLE('',#6100,15.7641856921839);
#979=CIRCLE('',#6101,16.1942998620542);
#980=CIRCLE('',#6102,12.0770439188753);
#981=CIRCLE('',#6103,12.129458143872);
#982=CIRCLE('',#6104,16.4568656384068);
#983=CIRCLE('',#6105,19.9614871659195);
#984=CIRCLE('',#6106,11.6566796849458);
#985=CIRCLE('',#6107,10.9416973360941);
#986=CIRCLE('',#6108,15.8214543080602);
#987=CIRCLE('',#6109,13.6973009090851);
#988=CIRCLE('',#6110,14.1448619056018);
#989=CIRCLE('',#6111,14.1297656412053);
#990=CIRCLE('',#6112,13.6317369987694);
#991=CIRCLE('',#6113,14.9567416184909);
#992=CIRCLE('',#6114,12.7100327533697);
#993=CIRCLE('',#6115,12.94783990462);
#994=CIRCLE('',#6116,16.0658288155387);
#995=CIRCLE('',#6117,15.9271938169595);
#996=CIRCLE('',#6118,11.5586188589707);
#997=CIRCLE('',#6119,11.9143732603513);
#998=CIRCLE('',#6120,17.7916103999096);
#999=CIRCLE('',#6121,16.1729224643541);
#1000=CIRCLE('',#6122,11.349506727982);
#1001=CIRCLE('',#6124,10.9416973360941);
#1002=CIRCLE('',#6126,15.8214543080602);
#1003=CIRCLE('',#6128,11.6566796849458);
#1004=CIRCLE('',#6130,13.6973009090851);
#1005=CIRCLE('',#6132,19.9614871659195);
#1006=CIRCLE('',#6134,14.1448619056018);
#1007=CIRCLE('',#6136,16.4568656384068);
#1008=CIRCLE('',#6138,14.1297656412053);
#1009=CIRCLE('',#6140,12.129458143872);
#1010=CIRCLE('',#6142,13.6317369987694);
#1011=CIRCLE('',#6144,12.0770439188753);
#1012=CIRCLE('',#6146,14.9567416184909);
#1013=CIRCLE('',#6148,16.1942998620542);
#1014=CIRCLE('',#6150,12.7100327533697);
#1015=CIRCLE('',#6152,15.7641856921839);
#1016=CIRCLE('',#6154,12.94783990462);
#1017=CIRCLE('',#6156,10.3971765518178);
#1018=CIRCLE('',#6158,16.0658288155387);
#1019=CIRCLE('',#6160,11.3178690268068);
#1020=CIRCLE('',#6162,15.9271938169595);
#1021=CIRCLE('',#6164,21.033657648859);
#1022=CIRCLE('',#6166,11.5586188589707);
#1023=CIRCLE('',#6168,20.3728831119719);
#1024=CIRCLE('',#6170,11.9143732603513);
#1025=CIRCLE('',#6172,10.111548535889);
#1026=CIRCLE('',#6174,17.7916103999096);
#1027=CIRCLE('',#6176,9.70708571118354);
#1028=CIRCLE('',#6178,16.1729224643541);
#1029=CIRCLE('',#6180,17.9000699812599);
#1030=CIRCLE('',#6182,11.349506727982);
#1031=CIRCLE('',#6184,17.7562352555479);
#1032=CIRCLE('',#6186,11.6471151960156);
#1033=CIRCLE('',#6233,46.9498637564531);
#1034=CIRCLE('',#6234,27.3458574031877);
#1035=CIRCLE('',#6235,27.6964537582578);
#1036=CIRCLE('',#6236,49.4354579217656);
#1037=CIRCLE('',#6237,41.090343102203);
#1038=CIRCLE('',#6238,29.6730362253038);
#1039=CIRCLE('',#6239,30.2961889551954);
#1040=CIRCLE('',#6240,44.7922986001656);
#1041=CIRCLE('',#6241,22.9587918636252);
#1042=CIRCLE('',#6242,35.6039181708054);
#1043=CIRCLE('',#6243,34.2583100668879);
#1044=CIRCLE('',#6244,35.7940250226956);
#1045=CIRCLE('',#6245,28.4606050820736);
#1046=CIRCLE('',#6246,43.5663998676506);
#1047=CIRCLE('',#6247,35.5429610920678);
#1048=CIRCLE('',#6248,31.5660837078852);
#1049=CIRCLE('',#6263,35.6039181708054);
#1050=CIRCLE('',#6270,22.9587918636252);
#1051=CIRCLE('',#6272,44.7922986001656);
#1052=CIRCLE('',#6274,30.2961889551954);
#1053=CIRCLE('',#6276,29.6730362253038);
#1054=CIRCLE('',#6278,41.090343102203);
#1055=CIRCLE('',#6280,49.4354579217656);
#1056=CIRCLE('',#6282,27.6964537582578);
#1057=CIRCLE('',#6298,46.9498637564531);
#1058=CIRCLE('',#6299,31.5660837078852);
#1059=CIRCLE('',#6300,35.5429610920678);
#1060=CIRCLE('',#6301,43.5663998676506);
#1061=CIRCLE('',#6302,28.4606050820736);
#1062=CIRCLE('',#6303,35.7940250226956);
#1063=CIRCLE('',#6304,34.2583100668879);
#1064=CIRCLE('',#6305,27.3458574031877);
#1065=B_SPLINE_CURVE_WITH_KNOTS('',3,(#7947,#7948,#7949,#7950,#7951,#7952,
#7953,#7954,#7955,#7956,#7957,#7958,#7959),.UNSPECIFIED.,.F.,.F.,(4,3,3,
3,4),(39.0070627179531,39.6875653016322,40.679754434173,41.6719435667139,
42.6641326992547),.UNSPECIFIED.);
#1066=B_SPLINE_CURVE_WITH_KNOTS('',3,(#7962,#7963,#7964,#7965,#7966,#7967,
#7968,#7969,#7970,#7971,#7972,#7973,#7974,#7975,#7976,#7977,#7978,#7979,
#7980),.UNSPECIFIED.,.F.,.F.,(4,3,3,3,3,3,4),(-40.6306620786854,-39.6875653016322,
-38.6953761690914,-37.7031870365506,-36.7109979040098,-35.718808771469,
-35.2830389351815),.UNSPECIFIED.);
#1067=B_SPLINE_CURVE_WITH_KNOTS('',3,(#7985,#7986,#7987,#7988,#7989,#7990,
#7991,#7992,#7993,#7994,#7995,#7996,#7997,#7998,#7999,#8000,#8001,#8002,
#8003,#8004,#8005,#8006,#8007,#8008,#8009),.UNSPECIFIED.,.F.,.F.,(4,3,3,
3,3,3,3,3,4),(32.7238774107735,32.7422413738466,33.7344305063874,34.7266196389282,
35.718808771469,36.7109979040098,37.7031870365506,38.6953761690914,39.0070627179531),
 .UNSPECIFIED.);
#1068=B_SPLINE_CURVE_WITH_KNOTS('',3,(#8010,#8011,#8012,#8013,#8014,#8015,
#8016,#8017,#8018,#8019,#8020,#8021,#8022,#8023,#8024,#8025,#8026,#8027,
#8028,#8029,#8030,#8031),.UNSPECIFIED.,.F.,.F.,(4,3,3,3,3,3,3,4),(-35.2830389351815,
-34.7266196389282,-33.7344305063874,-32.7422413738466,-31.7500522413058,
-30.757863108765,-29.7656739762242,-28.9998536280019),.UNSPECIFIED.);
#1069=B_SPLINE_CURVE_WITH_KNOTS('',3,(#8036,#8037,#8038,#8039,#8040,#8041,
#8042,#8043,#8044,#8045,#8046,#8047,#8048,#8049,#8050,#8051,#8052,#8053,
#8054,#8055,#8056,#8057),.UNSPECIFIED.,.F.,.F.,(4,3,3,3,3,3,3,4),(26.4406921035939,
26.7891065786018,27.7812957111426,28.7734848436834,29.7656739762242,30.757863108765,
31.7500522413058,32.7238774107735),.UNSPECIFIED.);
#1070=B_SPLINE_CURVE_WITH_KNOTS('',3,(#8058,#8059,#8060,#8061,#8062,#8063,
#8064,#8065,#8066,#8067,#8068,#8069,#8070,#8071,#8072,#8073,#8074,#8075,
#8076,#8077,#8078,#8079,#8080,#8081,#8082),.UNSPECIFIED.,.F.,.F.,(4,3,3,
3,3,3,3,3,4),(-28.9998536280019,-28.7734848436834,-27.7812957111426,-26.7891065786018,
-25.796917446061,-24.8047283135201,-23.8125391809793,-22.8203500484385,
-22.7166683208223),.UNSPECIFIED.);
#1071=B_SPLINE_CURVE_WITH_KNOTS('',3,(#8087,#8088,#8089,#8090,#8091,#8092,
#8093,#8094,#8095,#8096,#8097,#8098,#8099,#8100,#8101,#8102,#8103,#8104,
#8105,#8106,#8107,#8108),.UNSPECIFIED.,.F.,.F.,(4,3,3,3,3,3,3,4),(20.1575067964144,
20.8359717833569,21.8281609158977,22.8203500484385,23.8125391809793,24.8047283135202,
25.796917446061,26.4406921035939),.UNSPECIFIED.);
#1072=B_SPLINE_CURVE_WITH_KNOTS('',3,(#8109,#8110,#8111,#8112,#8113,#8114,
#8115,#8116,#8117,#8118,#8119,#8120,#8121,#8122,#8123,#8124,#8125,#8126,
#8127,#8128,#8129,#8130),.UNSPECIFIED.,.F.,.F.,(4,3,3,3,3,3,3,4),(-22.7166683208223,
-21.8281609158977,-20.8359717833569,-19.8437826508161,-18.8515935182753,
-17.8594043857345,-16.8672152531937,-16.4334830136427),.UNSPECIFIED.);
#1073=B_SPLINE_CURVE_WITH_KNOTS('',3,(#8135,#8136,#8137,#8138,#8139,#8140,
#8141,#8142,#8143,#8144,#8145,#8146,#8147,#8148,#8149,#8150,#8151,#8152,
#8153,#8154,#8155,#8156,#8157,#8158,#8159),.UNSPECIFIED.,.F.,.F.,(4,3,3,
3,3,3,3,3,4),(13.8743214892348,13.8906478555713,14.8828369881121,15.8750261206529,
16.8672152531937,17.8594043857345,18.8515935182753,19.8437826508161,20.1575067964144),
 .UNSPECIFIED.);
#1074=B_SPLINE_CURVE_WITH_KNOTS('',3,(#8160,#8161,#8162,#8163,#8164,#8165,
#8166,#8167,#8168,#8169,#8170,#8171,#8172,#8173,#8174,#8175,#8176,#8177,
#8178,#8179,#8180,#8181),.UNSPECIFIED.,.F.,.F.,(4,3,3,3,3,3,3,4),(-16.4334830136427,
-15.8750261206529,-14.8828369881121,-13.8906478555713,-12.8984587230305,
-11.9062695904897,-10.9140804579489,-10.1502977064631),.UNSPECIFIED.);
#1075=B_SPLINE_CURVE_WITH_KNOTS('',3,(#8187,#8188,#8189,#8190,#8191,#8192,
#8193,#8194,#8195,#8196,#8197,#8198,#8199),.UNSPECIFIED.,.F.,.F.,(4,3,3,
3,4),(-3.86711239928353,-2.97656739762242,-1.98437826508161,-0.992189132540808,
0.),.UNSPECIFIED.);
#1076=B_SPLINE_CURVE_WITH_KNOTS('',3,(#8202,#8203,#8204,#8205,#8206,#8207,
#8208,#8209,#8210,#8211,#8212,#8213,#8214,#8215,#8216,#8217,#8218,#8219,
#8220),.UNSPECIFIED.,.F.,.F.,(4,3,3,3,3,3,4),(2.03347062056919,2.97656739762242,
3.96875653016322,4.96094566270403,5.95313479524484,6.94532392778564,7.59113618205518),
 .UNSPECIFIED.);
#1077=B_SPLINE_CURVE_WITH_KNOTS('',3,(#8226,#8227,#8228,#8229,#8230,#8231,
#8232,#8233,#8234,#8235,#8236,#8237,#8238),.UNSPECIFIED.,.F.,.F.,(4,3,3,
3,4),(39.0070627179531,39.6875653016323,40.6797544341731,41.6719435667139,
42.6641326992547),.UNSPECIFIED.);
#1078=B_SPLINE_CURVE_WITH_KNOTS('',3,(#8241,#8242,#8243,#8244,#8245,#8246,
#8247,#8248,#8249,#8250,#8251,#8252,#8253,#8254,#8255,#8256,#8257,#8258,
#8259),.UNSPECIFIED.,.F.,.F.,(4,3,3,3,3,3,4),(-40.6306620786856,-39.6875653016322,
-38.6953761690914,-37.7031870365506,-36.7109979040098,-35.718808771469,
-35.2830389351815),.UNSPECIFIED.);
#1079=B_SPLINE_CURVE_WITH_KNOTS('',3,(#8264,#8265,#8266,#8267,#8268,#8269,
#8270,#8271,#8272,#8273,#8274,#8275,#8276,#8277,#8278,#8279,#8280,#8281,
#8282,#8283,#8284,#8285,#8286,#8287,#8288),.UNSPECIFIED.,.F.,.F.,(4,3,3,
3,3,3,3,3,4),(32.7238774107735,32.7422413738466,33.7344305063874,34.7266196389282,
35.718808771469,36.7109979040098,37.7031870365507,38.6953761690915,39.0070627179531),
 .UNSPECIFIED.);
#1080=B_SPLINE_CURVE_WITH_KNOTS('',3,(#8289,#8290,#8291,#8292,#8293,#8294,
#8295,#8296,#8297,#8298,#8299,#8300,#8301,#8302,#8303,#8304,#8305,#8306,
#8307,#8308,#8309,#8310),.UNSPECIFIED.,.F.,.F.,(4,3,3,3,3,3,3,4),(-35.2830389351815,
-34.7266196389282,-33.7344305063874,-32.7422413738466,-31.7500522413058,
-30.757863108765,-29.7656739762242,-28.9998536280018),.UNSPECIFIED.);
#1081=B_SPLINE_CURVE_WITH_KNOTS('',3,(#8315,#8316,#8317,#8318,#8319,#8320,
#8321,#8322,#8323,#8324,#8325,#8326,#8327,#8328,#8329,#8330,#8331,#8332,
#8333,#8334,#8335,#8336),.UNSPECIFIED.,.F.,.F.,(4,3,3,3,3,3,3,4),(26.440692103594,
26.7891065786018,27.7812957111426,28.7734848436834,29.7656739762242,30.757863108765,
31.7500522413058,32.7238774107735),.UNSPECIFIED.);
#1082=B_SPLINE_CURVE_WITH_KNOTS('',3,(#8337,#8338,#8339,#8340,#8341,#8342,
#8343,#8344,#8345,#8346,#8347,#8348,#8349,#8350,#8351,#8352,#8353,#8354,
#8355,#8356,#8357,#8358,#8359,#8360,#8361),.UNSPECIFIED.,.F.,.F.,(4,3,3,
3,3,3,3,3,4),(-28.9998536280018,-28.7734848436834,-27.7812957111426,-26.7891065786017,
-25.7969174460609,-24.8047283135201,-23.8125391809793,-22.8203500484385,
-22.7166683208223),.UNSPECIFIED.);
#1083=B_SPLINE_CURVE_WITH_KNOTS('',3,(#8366,#8367,#8368,#8369,#8370,#8371,
#8372,#8373,#8374,#8375,#8376,#8377,#8378,#8379,#8380,#8381,#8382,#8383,
#8384,#8385,#8386,#8387),.UNSPECIFIED.,.F.,.F.,(4,3,3,3,3,3,3,4),(20.1575067964144,
20.8359717833569,21.8281609158978,22.8203500484386,23.8125391809794,24.8047283135202,
25.796917446061,26.440692103594),.UNSPECIFIED.);
#1084=B_SPLINE_CURVE_WITH_KNOTS('',3,(#8388,#8389,#8390,#8391,#8392,#8393,
#8394,#8395,#8396,#8397,#8398,#8399,#8400,#8401,#8402,#8403,#8404,#8405,
#8406,#8407,#8408,#8409),.UNSPECIFIED.,.F.,.F.,(4,3,3,3,3,3,3,4),(-22.7166683208223,
-21.8281609158977,-20.8359717833569,-19.8437826508161,-18.8515935182753,
-17.8594043857345,-16.8672152531937,-16.4334830136427),.UNSPECIFIED.);
#1085=B_SPLINE_CURVE_WITH_KNOTS('',3,(#8414,#8415,#8416,#8417,#8418,#8419,
#8420,#8421,#8422,#8423,#8424,#8425,#8426,#8427,#8428,#8429,#8430,#8431,
#8432,#8433,#8434,#8435,#8436,#8437,#8438),.UNSPECIFIED.,.F.,.F.,(4,3,3,
3,3,3,3,3,4),(13.8743214892348,13.8906478555713,14.8828369881121,15.8750261206529,
16.8672152531937,17.8594043857345,18.8515935182753,19.8437826508161,20.1575067964144),
 .UNSPECIFIED.);
#1086=B_SPLINE_CURVE_WITH_KNOTS('',3,(#8439,#8440,#8441,#8442,#8443,#8444,
#8445,#8446,#8447,#8448,#8449,#8450,#8451,#8452,#8453,#8454,#8455,#8456,
#8457,#8458,#8459,#8460),.UNSPECIFIED.,.F.,.F.,(4,3,3,3,3,3,3,4),(-16.4334830136427,
-15.8750261206529,-14.8828369881121,-13.8906478555713,-12.8984587230305,
-11.9062695904897,-10.9140804579489,-10.1502977064631),.UNSPECIFIED.);
#1087=B_SPLINE_CURVE_WITH_KNOTS('',3,(#8466,#8467,#8468,#8469,#8470,#8471,
#8472,#8473,#8474,#8475,#8476,#8477,#8478),.UNSPECIFIED.,.F.,.F.,(4,3,3,
3,4),(-3.86711239928351,-2.97656739762241,-1.9843782650816,-0.992189132540801,
0.),.UNSPECIFIED.);
#1088=B_SPLINE_CURVE_WITH_KNOTS('',3,(#8481,#8482,#8483,#8484,#8485,#8486,
#8487,#8488,#8489,#8490,#8491,#8492,#8493,#8494,#8495,#8496,#8497,#8498,
#8499),.UNSPECIFIED.,.F.,.F.,(4,3,3,3,3,3,4),(2.03347062056919,2.97656739762244,
3.96875653016324,4.96094566270405,5.95313479524485,6.94532392778566,7.5911361820552),
 .UNSPECIFIED.);
#1089=B_SPLINE_CURVE_WITH_KNOTS('',3,(#8505,#8506,#8507,#8508,#8509,#8510,
#8511,#8512,#8513,#8514,#8515,#8516,#8517),.UNSPECIFIED.,.F.,.F.,(4,3,3,
3,4),(39.0070627179531,39.6875653016323,40.6797544341731,41.6719435667139,
42.6641326992547),.UNSPECIFIED.);
#1090=B_SPLINE_CURVE_WITH_KNOTS('',3,(#8520,#8521,#8522,#8523,#8524,#8525,
#8526,#8527,#8528,#8529,#8530,#8531,#8532,#8533,#8534,#8535,#8536,#8537,
#8538),.UNSPECIFIED.,.F.,.F.,(4,3,3,3,3,3,4),(-40.6306620786854,-39.6875653016322,
-38.6953761690914,-37.7031870365506,-36.7109979040098,-35.718808771469,
-35.2830389351815),.UNSPECIFIED.);
#1091=B_SPLINE_CURVE_WITH_KNOTS('',3,(#8543,#8544,#8545,#8546,#8547,#8548,
#8549,#8550,#8551,#8552,#8553,#8554,#8555,#8556,#8557,#8558,#8559,#8560,
#8561,#8562,#8563,#8564,#8565,#8566,#8567),.UNSPECIFIED.,.F.,.F.,(4,3,3,
3,3,3,3,3,4),(32.7238774107735,32.7422413738466,33.7344305063874,34.7266196389282,
35.718808771469,36.7109979040098,37.7031870365506,38.6953761690914,39.0070627179531),
 .UNSPECIFIED.);
#1092=B_SPLINE_CURVE_WITH_KNOTS('',3,(#8568,#8569,#8570,#8571,#8572,#8573,
#8574,#8575,#8576,#8577,#8578,#8579,#8580,#8581,#8582,#8583,#8584,#8585,
#8586,#8587,#8588,#8589),.UNSPECIFIED.,.F.,.F.,(4,3,3,3,3,3,3,4),(-35.2830389351815,
-34.7266196389282,-33.7344305063874,-32.7422413738466,-31.7500522413058,
-30.757863108765,-29.7656739762242,-28.9998536280019),.UNSPECIFIED.);
#1093=B_SPLINE_CURVE_WITH_KNOTS('',3,(#8594,#8595,#8596,#8597,#8598,#8599,
#8600,#8601,#8602,#8603,#8604,#8605,#8606,#8607,#8608,#8609,#8610,#8611,
#8612,#8613,#8614,#8615),.UNSPECIFIED.,.F.,.F.,(4,3,3,3,3,3,3,4),(26.440692103594,
26.7891065786018,27.7812957111426,28.7734848436834,29.7656739762242,30.757863108765,
31.7500522413058,32.7238774107735),.UNSPECIFIED.);
#1094=B_SPLINE_CURVE_WITH_KNOTS('',3,(#8616,#8617,#8618,#8619,#8620,#8621,
#8622,#8623,#8624,#8625,#8626,#8627,#8628,#8629,#8630,#8631,#8632,#8633,
#8634,#8635,#8636,#8637,#8638,#8639,#8640),.UNSPECIFIED.,.F.,.F.,(4,3,3,
3,3,3,3,3,4),(-28.9998536280019,-28.7734848436834,-27.7812957111426,-26.7891065786018,
-25.796917446061,-24.8047283135201,-23.8125391809793,-22.8203500484385,
-22.7166683208223),.UNSPECIFIED.);
#1095=B_SPLINE_CURVE_WITH_KNOTS('',3,(#8645,#8646,#8647,#8648,#8649,#8650,
#8651,#8652,#8653,#8654,#8655,#8656,#8657,#8658,#8659,#8660,#8661,#8662,
#8663,#8664,#8665,#8666),.UNSPECIFIED.,.F.,.F.,(4,3,3,3,3,3,3,4),(20.1575067964144,
20.8359717833569,21.8281609158977,22.8203500484385,23.8125391809793,24.8047283135202,
25.796917446061,26.440692103594),.UNSPECIFIED.);
#1096=B_SPLINE_CURVE_WITH_KNOTS('',3,(#8667,#8668,#8669,#8670,#8671,#8672,
#8673,#8674,#8675,#8676,#8677,#8678,#8679,#8680,#8681,#8682,#8683,#8684,
#8685,#8686,#8687,#8688),.UNSPECIFIED.,.F.,.F.,(4,3,3,3,3,3,3,4),(-22.7166683208223,
-21.8281609158977,-20.8359717833569,-19.8437826508161,-18.8515935182753,
-17.8594043857345,-16.8672152531937,-16.4334830136427),.UNSPECIFIED.);
#1097=B_SPLINE_CURVE_WITH_KNOTS('',3,(#8693,#8694,#8695,#8696,#8697,#8698,
#8699,#8700,#8701,#8702,#8703,#8704,#8705,#8706,#8707,#8708,#8709,#8710,
#8711,#8712,#8713,#8714,#8715,#8716,#8717),.UNSPECIFIED.,.F.,.F.,(4,3,3,
3,3,3,3,3,4),(13.8743214892348,13.8906478555713,14.8828369881121,15.8750261206529,
16.8672152531937,17.8594043857345,18.8515935182753,19.8437826508161,20.1575067964144),
 .UNSPECIFIED.);
#1098=B_SPLINE_CURVE_WITH_KNOTS('',3,(#8718,#8719,#8720,#8721,#8722,#8723,
#8724,#8725,#8726,#8727,#8728,#8729,#8730,#8731,#8732,#8733,#8734,#8735,
#8736,#8737,#8738,#8739),.UNSPECIFIED.,.F.,.F.,(4,3,3,3,3,3,3,4),(-16.4334830136427,
-15.8750261206529,-14.8828369881121,-13.8906478555713,-12.8984587230305,
-11.9062695904897,-10.9140804579489,-10.1502977064631),.UNSPECIFIED.);
#1099=B_SPLINE_CURVE_WITH_KNOTS('',3,(#8745,#8746,#8747,#8748,#8749,#8750,
#8751,#8752,#8753,#8754,#8755,#8756,#8757),.UNSPECIFIED.,.F.,.F.,(4,3,3,
3,4),(-3.86711239928353,-2.97656739762242,-1.98437826508161,-0.992189132540808,
0.),.UNSPECIFIED.);
#1100=B_SPLINE_CURVE_WITH_KNOTS('',3,(#8760,#8761,#8762,#8763,#8764,#8765,
#8766,#8767,#8768,#8769,#8770,#8771,#8772,#8773,#8774,#8775,#8776,#8777,
#8778),.UNSPECIFIED.,.F.,.F.,(4,3,3,3,3,3,4),(2.03347062056918,2.97656739762242,
3.96875653016323,4.96094566270404,5.95313479524484,6.94532392778565,7.5911361820552),
 .UNSPECIFIED.);
#1101=B_SPLINE_CURVE_WITH_KNOTS('',3,(#8784,#8785,#8786,#8787,#8788,#8789,
#8790,#8791,#8792,#8793,#8794,#8795,#8796),.UNSPECIFIED.,.F.,.F.,(4,3,3,
3,4),(39.0070627179531,39.6875653016323,40.6797544341731,41.6719435667139,
42.6641326992547),.UNSPECIFIED.);
#1102=B_SPLINE_CURVE_WITH_KNOTS('',3,(#8799,#8800,#8801,#8802,#8803,#8804,
#8805,#8806,#8807,#8808,#8809,#8810,#8811,#8812,#8813,#8814,#8815,#8816,
#8817),.UNSPECIFIED.,.F.,.F.,(4,3,3,3,3,3,4),(-40.6306620786856,-39.6875653016322,
-38.6953761690914,-37.7031870365506,-36.7109979040098,-35.718808771469,
-35.2830389351815),.UNSPECIFIED.);
#1103=B_SPLINE_CURVE_WITH_KNOTS('',3,(#8822,#8823,#8824,#8825,#8826,#8827,
#8828,#8829,#8830,#8831,#8832,#8833,#8834,#8835,#8836,#8837,#8838,#8839,
#8840,#8841,#8842,#8843,#8844,#8845,#8846),.UNSPECIFIED.,.F.,.F.,(4,3,3,
3,3,3,3,3,4),(32.7238774107735,32.7422413738466,33.7344305063874,34.7266196389282,
35.718808771469,36.7109979040098,37.7031870365507,38.6953761690915,39.0070627179531),
 .UNSPECIFIED.);
#1104=B_SPLINE_CURVE_WITH_KNOTS('',3,(#8847,#8848,#8849,#8850,#8851,#8852,
#8853,#8854,#8855,#8856,#8857,#8858,#8859,#8860,#8861,#8862,#8863,#8864,
#8865,#8866,#8867,#8868),.UNSPECIFIED.,.F.,.F.,(4,3,3,3,3,3,3,4),(-35.2830389351815,
-34.7266196389282,-33.7344305063874,-32.7422413738466,-31.7500522413058,
-30.757863108765,-29.7656739762242,-28.9998536280018),.UNSPECIFIED.);
#1105=B_SPLINE_CURVE_WITH_KNOTS('',3,(#8873,#8874,#8875,#8876,#8877,#8878,
#8879,#8880,#8881,#8882,#8883,#8884,#8885,#8886,#8887,#8888,#8889,#8890,
#8891,#8892,#8893,#8894),.UNSPECIFIED.,.F.,.F.,(4,3,3,3,3,3,3,4),(26.440692103594,
26.7891065786018,27.7812957111426,28.7734848436834,29.7656739762242,30.757863108765,
31.7500522413058,32.7238774107735),.UNSPECIFIED.);
#1106=B_SPLINE_CURVE_WITH_KNOTS('',3,(#8895,#8896,#8897,#8898,#8899,#8900,
#8901,#8902,#8903,#8904,#8905,#8906,#8907,#8908,#8909,#8910,#8911,#8912,
#8913,#8914,#8915,#8916,#8917,#8918,#8919),.UNSPECIFIED.,.F.,.F.,(4,3,3,
3,3,3,3,3,4),(-28.9998536280018,-28.7734848436834,-27.7812957111426,-26.7891065786017,
-25.7969174460609,-24.8047283135201,-23.8125391809793,-22.8203500484385,
-22.7166683208223),.UNSPECIFIED.);
#1107=B_SPLINE_CURVE_WITH_KNOTS('',3,(#8924,#8925,#8926,#8927,#8928,#8929,
#8930,#8931,#8932,#8933,#8934,#8935,#8936,#8937,#8938,#8939,#8940,#8941,
#8942,#8943,#8944,#8945),.UNSPECIFIED.,.F.,.F.,(4,3,3,3,3,3,3,4),(20.1575067964144,
20.8359717833569,21.8281609158978,22.8203500484386,23.8125391809794,24.8047283135202,
25.796917446061,26.440692103594),.UNSPECIFIED.);
#1108=B_SPLINE_CURVE_WITH_KNOTS('',3,(#8946,#8947,#8948,#8949,#8950,#8951,
#8952,#8953,#8954,#8955,#8956,#8957,#8958,#8959,#8960,#8961,#8962,#8963,
#8964,#8965,#8966,#8967),.UNSPECIFIED.,.F.,.F.,(4,3,3,3,3,3,3,4),(-22.7166683208223,
-21.8281609158977,-20.8359717833569,-19.8437826508161,-18.8515935182753,
-17.8594043857345,-16.8672152531937,-16.4334830136427),.UNSPECIFIED.);
#1109=B_SPLINE_CURVE_WITH_KNOTS('',3,(#8972,#8973,#8974,#8975,#8976,#8977,
#8978,#8979,#8980,#8981,#8982,#8983,#8984,#8985,#8986,#8987,#8988,#8989,
#8990,#8991,#8992,#8993,#8994,#8995,#8996),.UNSPECIFIED.,.F.,.F.,(4,3,3,
3,3,3,3,3,4),(13.8743214892348,13.8906478555713,14.8828369881121,15.8750261206529,
16.8672152531937,17.8594043857345,18.8515935182753,19.8437826508161,20.1575067964144),
 .UNSPECIFIED.);
#1110=B_SPLINE_CURVE_WITH_KNOTS('',3,(#8997,#8998,#8999,#9000,#9001,#9002,
#9003,#9004,#9005,#9006,#9007,#9008,#9009,#9010,#9011,#9012,#9013,#9014,
#9015,#9016,#9017,#9018),.UNSPECIFIED.,.F.,.F.,(4,3,3,3,3,3,3,4),(-16.4334830136427,
-15.8750261206529,-14.8828369881121,-13.8906478555713,-12.8984587230305,
-11.9062695904897,-10.9140804579489,-10.1502977064631),.UNSPECIFIED.);
#1111=B_SPLINE_CURVE_WITH_KNOTS('',3,(#9024,#9025,#9026,#9027,#9028,#9029,
#9030,#9031,#9032,#9033,#9034,#9035,#9036),.UNSPECIFIED.,.F.,.F.,(4,3,3,
3,4),(-3.86711239928351,-2.97656739762241,-1.9843782650816,-0.992189132540801,
0.),.UNSPECIFIED.);
#1112=B_SPLINE_CURVE_WITH_KNOTS('',3,(#9039,#9040,#9041,#9042,#9043,#9044,
#9045,#9046,#9047,#9048,#9049,#9050,#9051,#9052,#9053,#9054,#9055,#9056,
#9057),.UNSPECIFIED.,.F.,.F.,(4,3,3,3,3,3,4),(2.03347062056919,2.97656739762243,
3.96875653016323,4.96094566270404,5.95313479524485,6.94532392778566,7.5911361820552),
 .UNSPECIFIED.);
#1113=B_SPLINE_CURVE_WITH_KNOTS('',3,(#9063,#9064,#9065,#9066,#9067),
 .UNSPECIFIED.,.F.,.F.,(4,1,4),(53.4070751110265,53.5127944353793,54.5049835679201),
 .UNSPECIFIED.);
#1114=B_SPLINE_CURVE_WITH_KNOTS('',3,(#9070,#9071,#9072,#9073,#9074),
 .UNSPECIFIED.,.F.,.F.,(4,1,4),(53.4070751110265,54.0875776947056,55.0306744717587),
 .UNSPECIFIED.);
#1115=B_SPLINE_CURVE_WITH_KNOTS('',3,(#9079,#9080,#9081,#9082,#9083,#9084,
#9085,#9086,#9087,#9088),.UNSPECIFIED.,.F.,.F.,(4,1,1,1,1,1,1,4),(47.1238898038469,
47.5596596401345,48.5518487726753,49.5440379052161,50.5362270377569,51.5284161702977,
52.5206053028385,53.4070751110265),.UNSPECIFIED.);
#1116=B_SPLINE_CURVE_WITH_KNOTS('',3,(#9089,#9090,#9091,#9092,#9093,#9094,
#9095,#9096,#9097,#9098,#9099),.UNSPECIFIED.,.F.,.F.,(4,1,1,1,1,1,1,1,4),
(47.1238898038469,47.1422537669199,48.1344428994608,49.1266320320016,50.1188211645424,
51.1110102970832,52.103199429624,53.0953885621648,53.4070751110265),
 .UNSPECIFIED.);
#1117=B_SPLINE_CURVE_WITH_KNOTS('',3,(#9104,#9105,#9106,#9107,#9108,#9109,
#9110,#9111,#9112,#9113),.UNSPECIFIED.,.F.,.F.,(4,1,1,1,1,1,1,4),(40.8407044966673,
41.6065248448896,42.5987139774304,43.5909031099712,44.583092242512,45.5752813750528,
46.5674705075936,47.1238898038469),.UNSPECIFIED.);
#1118=B_SPLINE_CURVE_WITH_KNOTS('',3,(#9114,#9115,#9116,#9117,#9118,#9119,
#9120,#9121,#9122,#9123),.UNSPECIFIED.,.F.,.F.,(4,1,1,1,1,1,1,4),(40.8407044966673,
41.1891189716751,42.1813081042159,43.1734972367567,44.1656863692975,45.1578755018383,
46.1500646343791,47.1238898038469),.UNSPECIFIED.);
#1119=B_SPLINE_CURVE_WITH_KNOTS('',3,(#9128,#9129,#9130,#9131,#9132,#9133,
#9134,#9135,#9136,#9137,#9138),.UNSPECIFIED.,.F.,.F.,(4,1,1,1,1,1,1,1,4),
(34.5575191894877,34.661200917104,35.6533900496448,36.6455791821856,37.6377683147264,
38.6299574472672,39.622146579808,40.6143357123488,40.8407044966673),
 .UNSPECIFIED.);
#1120=B_SPLINE_CURVE_WITH_KNOTS('',3,(#9139,#9140,#9141,#9142,#9143,#9144,
#9145,#9146,#9147,#9148),.UNSPECIFIED.,.F.,.F.,(4,1,1,1,1,1,1,4),(34.5575191894877,
35.2359841764303,36.2281733089711,37.2203624415119,38.2125515740527,39.2047407065935,
40.1969298391343,40.8407044966673),.UNSPECIFIED.);
#1121=B_SPLINE_CURVE_WITH_KNOTS('',3,(#9153,#9154,#9155,#9156,#9157,#9158,
#9159,#9160,#9161,#9162),.UNSPECIFIED.,.F.,.F.,(4,1,1,1,1,1,1,4),(28.2743338823081,
28.7080661218591,29.7002552543999,30.6924443869407,31.6846335194816,32.6768226520224,
33.6690117845632,34.5575191894877),.UNSPECIFIED.);
#1122=B_SPLINE_CURVE_WITH_KNOTS('',3,(#9163,#9164,#9165,#9166,#9167,#9168,
#9169,#9170,#9171,#9172,#9173),.UNSPECIFIED.,.F.,.F.,(4,1,1,1,1,1,1,1,4),
(28.2743338823081,28.2906602486446,29.2828493811854,30.2750385137262,31.2672276462671,
32.2594167788079,33.2516059113487,34.2437950438895,34.5575191894877),
 .UNSPECIFIED.);
#1123=B_SPLINE_CURVE_WITH_KNOTS('',3,(#9178,#9179,#9180,#9181,#9182,#9183,
#9184,#9185,#9186,#9187),.UNSPECIFIED.,.F.,.F.,(4,1,1,1,1,1,1,4),(21.9911485751285,
22.7549313266143,23.7471204591551,24.7393095916959,25.7314987242367,26.7236878567775,
27.7158769893183,28.2743338823081),.UNSPECIFIED.);
#1124=B_SPLINE_CURVE_WITH_KNOTS('',3,(#9188,#9189,#9190,#9191,#9192,#9193,
#9194,#9195,#9196,#9197),.UNSPECIFIED.,.F.,.F.,(4,1,1,1,1,1,1,4),(21.9911485751285,
22.3375254533998,23.3297145859406,24.3219037184814,25.3140928510222,26.306281983563,
27.2984711161038,28.2743338823081),.UNSPECIFIED.);
#1125=B_SPLINE_CURVE_WITH_KNOTS('',3,(#9203,#9204,#9205,#9206,#9207),
 .UNSPECIFIED.,.F.,.F.,(4,1,4),(14.4000123930733,15.3922015256142,15.707963267949),
 .UNSPECIFIED.);
#1126=B_SPLINE_CURVE_WITH_KNOTS('',3,(#9210,#9211,#9212,#9213,#9214),
 .UNSPECIFIED.,.F.,.F.,(4,1,4),(13.8743214892347,14.8174182662879,15.707963267949),
 .UNSPECIFIED.);
#1127=B_SPLINE_CURVE_WITH_KNOTS('',3,(#9220,#9221,#9222,#9223,#9224),
 .UNSPECIFIED.,.F.,.F.,(4,1,4),(53.4070751110265,53.5127944353793,54.5049835679201),
 .UNSPECIFIED.);
#1128=B_SPLINE_CURVE_WITH_KNOTS('',3,(#9227,#9228,#9229,#9230,#9231),
 .UNSPECIFIED.,.F.,.F.,(4,1,4),(53.4070751110265,54.0875776947056,55.0306744717587),
 .UNSPECIFIED.);
#1129=B_SPLINE_CURVE_WITH_KNOTS('',3,(#9236,#9237,#9238,#9239,#9240,#9241,
#9242,#9243,#9244,#9245),.UNSPECIFIED.,.F.,.F.,(4,1,1,1,1,1,1,4),(47.1238898038469,
47.5596596401344,48.5518487726752,49.5440379052161,50.5362270377569,51.5284161702977,
52.5206053028385,53.4070751110265),.UNSPECIFIED.);
#1130=B_SPLINE_CURVE_WITH_KNOTS('',3,(#9246,#9247,#9248,#9249,#9250,#9251,
#9252,#9253,#9254,#9255,#9256),.UNSPECIFIED.,.F.,.F.,(4,1,1,1,1,1,1,1,4),
(47.1238898038469,47.1422537669199,48.1344428994608,49.1266320320016,50.1188211645424,
51.1110102970832,52.103199429624,53.0953885621648,53.4070751110265),
 .UNSPECIFIED.);
#1131=B_SPLINE_CURVE_WITH_KNOTS('',3,(#9261,#9262,#9263,#9264,#9265,#9266,
#9267,#9268,#9269,#9270),.UNSPECIFIED.,.F.,.F.,(4,1,1,1,1,1,1,4),(40.8407044966673,
41.6065248448896,42.5987139774304,43.5909031099712,44.583092242512,45.5752813750528,
46.5674705075936,47.1238898038469),.UNSPECIFIED.);
#1132=B_SPLINE_CURVE_WITH_KNOTS('',3,(#9271,#9272,#9273,#9274,#9275,#9276,
#9277,#9278,#9279,#9280),.UNSPECIFIED.,.F.,.F.,(4,1,1,1,1,1,1,4),(40.8407044966673,
41.1891189716751,42.1813081042159,43.1734972367567,44.1656863692975,45.1578755018383,
46.1500646343791,47.1238898038469),.UNSPECIFIED.);
#1133=B_SPLINE_CURVE_WITH_KNOTS('',3,(#9285,#9286,#9287,#9288,#9289,#9290,
#9291,#9292,#9293,#9294,#9295),.UNSPECIFIED.,.F.,.F.,(4,1,1,1,1,1,1,1,4),
(34.5575191894877,34.661200917104,35.6533900496448,36.6455791821856,37.6377683147264,
38.6299574472672,39.622146579808,40.6143357123488,40.8407044966673),
 .UNSPECIFIED.);
#1134=B_SPLINE_CURVE_WITH_KNOTS('',3,(#9296,#9297,#9298,#9299,#9300,#9301,
#9302,#9303,#9304,#9305),.UNSPECIFIED.,.F.,.F.,(4,1,1,1,1,1,1,4),(34.5575191894877,
35.2359841764303,36.2281733089711,37.2203624415119,38.2125515740527,39.2047407065935,
40.1969298391343,40.8407044966673),.UNSPECIFIED.);
#1135=B_SPLINE_CURVE_WITH_KNOTS('',3,(#9310,#9311,#9312,#9313,#9314,#9315,
#9316,#9317,#9318,#9319),.UNSPECIFIED.,.F.,.F.,(4,1,1,1,1,1,1,4),(28.2743338823081,
28.7080661218591,29.7002552543999,30.6924443869407,31.6846335194816,32.6768226520224,
33.6690117845632,34.5575191894877),.UNSPECIFIED.);
#1136=B_SPLINE_CURVE_WITH_KNOTS('',3,(#9320,#9321,#9322,#9323,#9324,#9325,
#9326,#9327,#9328,#9329,#9330),.UNSPECIFIED.,.F.,.F.,(4,1,1,1,1,1,1,1,4),
(28.2743338823081,28.2906602486446,29.2828493811854,30.2750385137262,31.2672276462671,
32.2594167788079,33.2516059113487,34.2437950438895,34.5575191894877),
 .UNSPECIFIED.);
#1137=B_SPLINE_CURVE_WITH_KNOTS('',3,(#9335,#9336,#9337,#9338,#9339,#9340,
#9341,#9342,#9343,#9344),.UNSPECIFIED.,.F.,.F.,(4,1,1,1,1,1,1,4),(21.9911485751285,
22.7549313266143,23.7471204591551,24.7393095916959,25.7314987242367,26.7236878567775,
27.7158769893183,28.2743338823081),.UNSPECIFIED.);
#1138=B_SPLINE_CURVE_WITH_KNOTS('',3,(#9345,#9346,#9347,#9348,#9349,#9350,
#9351,#9352,#9353,#9354),.UNSPECIFIED.,.F.,.F.,(4,1,1,1,1,1,1,4),(21.9911485751285,
22.3375254533998,23.3297145859406,24.3219037184814,25.3140928510222,26.306281983563,
27.2984711161038,28.2743338823081),.UNSPECIFIED.);
#1139=B_SPLINE_CURVE_WITH_KNOTS('',3,(#9360,#9361,#9362,#9363,#9364),
 .UNSPECIFIED.,.F.,.F.,(4,1,4),(14.4000123930733,15.3922015256142,15.707963267949),
 .UNSPECIFIED.);
#1140=B_SPLINE_CURVE_WITH_KNOTS('',3,(#9367,#9368,#9369,#9370,#9371),
 .UNSPECIFIED.,.F.,.F.,(4,1,4),(13.8743214892347,14.8174182662879,15.707963267949),
 .UNSPECIFIED.);
#1141=B_SPLINE_CURVE_WITH_KNOTS('',3,(#9377,#9378,#9379,#9380,#9381),
 .UNSPECIFIED.,.F.,.F.,(4,1,4),(53.4070751110265,53.5127944353793,54.5049835679201),
 .UNSPECIFIED.);
#1142=B_SPLINE_CURVE_WITH_KNOTS('',3,(#9384,#9385,#9386,#9387,#9388),
 .UNSPECIFIED.,.F.,.F.,(4,1,4),(53.4070751110265,54.0875776947056,55.0306744717587),
 .UNSPECIFIED.);
#1143=B_SPLINE_CURVE_WITH_KNOTS('',3,(#9393,#9394,#9395,#9396,#9397,#9398,
#9399,#9400,#9401,#9402),.UNSPECIFIED.,.F.,.F.,(4,1,1,1,1,1,1,4),(47.1238898038469,
47.5596596401344,48.5518487726752,49.5440379052161,50.5362270377569,51.5284161702977,
52.5206053028385,53.4070751110265),.UNSPECIFIED.);
#1144=B_SPLINE_CURVE_WITH_KNOTS('',3,(#9403,#9404,#9405,#9406,#9407,#9408,
#9409,#9410,#9411,#9412,#9413),.UNSPECIFIED.,.F.,.F.,(4,1,1,1,1,1,1,1,4),
(47.1238898038469,47.14225376692,48.1344428994608,49.1266320320016,50.1188211645424,
51.1110102970832,52.103199429624,53.0953885621648,53.4070751110265),
 .UNSPECIFIED.);
#1145=B_SPLINE_CURVE_WITH_KNOTS('',3,(#9418,#9419,#9420,#9421,#9422,#9423,
#9424,#9425,#9426,#9427),.UNSPECIFIED.,.F.,.F.,(4,1,1,1,1,1,1,4),(40.8407044966673,
41.6065248448896,42.5987139774304,43.5909031099712,44.583092242512,45.5752813750528,
46.5674705075936,47.1238898038469),.UNSPECIFIED.);
#1146=B_SPLINE_CURVE_WITH_KNOTS('',3,(#9428,#9429,#9430,#9431,#9432,#9433,
#9434,#9435,#9436,#9437),.UNSPECIFIED.,.F.,.F.,(4,1,1,1,1,1,1,4),(40.8407044966673,
41.1891189716751,42.1813081042159,43.1734972367567,44.1656863692975,45.1578755018383,
46.1500646343791,47.1238898038469),.UNSPECIFIED.);
#1147=B_SPLINE_CURVE_WITH_KNOTS('',3,(#9442,#9443,#9444,#9445,#9446,#9447,
#9448,#9449,#9450,#9451,#9452),.UNSPECIFIED.,.F.,.F.,(4,1,1,1,1,1,1,1,4),
(34.5575191894877,34.661200917104,35.6533900496448,36.6455791821856,37.6377683147264,
38.6299574472672,39.622146579808,40.6143357123488,40.8407044966673),
 .UNSPECIFIED.);
#1148=B_SPLINE_CURVE_WITH_KNOTS('',3,(#9453,#9454,#9455,#9456,#9457,#9458,
#9459,#9460,#9461,#9462),.UNSPECIFIED.,.F.,.F.,(4,1,1,1,1,1,1,4),(34.5575191894877,
35.2359841764303,36.2281733089711,37.2203624415119,38.2125515740527,39.2047407065935,
40.1969298391343,40.8407044966673),.UNSPECIFIED.);
#1149=B_SPLINE_CURVE_WITH_KNOTS('',3,(#9467,#9468,#9469,#9470,#9471,#9472,
#9473,#9474,#9475,#9476),.UNSPECIFIED.,.F.,.F.,(4,1,1,1,1,1,1,4),(28.2743338823081,
28.7080661218591,29.7002552543999,30.6924443869407,31.6846335194816,32.6768226520224,
33.6690117845632,34.5575191894877),.UNSPECIFIED.);
#1150=B_SPLINE_CURVE_WITH_KNOTS('',3,(#9477,#9478,#9479,#9480,#9481,#9482,
#9483,#9484,#9485,#9486,#9487),.UNSPECIFIED.,.F.,.F.,(4,1,1,1,1,1,1,1,4),
(28.2743338823081,28.2906602486446,29.2828493811854,30.2750385137263,31.2672276462671,
32.2594167788079,33.2516059113487,34.2437950438895,34.5575191894877),
 .UNSPECIFIED.);
#1151=B_SPLINE_CURVE_WITH_KNOTS('',3,(#9492,#9493,#9494,#9495,#9496,#9497,
#9498,#9499,#9500,#9501),.UNSPECIFIED.,.F.,.F.,(4,1,1,1,1,1,1,4),(21.9911485751285,
22.7549313266143,23.7471204591551,24.7393095916959,25.7314987242367,26.7236878567775,
27.7158769893183,28.2743338823081),.UNSPECIFIED.);
#1152=B_SPLINE_CURVE_WITH_KNOTS('',3,(#9502,#9503,#9504,#9505,#9506,#9507,
#9508,#9509,#9510,#9511),.UNSPECIFIED.,.F.,.F.,(4,1,1,1,1,1,1,4),(21.9911485751285,
22.3375254533998,23.3297145859406,24.3219037184814,25.3140928510222,26.306281983563,
27.2984711161038,28.2743338823081),.UNSPECIFIED.);
#1153=B_SPLINE_CURVE_WITH_KNOTS('',3,(#9517,#9518,#9519,#9520,#9521),
 .UNSPECIFIED.,.F.,.F.,(4,1,4),(14.4000123930734,15.3922015256142,15.707963267949),
 .UNSPECIFIED.);
#1154=B_SPLINE_CURVE_WITH_KNOTS('',3,(#9524,#9525,#9526,#9527,#9528),
 .UNSPECIFIED.,.F.,.F.,(4,1,4),(13.8743214892347,14.8174182662879,15.707963267949),
 .UNSPECIFIED.);
#1155=B_SPLINE_CURVE_WITH_KNOTS('',3,(#9534,#9535,#9536,#9537,#9538),
 .UNSPECIFIED.,.F.,.F.,(4,1,4),(53.4070751110265,53.5127944353793,54.5049835679201),
 .UNSPECIFIED.);
#1156=B_SPLINE_CURVE_WITH_KNOTS('',3,(#9541,#9542,#9543,#9544,#9545),
 .UNSPECIFIED.,.F.,.F.,(4,1,4),(53.4070751110265,54.0875776947056,55.0306744717587),
 .UNSPECIFIED.);
#1157=B_SPLINE_CURVE_WITH_KNOTS('',3,(#9550,#9551,#9552,#9553,#9554,#9555,
#9556,#9557,#9558,#9559),.UNSPECIFIED.,.F.,.F.,(4,1,1,1,1,1,1,4),(47.1238898038469,
47.5596596401345,48.5518487726753,49.5440379052161,50.5362270377569,51.5284161702977,
52.5206053028385,53.4070751110265),.UNSPECIFIED.);
#1158=B_SPLINE_CURVE_WITH_KNOTS('',3,(#9560,#9561,#9562,#9563,#9564,#9565,
#9566,#9567,#9568,#9569,#9570),.UNSPECIFIED.,.F.,.F.,(4,1,1,1,1,1,1,1,4),
(47.1238898038469,47.1422537669199,48.1344428994608,49.1266320320016,50.1188211645424,
51.1110102970832,52.103199429624,53.0953885621648,53.4070751110265),
 .UNSPECIFIED.);
#1159=B_SPLINE_CURVE_WITH_KNOTS('',3,(#9575,#9576,#9577,#9578,#9579,#9580,
#9581,#9582,#9583,#9584),.UNSPECIFIED.,.F.,.F.,(4,1,1,1,1,1,1,4),(40.8407044966673,
41.6065248448896,42.5987139774304,43.5909031099712,44.583092242512,45.5752813750528,
46.5674705075936,47.1238898038469),.UNSPECIFIED.);
#1160=B_SPLINE_CURVE_WITH_KNOTS('',3,(#9585,#9586,#9587,#9588,#9589,#9590,
#9591,#9592,#9593,#9594),.UNSPECIFIED.,.F.,.F.,(4,1,1,1,1,1,1,4),(40.8407044966673,
41.1891189716751,42.1813081042159,43.1734972367567,44.1656863692975,45.1578755018383,
46.1500646343791,47.1238898038469),.UNSPECIFIED.);
#1161=B_SPLINE_CURVE_WITH_KNOTS('',3,(#9599,#9600,#9601,#9602,#9603,#9604,
#9605,#9606,#9607,#9608,#9609),.UNSPECIFIED.,.F.,.F.,(4,1,1,1,1,1,1,1,4),
(34.5575191894877,34.661200917104,35.6533900496448,36.6455791821856,37.6377683147264,
38.6299574472672,39.622146579808,40.6143357123488,40.8407044966673),
 .UNSPECIFIED.);
#1162=B_SPLINE_CURVE_WITH_KNOTS('',3,(#9610,#9611,#9612,#9613,#9614,#9615,
#9616,#9617,#9618,#9619),.UNSPECIFIED.,.F.,.F.,(4,1,1,1,1,1,1,4),(34.5575191894877,
35.2359841764303,36.2281733089711,37.2203624415119,38.2125515740527,39.2047407065935,
40.1969298391343,40.8407044966673),.UNSPECIFIED.);
#1163=B_SPLINE_CURVE_WITH_KNOTS('',3,(#9624,#9625,#9626,#9627,#9628,#9629,
#9630,#9631,#9632,#9633),.UNSPECIFIED.,.F.,.F.,(4,1,1,1,1,1,1,4),(28.2743338823081,
28.7080661218591,29.7002552543999,30.6924443869407,31.6846335194816,32.6768226520224,
33.6690117845632,34.5575191894877),.UNSPECIFIED.);
#1164=B_SPLINE_CURVE_WITH_KNOTS('',3,(#9634,#9635,#9636,#9637,#9638,#9639,
#9640,#9641,#9642,#9643,#9644),.UNSPECIFIED.,.F.,.F.,(4,1,1,1,1,1,1,1,4),
(28.2743338823081,28.2906602486446,29.2828493811854,30.2750385137262,31.2672276462671,
32.2594167788079,33.2516059113487,34.2437950438895,34.5575191894877),
 .UNSPECIFIED.);
#1165=B_SPLINE_CURVE_WITH_KNOTS('',3,(#9649,#9650,#9651,#9652,#9653,#9654,
#9655,#9656,#9657,#9658),.UNSPECIFIED.,.F.,.F.,(4,1,1,1,1,1,1,4),(21.9911485751285,
22.7549313266143,23.7471204591551,24.7393095916959,25.7314987242367,26.7236878567775,
27.7158769893183,28.2743338823081),.UNSPECIFIED.);
#1166=B_SPLINE_CURVE_WITH_KNOTS('',3,(#9659,#9660,#9661,#9662,#9663,#9664,
#9665,#9666,#9667,#9668),.UNSPECIFIED.,.F.,.F.,(4,1,1,1,1,1,1,4),(21.9911485751285,
22.3375254533998,23.3297145859406,24.3219037184814,25.3140928510222,26.306281983563,
27.2984711161038,28.2743338823081),.UNSPECIFIED.);
#1167=B_SPLINE_CURVE_WITH_KNOTS('',3,(#9674,#9675,#9676,#9677,#9678),
 .UNSPECIFIED.,.F.,.F.,(4,1,4),(14.4000123930733,15.3922015256142,15.707963267949),
 .UNSPECIFIED.);
#1168=B_SPLINE_CURVE_WITH_KNOTS('',3,(#9681,#9682,#9683,#9684,#9685),
 .UNSPECIFIED.,.F.,.F.,(4,1,4),(13.8743214892347,14.8174182662879,15.707963267949),
 .UNSPECIFIED.);
#1169=B_SPLINE_CURVE_WITH_KNOTS('',3,(#10084,#10085,#10086,#10087,#10088,
#10089,#10090,#10091,#10092,#10093,#10094,#10095,#10096,#10097,#10098,#10099,
#10100,#10101,#10102,#10103,#10104,#10105,#10106,#10107,#10108,#10109,#10110,
#10111,#10112,#10113,#10114,#10115,#10116,#10117,#10118,#10119,#10120),
 .UNSPECIFIED.,.F.,.F.,(4,3,3,3,3,3,3,3,3,3,3,3,4),(0.,0.0179033416018402,
0.0368265589695619,0.0512074871386303,0.0701406524378822,0.090358400840094,
0.110576149242306,0.131176858312886,0.151660422145221,0.168487397964098,
0.189884056142857,0.211477642233602,0.223359639502527),.UNSPECIFIED.);
#1170=B_SPLINE_CURVE_WITH_KNOTS('',3,(#10122,#10123,#10124,#10125,#10126,
#10127,#10128,#10129),.UNSPECIFIED.,.F.,.F.,(4,2,2,4),(0.00196628108195515,
0.104238749591281,0.198361985622661,0.291181626793847),.UNSPECIFIED.);
#1171=B_SPLINE_CURVE_WITH_KNOTS('',3,(#10131,#10132,#10133,#10134,#10135,
#10136,#10137,#10138,#10139,#10140,#10141,#10142,#10143,#10144,#10145,#10146,
#10147,#10148,#10149,#10150,#10151,#10152,#10153,#10154,#10155,#10156,#10157,
#10158),.UNSPECIFIED.,.F.,.F.,(4,3,3,3,3,3,3,3,3,4),(0.,0.0163781220947281,
0.0336974713593162,0.0515784798145071,0.0701328049900568,0.0719734686144128,
0.0931037815606228,0.114384958397545,0.135200740244878,0.145630744006494),
 .UNSPECIFIED.);
#1172=B_SPLINE_CURVE_WITH_KNOTS('',3,(#10161,#10162,#10163,#10164,#10165,
#10166),.UNSPECIFIED.,.F.,.F.,(4,2,4),(0.,0.105750901880667,0.212019781754588),
 .UNSPECIFIED.);
#1173=B_SPLINE_CURVE_WITH_KNOTS('',3,(#10189,#10190,#10191,#10192,#10193,
#10194,#10195,#10196,#10197,#10198,#10199,#10200,#10201),.UNSPECIFIED.,
 .F.,.F.,(4,3,3,3,4),(0.,0.0172993954281508,0.0354354530170904,0.050673293088456,
0.051063528860879),.UNSPECIFIED.);
#1174=B_SPLINE_CURVE_WITH_KNOTS('',3,(#10204,#10205,#10206,#10207,#10208,
#10209,#10210,#10211,#10212,#10213),.UNSPECIFIED.,.F.,.F.,(4,2,2,2,4),(0.,
0.110195958133402,0.217009672914983,0.326418942769197,0.435140356010652),
 .UNSPECIFIED.);
#1175=B_SPLINE_CURVE_WITH_KNOTS('',3,(#10214,#10215,#10216,#10217,#10218,
#10219,#10220,#10221,#10222,#10223),.UNSPECIFIED.,.F.,.F.,(4,2,2,2,4),(0.,
0.106824603299197,0.211854029623358,0.298653569452549,0.38393838215811),
 .UNSPECIFIED.);
#1176=B_SPLINE_CURVE_WITH_KNOTS('',3,(#10251,#10252,#10253,#10254,#10255,
#10256,#10257,#10258,#10259,#10260),.UNSPECIFIED.,.F.,.F.,(4,3,3,4),(0.,
0.0175302085143723,0.0342968882597042,0.0510635680050362),.UNSPECIFIED.);
#1177=B_SPLINE_CURVE_WITH_KNOTS('',3,(#10262,#10263,#10264,#10265,#10266,
#10267,#10268,#10269,#10270,#10271),.UNSPECIFIED.,.F.,.F.,(4,2,2,2,4),(0.,
0.110396755194594,0.217456932959833,0.299719171216627,0.384023062448212),
 .UNSPECIFIED.);
#1178=B_SPLINE_CURVE_WITH_KNOTS('',3,(#10274,#10275,#10276,#10277,#10278,
#10279,#10280,#10281,#10282,#10283,#10284,#10285),.UNSPECIFIED.,.F.,.F.,
(4,2,2,2,2,4),(0.,0.107993406400229,0.21286871498243,0.323366620637934,
0.37984033762763,0.434781982537758),.UNSPECIFIED.);
#1179=B_SPLINE_CURVE_WITH_KNOTS('',3,(#10314,#10315,#10316,#10317,#10318,
#10319,#10320,#10321),.UNSPECIFIED.,.F.,.F.,(4,2,2,4),(0.00132388997546289,
0.111611179012829,0.168902054513922,0.224637653270029),.UNSPECIFIED.);
#1180=B_SPLINE_CURVE_WITH_KNOTS('',3,(#10322,#10323,#10324,#10325,#10326,
#10327),.UNSPECIFIED.,.F.,.F.,(4,2,4),(0.,0.107701864357926,0.212002436037773),
 .UNSPECIFIED.);
#1181=B_SPLINE_CURVE_WITH_KNOTS('',3,(#10329,#10330,#10331,#10332,#10333,
#10334,#10335,#10336,#10337,#10338,#10339,#10340,#10341,#10342,#10343,#10344,
#10345,#10346,#10347,#10348,#10349,#10350,#10351,#10352,#10353,#10354,#10355,
#10356),.UNSPECIFIED.,.F.,.F.,(4,3,3,3,3,3,3,3,3,4),(0.,0.021145669788118,
0.0422137694536979,0.0628350293034082,0.0735987839015735,0.0917730213316683,
0.0936248011570308,0.112083753104449,0.129688804504599,0.145633102888124),
 .UNSPECIFIED.);
#1182=B_SPLINE_CURVE_WITH_KNOTS('',3,(#10358,#10359,#10360,#10361,#10362,
#10363,#10364,#10365),.UNSPECIFIED.,.F.,.F.,(4,2,2,4),(0.,0.110416994472154,
0.20146153412434,0.289284953087448),.UNSPECIFIED.);
#1183=B_SPLINE_CURVE_WITH_KNOTS('',3,(#10390,#10391,#10392,#10393,#10394,
#10395,#10396,#10397,#10398,#10399,#10400),.UNSPECIFIED.,.F.,.F.,(4,1,1,
1,1,1,1,1,4),(15.707963267949,15.8096073988287,16.8017965313695,17.7939856639103,
18.7861747964511,19.7783639289919,20.7705530615327,21.7627421940735,21.9911485751285),
 .UNSPECIFIED.);
#1184=B_SPLINE_CURVE_WITH_KNOTS('',3,(#10401,#10402,#10403,#10404,#10405,
#10406,#10407,#10408,#10409,#10410),.UNSPECIFIED.,.F.,.F.,(4,1,1,1,1,1,
1,4),(15.707963267949,16.384390658155,17.3765797906958,18.3687689232366,
19.3609580557774,20.3531471883182,21.345336320859,21.9911485751285),
 .UNSPECIFIED.);
#1185=B_SPLINE_CURVE_WITH_KNOTS('',3,(#10595,#10596,#10597,#10598,#10599,
#10600,#10601,#10602,#10603,#10604,#10605,#10606,#10607,#10608,#10609,#10610,
#10611,#10612,#10613,#10614,#10615,#10616,#10617,#10618,#10619,#10620,#10621,
#10622,#10623,#10624,#10625,#10626,#10627,#10628,#10629,#10630,#10631,#10632,
#10633,#10634,#10635,#10636,#10637,#10638,#10639,#10640,#10641,#10642,#10643,
#10644,#10645,#10646,#10647,#10648,#10649,#10650,#10651,#10652,#10653,#10654,
#10655,#10656,#10657,#10658,#10659,#10660,#10661,#10662,#10663,#10664,#10665,
#10666,#10667,#10668,#10669,#10670,#10671,#10672,#10673),.UNSPECIFIED.,
 .F.,.F.,(4,3,3,3,3,3,3,3,3,3,3,3,3,3,3,3,3,3,3,3,3,3,3,3,3,3,4),(-0.238077416065663,
-0.222201854348059,-0.208198794574842,-0.203907700897853,-0.18825972122747,
-0.179194419501301,-0.175973618676964,-0.172580010726993,-0.157450433166577,
-0.142614620470245,-0.134925996455301,-0.130356219417303,-0.12700657897717,
-0.115737307418116,-0.10092971596289,-0.0889573536795055,-0.0843966786103872,
-0.0815301694749774,-0.0671678829885418,-0.0529507797929284,-0.0458923526267368,
-0.0412325683188729,-0.0385733825340403,-0.0248986507805652,-0.0116971263039487,
-0.00515081769581616,0.),.UNSPECIFIED.);
#1186=B_SPLINE_CURVE_WITH_KNOTS('',3,(#10674,#10675,#10676,#10677,#10678,
#10679,#10680,#10681,#10682,#10683,#10684,#10685,#10686,#10687,#10688,#10689,
#10690,#10691,#10692,#10693,#10694,#10695,#10696,#10697,#10698,#10699,#10700,
#10701,#10702,#10703,#10704,#10705,#10706,#10707,#10708,#10709,#10710,#10711,
#10712,#10713,#10714,#10715,#10716,#10717,#10718,#10719,#10720,#10721,#10722,
#10723,#10724,#10725,#10726,#10727,#10728,#10729,#10730,#10731,#10732,#10733,
#10734,#10735,#10736,#10737,#10738,#10739,#10740,#10741,#10742,#10743,#10744,
#10745,#10746,#10747,#10748,#10749,#10750,#10751,#10752),.UNSPECIFIED.,
 .F.,.F.,(4,3,3,3,3,3,3,3,3,3,3,3,3,3,3,3,3,3,3,3,3,3,3,3,3,3,4),(0.,0.0130306607985527,
0.0266575982844483,0.0370729033063518,0.0405149905390644,0.0428680891280165,
0.0569340771513003,0.071886936158965,0.0814102117341428,0.0840510980784129,
0.0867212456219573,0.101520851300025,0.109980038459676,0.124388126617595,
0.128187980086271,0.130907359669717,0.145687438333691,0.160834139586416,
0.169698818085219,0.174560589012755,0.177674138215329,0.193340180840901,
0.203424504342726,0.206956926335081,0.222857243571832,0.231751567576841,
0.238077416065719),.UNSPECIFIED.);
#1187=B_SPLINE_CURVE_WITH_KNOTS('',3,(#10753,#10754,#10755,#10756,#10757,
#10758,#10759,#10760,#10761,#10762,#10763,#10764,#10765,#10766,#10767,#10768,
#10769,#10770,#10771,#10772,#10773,#10774,#10775,#10776,#10777),
 .UNSPECIFIED.,.F.,.F.,(4,3,3,3,3,3,3,3,4),(-10.1502977064631,-9.92189132540806,
-8.92970219286725,-7.93751306032644,-6.94532392778563,-5.95313479524483,
-4.96094566270402,-3.96875653016321,-3.86711239928351),.UNSPECIFIED.);
#1188=B_SPLINE_CURVE_WITH_KNOTS('',3,(#10962,#10963,#10964,#10965,#10966,
#10967,#10968,#10969,#10970,#10971,#10972,#10973,#10974,#10975,#10976,#10977,
#10978,#10979,#10980,#10981,#10982,#10983,#10984,#10985,#10986,#10987,#10988,
#10989,#10990,#10991,#10992,#10993,#10994,#10995,#10996,#10997,#10998,#10999,
#11000,#11001,#11002,#11003,#11004,#11005,#11006,#11007,#11008,#11009,#11010,
#11011,#11012,#11013,#11014,#11015,#11016,#11017,#11018,#11019,#11020,#11021,
#11022,#11023,#11024,#11025,#11026,#11027,#11028,#11029,#11030,#11031,#11032,
#11033,#11034,#11035,#11036,#11037),.UNSPECIFIED.,.F.,.F.,(4,3,3,3,3,3,
3,3,3,3,3,3,3,3,3,3,3,3,3,3,3,3,3,3,3,4),(-0.239178774929369,-0.225383677672458,
-0.214585285883051,-0.210570813506989,-0.196613217521974,-0.187103092785622,
-0.184004676754628,-0.169509045216487,-0.154964341334437,-0.147718290733225,
-0.142435336756782,-0.139677547914949,-0.12881799687408,-0.114460405501406,
-0.100947218765175,-0.0970641464687266,-0.0939892073946416,-0.0788949910068458,
-0.0634749628876664,-0.0554959157078215,-0.0494027876191444,-0.0464930788928266,
-0.030595518386668,-0.0148455244896453,-0.00635491161155833,0.),
 .UNSPECIFIED.);
#1189=B_SPLINE_CURVE_WITH_KNOTS('',3,(#11038,#11039,#11040,#11041,#11042,
#11043,#11044,#11045,#11046,#11047,#11048,#11049,#11050,#11051,#11052,#11053,
#11054,#11055,#11056,#11057,#11058,#11059),.UNSPECIFIED.,.F.,.F.,(4,3,3,
3,3,3,3,4),(7.5911361820552,7.93751306032646,8.92970219286727,9.92189132540807,
10.9140804579489,11.9062695904897,12.8984587230305,13.8743214892348),
 .UNSPECIFIED.);
#1190=B_SPLINE_CURVE_WITH_KNOTS('',3,(#11060,#11061,#11062,#11063,#11064,
#11065,#11066,#11067,#11068,#11069,#11070,#11071,#11072,#11073,#11074,#11075,
#11076,#11077,#11078,#11079,#11080,#11081,#11082,#11083,#11084,#11085,#11086,
#11087,#11088,#11089,#11090,#11091,#11092,#11093,#11094,#11095,#11096,#11097,
#11098,#11099,#11100,#11101,#11102,#11103,#11104,#11105,#11106,#11107,#11108,
#11109,#11110,#11111,#11112,#11113,#11114,#11115,#11116,#11117,#11118,#11119,
#11120,#11121,#11122,#11123,#11124,#11125,#11126,#11127,#11128,#11129,#11130,
#11131,#11132,#11133,#11134,#11135,#11136,#11137,#11138),.UNSPECIFIED.,
 .F.,.F.,(4,3,3,3,3,3,3,3,3,3,3,3,3,3,3,3,3,3,3,3,3,3,3,3,3,3,4),(0.,0.0157279806642209,
0.0316411778522316,0.0430652826221467,0.0477624041809928,0.0512640032690495,
0.0667186544428568,0.081821854017371,0.0921248945159162,0.09619677613064,
0.099010884444574,0.113626349682282,0.123034016011552,0.136905936358587,
0.141824604501556,0.144397595326848,0.158936980215994,0.173424919559199,
0.180997976962778,0.185206106708175,0.188190183784155,0.20208362127915,
0.211004746132639,0.215283215765615,0.228610649497138,0.234009378787834,
0.239178774929344),.UNSPECIFIED.);
#1191=B_SPLINE_CURVE_WITH_KNOTS('',3,(#11140,#11141,#11142,#11143,#11144,
#11145,#11146,#11147,#11148,#11149,#11150),.UNSPECIFIED.,.F.,.F.,(4,1,1,
1,1,1,1,1,4),(15.707963267949,15.8096073988287,16.8017965313695,17.7939856639103,
18.7861747964511,19.7783639289919,20.7705530615327,21.7627421940735,21.9911485751285),
 .UNSPECIFIED.);
#1192=B_SPLINE_CURVE_WITH_KNOTS('',3,(#11151,#11152,#11153,#11154,#11155,
#11156,#11157,#11158,#11159,#11160),.UNSPECIFIED.,.F.,.F.,(4,1,1,1,1,1,
1,4),(15.707963267949,16.384390658155,17.3765797906958,18.3687689232366,
19.3609580557774,20.3531471883182,21.345336320859,21.9911485751285),
 .UNSPECIFIED.);
#1193=B_SPLINE_CURVE_WITH_KNOTS('',3,(#11345,#11346,#11347,#11348,#11349,
#11350,#11351,#11352,#11353,#11354,#11355,#11356,#11357,#11358,#11359,#11360,
#11361,#11362,#11363,#11364,#11365,#11366,#11367,#11368,#11369,#11370,#11371,
#11372,#11373,#11374,#11375,#11376,#11377,#11378,#11379,#11380,#11381,#11382,
#11383,#11384,#11385,#11386,#11387,#11388,#11389,#11390,#11391,#11392,#11393,
#11394,#11395,#11396,#11397,#11398,#11399,#11400,#11401,#11402,#11403,#11404,
#11405,#11406,#11407,#11408,#11409,#11410,#11411,#11412,#11413,#11414,#11415,
#11416,#11417,#11418,#11419,#11420,#11421,#11422,#11423),.UNSPECIFIED.,
 .F.,.F.,(4,3,3,3,3,3,3,3,3,3,3,3,3,3,3,3,3,3,3,3,3,3,3,3,3,3,4),(-0.238077416065701,
-0.222201312157361,-0.208197194855185,-0.203907075033501,-0.188259172215347,
-0.179193939115694,-0.175973106469917,-0.172579803324233,-0.157450595115523,
-0.142615145121891,-0.134926621107824,-0.130357464228839,-0.127006810199027,
-0.115737307418123,-0.100929624262048,-0.0889572734412687,-0.0843968290401523,
-0.0815302756560039,-0.0671678939174621,-0.0529509346585687,-0.0458923809543411,
-0.0412331986378696,-0.0385736456382608,-0.0248991565269418,-0.0116983702783238,
-0.00515081769581685,0.),.UNSPECIFIED.);
#1194=B_SPLINE_CURVE_WITH_KNOTS('',3,(#11424,#11425,#11426,#11427,#11428,
#11429,#11430,#11431,#11432,#11433,#11434,#11435,#11436,#11437,#11438,#11439,
#11440,#11441,#11442,#11443,#11444,#11445,#11446,#11447,#11448,#11449,#11450,
#11451,#11452,#11453,#11454,#11455,#11456,#11457,#11458,#11459,#11460,#11461,
#11462,#11463,#11464,#11465,#11466,#11467,#11468,#11469,#11470,#11471,#11472,
#11473,#11474,#11475,#11476,#11477,#11478,#11479,#11480,#11481,#11482,#11483,
#11484,#11485,#11486,#11487,#11488,#11489,#11490,#11491,#11492,#11493,#11494,
#11495,#11496,#11497,#11498,#11499,#11500,#11501,#11502),.UNSPECIFIED.,
 .F.,.F.,(4,3,3,3,3,3,3,3,3,3,3,3,3,3,3,3,3,3,3,3,3,3,3,3,3,3,4),(0.,0.0130323120537432,
0.0266604594208938,0.0370754068007436,0.0405146916390247,0.0428678442838163,
0.0569350262997956,0.0718931838310379,0.0814148974882015,0.0840527603597964,
0.0867216023885562,0.101521122307451,0.109980038459692,0.12438734185019,
0.128185724294717,0.130905592909242,0.145684739504455,0.160830989524113,
0.169696061780707,0.174556306955646,0.177672187791433,0.19333815220714,
0.203421687580644,0.20695542629698,0.222855791687373,0.231751567576865,
0.238077416065744),.UNSPECIFIED.);
#1195=B_SPLINE_CURVE_WITH_KNOTS('',3,(#11503,#11504,#11505,#11506,#11507,
#11508,#11509,#11510,#11511,#11512,#11513,#11514,#11515,#11516,#11517,#11518,
#11519,#11520,#11521,#11522,#11523,#11524,#11525,#11526,#11527),
 .UNSPECIFIED.,.F.,.F.,(4,3,3,3,3,3,3,3,4),(-10.1502977064631,-9.92189132540806,
-8.92970219286726,-7.93751306032645,-6.94532392778564,-5.95313479524484,
-4.96094566270403,-3.96875653016323,-3.86711239928353),.UNSPECIFIED.);
#1196=B_SPLINE_CURVE_WITH_KNOTS('',3,(#11712,#11713,#11714,#11715,#11716,
#11717,#11718,#11719,#11720,#11721,#11722,#11723,#11724,#11725,#11726,#11727,
#11728,#11729,#11730,#11731,#11732,#11733,#11734,#11735,#11736,#11737,#11738,
#11739,#11740,#11741,#11742,#11743,#11744,#11745,#11746,#11747,#11748,#11749,
#11750,#11751,#11752,#11753,#11754,#11755,#11756,#11757,#11758,#11759,#11760,
#11761,#11762,#11763,#11764,#11765,#11766,#11767,#11768,#11769,#11770,#11771,
#11772,#11773,#11774,#11775,#11776,#11777,#11778,#11779,#11780,#11781,#11782,
#11783,#11784,#11785,#11786,#11787),.UNSPECIFIED.,.F.,.F.,(4,3,3,3,3,3,
3,3,3,3,3,3,3,3,3,3,3,3,3,3,3,3,3,3,3,4),(-0.23917877492945,-0.225383677672531,
-0.214586509822959,-0.210571208512228,-0.196612496621333,-0.187101642222886,
-0.184004074435843,-0.169507819144142,-0.154963252461147,-0.147717881609832,
-0.142434059612088,-0.139677304381319,-0.128817996874103,-0.114461450553562,
-0.100948133185812,-0.0970695668461477,-0.0939899249356767,-0.0788964786101296,
-0.0634767304617148,-0.0554975968896349,-0.0494182438574086,-0.0464965308514657,
-0.0305991446219222,-0.0148491039461953,-0.0063549116115602,0.),
 .UNSPECIFIED.);
#1197=B_SPLINE_CURVE_WITH_KNOTS('',3,(#11788,#11789,#11790,#11791,#11792,
#11793,#11794,#11795,#11796,#11797,#11798,#11799,#11800,#11801,#11802,#11803,
#11804,#11805,#11806,#11807,#11808,#11809),.UNSPECIFIED.,.F.,.F.,(4,3,3,
3,3,3,3,4),(7.59113618205518,7.93751306032645,8.92970219286725,9.92189132540806,
10.9140804579489,11.9062695904897,12.8984587230305,13.8743214892348),
 .UNSPECIFIED.);
#1198=B_SPLINE_CURVE_WITH_KNOTS('',3,(#11810,#11811,#11812,#11813,#11814,
#11815,#11816,#11817,#11818,#11819,#11820,#11821,#11822,#11823,#11824,#11825,
#11826,#11827,#11828,#11829,#11830,#11831,#11832,#11833,#11834,#11835,#11836,
#11837,#11838,#11839,#11840,#11841,#11842,#11843,#11844,#11845,#11846,#11847,
#11848,#11849,#11850,#11851,#11852,#11853,#11854,#11855,#11856,#11857,#11858,
#11859,#11860,#11861,#11862,#11863,#11864,#11865,#11866,#11867,#11868,#11869,
#11870,#11871,#11872,#11873,#11874,#11875,#11876,#11877,#11878,#11879,#11880,
#11881,#11882,#11883,#11884,#11885,#11886,#11887,#11888),.UNSPECIFIED.,
 .F.,.F.,(4,3,3,3,3,3,3,3,3,3,3,3,3,3,3,3,3,3,3,3,3,3,3,3,3,3,4),(0.,0.0157288959835342,
0.0316421553761532,0.0430661379555844,0.0477646876648398,0.0512646358028895,
0.0667192713071989,0.0818220612892862,0.0921250499698654,0.0961978793618106,
0.0990130843632237,0.113628152476231,0.123034016011603,0.136905936358647,
0.141824601030091,0.144397536283993,0.158937004928655,0.173424907769087,
0.180997966646446,0.185205415791404,0.188189410850252,0.202082515199862,
0.211003034912234,0.215282914344265,0.22860971843768,0.234009378787956,
0.23917877492947),.UNSPECIFIED.);
#1199=B_SPLINE_CURVE_WITH_KNOTS('',3,(#11890,#11891,#11892,#11893,#11894,
#11895,#11896,#11897,#11898,#11899,#11900),.UNSPECIFIED.,.F.,.F.,(4,1,1,
1,1,1,1,1,4),(15.707963267949,15.8096073988287,16.8017965313695,17.7939856639103,
18.7861747964511,19.7783639289919,20.7705530615327,21.7627421940735,21.9911485751285),
 .UNSPECIFIED.);
#1200=B_SPLINE_CURVE_WITH_KNOTS('',3,(#11901,#11902,#11903,#11904,#11905,
#11906,#11907,#11908,#11909,#11910),.UNSPECIFIED.,.F.,.F.,(4,1,1,1,1,1,
1,4),(15.707963267949,16.384390658155,17.3765797906958,18.3687689232366,
19.3609580557774,20.3531471883182,21.345336320859,21.9911485751285),
 .UNSPECIFIED.);
#1201=B_SPLINE_CURVE_WITH_KNOTS('',3,(#12095,#12096,#12097,#12098,#12099,
#12100,#12101,#12102,#12103,#12104,#12105,#12106,#12107,#12108,#12109,#12110,
#12111,#12112,#12113,#12114,#12115,#12116,#12117,#12118,#12119,#12120,#12121,
#12122,#12123,#12124,#12125,#12126,#12127,#12128,#12129,#12130,#12131,#12132,
#12133,#12134,#12135,#12136,#12137,#12138,#12139,#12140,#12141,#12142,#12143,
#12144,#12145,#12146,#12147,#12148,#12149,#12150,#12151,#12152,#12153,#12154,
#12155,#12156,#12157,#12158,#12159,#12160,#12161,#12162,#12163,#12164,#12165,
#12166,#12167,#12168,#12169,#12170,#12171,#12172,#12173),.UNSPECIFIED.,
 .F.,.F.,(4,3,3,3,3,3,3,3,3,3,3,3,3,3,3,3,3,3,3,3,3,3,3,3,3,3,4),(-0.238077416065701,
-0.222201612601212,-0.208198081858978,-0.203907422216778,-0.188259474297334,
-0.179194203437433,-0.175973389686393,-0.172579917993287,-0.157450501509189,
-0.142614847056122,-0.134926266746586,-0.130356755305229,-0.127006677057978,
-0.115737307418123,-0.100929674011664,-0.0889573169721835,-0.0843967406254612,
-0.0815302143296241,-0.0671678839173314,-0.0529508394327038,-0.0458923590230081,
-0.0412328532428895,-0.038573499473262,-0.0248988691593593,-0.0116976616700535,
-0.00515081769581685,0.),.UNSPECIFIED.);
#1202=B_SPLINE_CURVE_WITH_KNOTS('',3,(#12174,#12175,#12176,#12177,#12178,
#12179,#12180,#12181,#12182,#12183,#12184,#12185,#12186,#12187,#12188,#12189,
#12190,#12191,#12192,#12193,#12194,#12195,#12196,#12197,#12198,#12199,#12200,
#12201,#12202,#12203,#12204,#12205,#12206,#12207,#12208,#12209,#12210,#12211,
#12212,#12213,#12214,#12215,#12216,#12217,#12218,#12219,#12220,#12221,#12222,
#12223,#12224,#12225,#12226,#12227,#12228,#12229,#12230,#12231,#12232,#12233,
#12234,#12235,#12236,#12237,#12238,#12239,#12240,#12241,#12242,#12243,#12244,
#12245,#12246,#12247,#12248,#12249,#12250,#12251,#12252),.UNSPECIFIED.,
 .F.,.F.,(4,3,3,3,3,3,3,3,3,3,3,3,3,3,3,3,3,3,3,3,3,3,3,3,3,3,4),(0.,0.0130313923400396,
0.0266588672097417,0.0370740136159856,0.0405148533682164,0.0428679761840112,
0.0569344944721984,0.0718896978851409,0.0814122830287788,0.0840517611492763,
0.0867213923724844,0.101520964100467,0.109980038459692,0.124387783476925,
0.128186999785589,0.130906591477564,0.145686262885785,0.160832766435672,
0.169697616578321,0.174558724581534,0.177673284289462,0.193339292562022,
0.203423270984532,0.206956258173686,0.222856597531155,0.231751567576865,
0.238077416065744),.UNSPECIFIED.);
#1203=B_SPLINE_CURVE_WITH_KNOTS('',3,(#12253,#12254,#12255,#12256,#12257,
#12258,#12259,#12260,#12261,#12262,#12263,#12264,#12265,#12266,#12267,#12268,
#12269,#12270,#12271,#12272,#12273,#12274,#12275,#12276,#12277),
 .UNSPECIFIED.,.F.,.F.,(4,3,3,3,3,3,3,3,4),(-10.1502977064631,-9.92189132540806,
-8.92970219286726,-7.93751306032645,-6.94532392778564,-5.95313479524484,
-4.96094566270403,-3.96875653016323,-3.86711239928353),.UNSPECIFIED.);
#1204=B_SPLINE_CURVE_WITH_KNOTS('',3,(#12462,#12463,#12464,#12465,#12466,
#12467,#12468,#12469,#12470,#12471,#12472,#12473,#12474,#12475,#12476,#12477,
#12478,#12479,#12480,#12481,#12482,#12483,#12484,#12485,#12486,#12487,#12488,
#12489,#12490,#12491,#12492,#12493,#12494,#12495,#12496,#12497,#12498,#12499,
#12500,#12501,#12502,#12503,#12504,#12505,#12506,#12507,#12508,#12509,#12510,
#12511,#12512,#12513,#12514,#12515,#12516,#12517,#12518,#12519,#12520,#12521,
#12522,#12523,#12524,#12525,#12526,#12527,#12528,#12529,#12530,#12531,#12532,
#12533,#12534,#12535,#12536,#12537),.UNSPECIFIED.,.F.,.F.,(4,3,3,3,3,3,
3,3,3,3,3,3,3,3,3,3,3,3,3,3,3,3,3,3,3,4),(-0.239178774929378,-0.225383677672468,
-0.214585819355357,-0.210570985458693,-0.196612893472514,-0.187102440539791,
-0.184004406671385,-0.169508496022869,-0.154963848916769,-0.147718100562232,
-0.142434740622387,-0.139677435191835,-0.128817996874097,-0.114460861859225,
-0.100947618078267,-0.0970665042769997,-0.0939895202497586,-0.078895640671656,
-0.0634757354501467,-0.0554966495919492,-0.0494095423710219,-0.0464945997378324,
-0.0305971158639184,-0.0148470993536712,-0.00635491161155843,0.),
 .UNSPECIFIED.);
#1205=B_SPLINE_CURVE_WITH_KNOTS('',3,(#12538,#12539,#12540,#12541,#12542,
#12543,#12544,#12545,#12546,#12547,#12548,#12549,#12550,#12551,#12552,#12553,
#12554,#12555,#12556,#12557,#12558,#12559),.UNSPECIFIED.,.F.,.F.,(4,3,3,
3,3,3,3,4),(7.5911361820552,7.93751306032645,8.92970219286726,9.92189132540807,
10.9140804579489,11.9062695904897,12.8984587230305,13.8743214892348),
 .UNSPECIFIED.);
#1206=B_SPLINE_CURVE_WITH_KNOTS('',3,(#12560,#12561,#12562,#12563,#12564,
#12565,#12566,#12567,#12568,#12569,#12570,#12571,#12572,#12573,#12574,#12575,
#12576,#12577,#12578,#12579,#12580,#12581,#12582,#12583,#12584,#12585,#12586,
#12587,#12588,#12589,#12590,#12591,#12592,#12593,#12594,#12595,#12596,#12597,
#12598,#12599,#12600,#12601,#12602,#12603,#12604,#12605,#12606,#12607,#12608,
#12609,#12610,#12611,#12612,#12613,#12614,#12615,#12616,#12617,#12618,#12619,
#12620,#12621,#12622,#12623,#12624,#12625,#12626,#12627,#12628,#12629,#12630,
#12631,#12632,#12633,#12634,#12635,#12636,#12637,#12638),.UNSPECIFIED.,
 .F.,.F.,(4,3,3,3,3,3,3,3,3,3,3,3,3,3,3,3,3,3,3,3,3,3,3,3,3,3,4),(0.,0.0157283871939529,
0.0316416141180673,0.0430656643547561,0.0477634232315602,0.051264285000159,
0.066718931430158,0.0818219520561031,0.0921249680449717,0.0961972873692345,
0.0990119015551591,0.113627192755414,0.123034016011577,0.136905936358622,
0.141824608320964,0.144397580549502,0.158937003879322,0.173424930821212,
0.180997986817052,0.185205843248988,0.188189881627476,0.202083177690768,
0.211004052605147,0.215283089848469,0.228610253835487,0.234009378787933,
0.239178774929449),.UNSPECIFIED.);
#1207=B_SPLINE_CURVE_WITH_KNOTS('',3,(#12640,#12641,#12642,#12643,#12644,
#12645,#12646,#12647,#12648,#12649,#12650),.UNSPECIFIED.,.F.,.F.,(4,1,1,
1,1,1,1,1,4),(15.707963267949,15.8096073988287,16.8017965313695,17.7939856639103,
18.7861747964511,19.7783639289919,20.7705530615327,21.7627421940735,21.9911485751285),
 .UNSPECIFIED.);
#1208=B_SPLINE_CURVE_WITH_KNOTS('',3,(#12651,#12652,#12653,#12654,#12655,
#12656,#12657,#12658,#12659,#12660),.UNSPECIFIED.,.F.,.F.,(4,1,1,1,1,1,
1,4),(15.707963267949,16.384390658155,17.3765797906958,18.3687689232366,
19.3609580557774,20.3531471883182,21.345336320859,21.9911485751285),
 .UNSPECIFIED.);
#1209=B_SPLINE_CURVE_WITH_KNOTS('',3,(#12845,#12846,#12847,#12848,#12849,
#12850,#12851,#12852,#12853,#12854,#12855,#12856,#12857,#12858,#12859,#12860,
#12861,#12862,#12863,#12864,#12865,#12866,#12867,#12868,#12869,#12870,#12871,
#12872,#12873,#12874,#12875,#12876,#12877,#12878,#12879,#12880,#12881,#12882,
#12883,#12884,#12885,#12886,#12887,#12888,#12889,#12890,#12891,#12892,#12893,
#12894,#12895,#12896,#12897,#12898,#12899,#12900,#12901,#12902,#12903,#12904,
#12905,#12906,#12907,#12908,#12909,#12910,#12911,#12912,#12913,#12914,#12915,
#12916,#12917,#12918,#12919,#12920,#12921,#12922,#12923),.UNSPECIFIED.,
 .F.,.F.,(4,3,3,3,3,3,3,3,3,3,3,3,3,3,3,3,3,3,3,3,3,3,3,3,3,3,4),(-0.238077416065705,
-0.222202272905669,-0.208200026518062,-0.203908181943925,-0.188260156976641,
-0.179194800781828,-0.175974017472242,-0.172580172276835,-0.157450329763476,
-0.142614256581603,-0.134925560269956,-0.130355365529774,-0.127006428664785,
-0.115737307418136,-0.100929792601108,-0.0889574207379467,-0.0843965906020929,
-0.0815301013593919,-0.0671678962884793,-0.0529507114419399,-0.0458923646103639,
-0.0412320620663035,-0.0385731820860209,-0.0248982994504388,-0.0116962711055644,
-0.00515081769581456,0.),.UNSPECIFIED.);
#1210=B_SPLINE_CURVE_WITH_KNOTS('',3,(#12924,#12925,#12926,#12927,#12928,
#12929,#12930,#12931,#12932,#12933,#12934,#12935,#12936,#12937,#12938,#12939,
#12940,#12941,#12942,#12943,#12944,#12945,#12946,#12947,#12948,#12949,#12950,
#12951,#12952,#12953,#12954,#12955,#12956,#12957,#12958,#12959,#12960,#12961,
#12962,#12963,#12964,#12965,#12966,#12967,#12968,#12969,#12970,#12971,#12972,
#12973,#12974,#12975,#12976,#12977,#12978,#12979,#12980,#12981,#12982,#12983,
#12984,#12985,#12986,#12987,#12988,#12989,#12990,#12991,#12992,#12993,#12994,
#12995,#12996,#12997,#12998,#12999,#13000,#13001,#13002),.UNSPECIFIED.,
 .F.,.F.,(4,3,3,3,3,3,3,3,3,3,3,3,3,3,3,3,3,3,3,3,3,3,3,3,3,3,4),(0.,0.0130294120921624,
0.0266554270343007,0.0370710034624726,0.0405152421908955,0.0428682983646734,
0.0569333762825788,0.0718822465244702,0.0814066945082717,0.0840502366328447,
0.0867210363627847,0.101520684396979,0.109980038459676,0.124388694644908,
0.128189579149932,0.130908613264168,0.145689365002233,0.160836394746215,
0.169700791350043,0.174563642045397,0.177675551755982,0.193341651493698,
0.203426545877703,0.206958071425381,0.222858347956794,0.231751567576841,
0.238077416065719),.UNSPECIFIED.);
#1211=B_SPLINE_CURVE_WITH_KNOTS('',3,(#13003,#13004,#13005,#13006,#13007,
#13008,#13009,#13010,#13011,#13012,#13013,#13014,#13015,#13016,#13017,#13018,
#13019,#13020,#13021,#13022,#13023,#13024,#13025,#13026,#13027),
 .UNSPECIFIED.,.F.,.F.,(4,3,3,3,3,3,3,3,4),(-10.1502977064631,-9.92189132540806,
-8.92970219286725,-7.93751306032644,-6.94532392778563,-5.95313479524483,
-4.96094566270402,-3.96875653016321,-3.86711239928351),.UNSPECIFIED.);
#1212=B_SPLINE_CURVE_WITH_KNOTS('',3,(#13212,#13213,#13214,#13215,#13216,
#13217,#13218,#13219,#13220,#13221,#13222,#13223,#13224,#13225,#13226,#13227,
#13228,#13229,#13230,#13231,#13232,#13233,#13234,#13235,#13236,#13237,#13238,
#13239,#13240,#13241,#13242,#13243,#13244,#13245,#13246,#13247,#13248,#13249,
#13250,#13251,#13252,#13253,#13254,#13255,#13256,#13257,#13258,#13259,#13260,
#13261,#13262,#13263,#13264,#13265,#13266,#13267,#13268,#13269,#13270,#13271,
#13272,#13273,#13274,#13275,#13276,#13277,#13278,#13279,#13280,#13281,#13282,
#13283,#13284,#13285,#13286,#13287),.UNSPECIFIED.,.F.,.F.,(4,3,3,3,3,3,
3,3,3,3,3,3,3,3,3,3,3,3,3,3,3,3,3,3,3,4),(-0.239178774929369,-0.225383677672458,
-0.214584408883123,-0.210570531776483,-0.196613788661012,-0.187104243146668,
-0.184005150135775,-0.16951000566057,-0.154965220334158,-0.147718649756691,
-0.142436471186225,-0.139677758817435,-0.12881799687408,-0.1144596520689,
-0.100946559511733,-0.0970602914686038,-0.0939886941372968,-0.0788939199183173,
-0.0634736868907396,-0.0554947069955616,-0.0493916374662672,-0.0464905273541569,
-0.030592838787435,-0.0148428902110759,-0.00635491161155833,0.),
 .UNSPECIFIED.);
#1213=B_SPLINE_CURVE_WITH_KNOTS('',3,(#13288,#13289,#13290,#13291,#13292,
#13293,#13294,#13295,#13296,#13297,#13298,#13299,#13300,#13301,#13302,#13303,
#13304,#13305,#13306,#13307,#13308,#13309),.UNSPECIFIED.,.F.,.F.,(4,3,3,
3,3,3,3,4),(7.5911361820552,7.93751306032647,8.92970219286727,9.92189132540807,
10.9140804579489,11.9062695904897,12.8984587230305,13.8743214892348),
 .UNSPECIFIED.);
#1214=B_SPLINE_CURVE_WITH_KNOTS('',3,(#13310,#13311,#13312,#13313,#13314,
#13315,#13316,#13317,#13318,#13319,#13320,#13321,#13322,#13323,#13324,#13325,
#13326,#13327,#13328,#13329,#13330,#13331,#13332,#13333,#13334,#13335,#13336,
#13337,#13338,#13339,#13340,#13341,#13342,#13343,#13344,#13345,#13346,#13347,
#13348,#13349,#13350,#13351,#13352,#13353,#13354,#13355,#13356,#13357,#13358,
#13359,#13360,#13361,#13362,#13363,#13364,#13365,#13366,#13367,#13368,#13369,
#13370,#13371,#13372,#13373,#13374,#13375,#13376,#13377,#13378,#13379,#13380,
#13381,#13382,#13383,#13384,#13385,#13386,#13387,#13388),.UNSPECIFIED.,
 .F.,.F.,(4,3,3,3,3,3,3,3,3,3,3,3,3,3,3,3,3,3,3,3,3,3,3,3,3,3,4),(0.,0.0157272828797967,
0.0316404208910968,0.0430646202811537,0.047760636259645,0.0512635165639106,
0.0667181673235176,0.0818216624709021,0.0921247508560645,0.0961958162406019,
0.0990089843909729,0.113624739177259,0.123034016011552,0.136905936358587,
0.141824577383034,0.144397576846403,0.158936891020094,0.173424837709632,
0.180997905344407,0.185206393368624,0.188190544839337,0.202084201203945,
0.211005682838425,0.215283400810249,0.2286112610264,0.234009378787834,0.239178774929344),
 .UNSPECIFIED.);
#1215=LINE('',#7945,#1607);
#1216=LINE('',#7984,#1608);
#1217=LINE('',#8035,#1609);
#1218=LINE('',#8086,#1610);
#1219=LINE('',#8134,#1611);
#1220=LINE('',#8185,#1612);
#1221=LINE('',#8224,#1613);
#1222=LINE('',#8263,#1614);
#1223=LINE('',#8314,#1615);
#1224=LINE('',#8365,#1616);
#1225=LINE('',#8413,#1617);
#1226=LINE('',#8464,#1618);
#1227=LINE('',#8503,#1619);
#1228=LINE('',#8542,#1620);
#1229=LINE('',#8593,#1621);
#1230=LINE('',#8644,#1622);
#1231=LINE('',#8692,#1623);
#1232=LINE('',#8743,#1624);
#1233=LINE('',#8782,#1625);
#1234=LINE('',#8821,#1626);
#1235=LINE('',#8872,#1627);
#1236=LINE('',#8923,#1628);
#1237=LINE('',#8971,#1629);
#1238=LINE('',#9022,#1630);
#1239=LINE('',#9061,#1631);
#1240=LINE('',#9078,#1632);
#1241=LINE('',#9103,#1633);
#1242=LINE('',#9127,#1634);
#1243=LINE('',#9152,#1635);
#1244=LINE('',#9177,#1636);
#1245=LINE('',#9201,#1637);
#1246=LINE('',#9218,#1638);
#1247=LINE('',#9235,#1639);
#1248=LINE('',#9260,#1640);
#1249=LINE('',#9284,#1641);
#1250=LINE('',#9309,#1642);
#1251=LINE('',#9334,#1643);
#1252=LINE('',#9358,#1644);
#1253=LINE('',#9375,#1645);
#1254=LINE('',#9392,#1646);
#1255=LINE('',#9417,#1647);
#1256=LINE('',#9441,#1648);
#1257=LINE('',#9466,#1649);
#1258=LINE('',#9491,#1650);
#1259=LINE('',#9515,#1651);
#1260=LINE('',#9532,#1652);
#1261=LINE('',#9549,#1653);
#1262=LINE('',#9574,#1654);
#1263=LINE('',#9598,#1655);
#1264=LINE('',#9623,#1656);
#1265=LINE('',#9648,#1657);
#1266=LINE('',#9672,#1658);
#1267=LINE('',#9691,#1659);
#1268=LINE('',#9695,#1660);
#1269=LINE('',#9698,#1661);
#1270=LINE('',#9701,#1662);
#1271=LINE('',#9703,#1663);
#1272=LINE('',#9704,#1664);
#1273=LINE('',#9711,#1665);
#1274=LINE('',#9714,#1666);
#1275=LINE('',#9718,#1667);
#1276=LINE('',#9720,#1668);
#1277=LINE('',#9722,#1669);
#1278=LINE('',#9723,#1670);
#1279=LINE('',#9729,#1671);
#1280=LINE('',#9731,#1672);
#1281=LINE('',#9732,#1673);
#1282=LINE('',#9735,#1674);
#1283=LINE('',#9737,#1675);
#1284=LINE('',#9738,#1676);
#1285=LINE('',#9747,#1677);
#1286=LINE('',#9751,#1678);
#1287=LINE('',#9754,#1679);
#1288=LINE('',#9757,#1680);
#1289=LINE('',#9759,#1681);
#1290=LINE('',#9760,#1682);
#1291=LINE('',#9767,#1683);
#1292=LINE('',#9770,#1684);
#1293=LINE('',#9774,#1685);
#1294=LINE('',#9776,#1686);
#1295=LINE('',#9778,#1687);
#1296=LINE('',#9779,#1688);
#1297=LINE('',#9785,#1689);
#1298=LINE('',#9787,#1690);
#1299=LINE('',#9788,#1691);
#1300=LINE('',#9791,#1692);
#1301=LINE('',#9793,#1693);
#1302=LINE('',#9794,#1694);
#1303=LINE('',#9800,#1695);
#1304=LINE('',#9802,#1696);
#1305=LINE('',#9804,#1697);
#1306=LINE('',#9806,#1698);
#1307=LINE('',#9807,#1699);
#1308=LINE('',#9808,#1700);
#1309=LINE('',#9811,#1701);
#1310=LINE('',#9813,#1702);
#1311=LINE('',#9815,#1703);
#1312=LINE('',#9817,#1704);
#1313=LINE('',#9819,#1705);
#1314=LINE('',#9839,#1706);
#1315=LINE('',#9841,#1707);
#1316=LINE('',#9843,#1708);
#1317=LINE('',#9845,#1709);
#1318=LINE('',#9847,#1710);
#1319=LINE('',#9849,#1711);
#1320=LINE('',#9851,#1712);
#1321=LINE('',#9853,#1713);
#1322=LINE('',#9855,#1714);
#1323=LINE('',#9887,#1715);
#1324=LINE('',#9889,#1716);
#1325=LINE('',#9891,#1717);
#1326=LINE('',#9893,#1718);
#1327=LINE('',#9894,#1719);
#1328=LINE('',#9896,#1720);
#1329=LINE('',#9898,#1721);
#1330=LINE('',#9926,#1722);
#1331=LINE('',#9928,#1723);
#1332=LINE('',#9930,#1724);
#1333=LINE('',#9932,#1725);
#1334=LINE('',#9934,#1726);
#1335=LINE('',#9954,#1727);
#1336=LINE('',#9955,#1728);
#1337=LINE('',#9957,#1729);
#1338=LINE('',#9961,#1730);
#1339=LINE('',#9963,#1731);
#1340=LINE('',#9965,#1732);
#1341=LINE('',#9966,#1733);
#1342=LINE('',#9972,#1734);
#1343=LINE('',#9975,#1735);
#1344=LINE('',#9977,#1736);
#1345=LINE('',#9978,#1737);
#1346=LINE('',#9984,#1738);
#1347=LINE('',#9987,#1739);
#1348=LINE('',#9989,#1740);
#1349=LINE('',#9990,#1741);
#1350=LINE('',#9996,#1742);
#1351=LINE('',#9999,#1743);
#1352=LINE('',#10001,#1744);
#1353=LINE('',#10002,#1745);
#1354=LINE('',#10009,#1746);
#1355=LINE('',#10011,#1747);
#1356=LINE('',#10013,#1748);
#1357=LINE('',#10014,#1749);
#1358=LINE('',#10020,#1750);
#1359=LINE('',#10023,#1751);
#1360=LINE('',#10025,#1752);
#1361=LINE('',#10026,#1753);
#1362=LINE('',#10032,#1754);
#1363=LINE('',#10035,#1755);
#1364=LINE('',#10037,#1756);
#1365=LINE('',#10038,#1757);
#1366=LINE('',#10044,#1758);
#1367=LINE('',#10047,#1759);
#1368=LINE('',#10049,#1760);
#1369=LINE('',#10050,#1761);
#1370=LINE('',#10059,#1762);
#1371=LINE('',#10062,#1763);
#1372=LINE('',#10160,#1764);
#1373=LINE('',#10203,#1765);
#1374=LINE('',#10226,#1766);
#1375=LINE('',#10228,#1767);
#1376=LINE('',#10229,#1768);
#1377=LINE('',#10273,#1769);
#1378=LINE('',#10288,#1770);
#1379=LINE('',#10290,#1771);
#1380=LINE('',#10291,#1772);
#1381=LINE('',#10366,#1773);
#1382=LINE('',#10371,#1774);
#1383=LINE('',#10373,#1775);
#1384=LINE('',#10376,#1776);
#1385=LINE('',#10378,#1777);
#1386=LINE('',#10381,#1778);
#1387=LINE('',#10385,#1779);
#1388=LINE('',#10388,#1780);
#1389=LINE('',#13403,#1781);
#1390=LINE('',#13405,#1782);
#1391=LINE('',#13406,#1783);
#1392=LINE('',#13409,#1784);
#1393=LINE('',#13410,#1785);
#1394=LINE('',#13415,#1786);
#1395=LINE('',#13417,#1787);
#1396=LINE('',#13418,#1788);
#1397=LINE('',#13421,#1789);
#1398=LINE('',#13423,#1790);
#1399=LINE('',#13424,#1791);
#1400=LINE('',#13427,#1792);
#1401=LINE('',#13428,#1793);
#1402=LINE('',#13433,#1794);
#1403=LINE('',#13435,#1795);
#1404=LINE('',#13436,#1796);
#1405=LINE('',#13439,#1797);
#1406=LINE('',#13441,#1798);
#1407=LINE('',#13442,#1799);
#1408=LINE('',#13445,#1800);
#1409=LINE('',#13446,#1801);
#1410=LINE('',#13451,#1802);
#1411=LINE('',#13453,#1803);
#1412=LINE('',#13454,#1804);
#1413=LINE('',#13457,#1805);
#1414=LINE('',#13459,#1806);
#1415=LINE('',#13460,#1807);
#1416=LINE('',#13463,#1808);
#1417=LINE('',#13464,#1809);
#1418=LINE('',#13469,#1810);
#1419=LINE('',#13471,#1811);
#1420=LINE('',#13472,#1812);
#1421=LINE('',#13475,#1813);
#1422=LINE('',#13479,#1814);
#1423=LINE('',#13480,#1815);
#1424=LINE('',#13488,#1816);
#1425=LINE('',#13491,#1817);
#1426=LINE('',#13508,#1818);
#1427=LINE('',#13509,#1819);
#1428=LINE('',#13511,#1820);
#1429=LINE('',#13542,#1821);
#1430=LINE('',#13619,#1822);
#1431=LINE('',#13620,#1823);
#1432=LINE('',#13624,#1824);
#1433=LINE('',#13628,#1825);
#1434=LINE('',#13632,#1826);
#1435=LINE('',#13636,#1827);
#1436=LINE('',#13640,#1828);
#1437=LINE('',#13644,#1829);
#1438=LINE('',#13648,#1830);
#1439=LINE('',#13652,#1831);
#1440=LINE('',#13656,#1832);
#1441=LINE('',#13660,#1833);
#1442=LINE('',#13664,#1834);
#1443=LINE('',#13667,#1835);
#1444=LINE('',#13668,#1836);
#1445=LINE('',#13671,#1837);
#1446=LINE('',#13672,#1838);
#1447=LINE('',#13675,#1839);
#1448=LINE('',#13676,#1840);
#1449=LINE('',#13679,#1841);
#1450=LINE('',#13680,#1842);
#1451=LINE('',#13683,#1843);
#1452=LINE('',#13684,#1844);
#1453=LINE('',#13688,#1845);
#1454=LINE('',#13692,#1846);
#1455=LINE('',#13696,#1847);
#1456=LINE('',#13700,#1848);
#1457=LINE('',#13704,#1849);
#1458=LINE('',#13708,#1850);
#1459=LINE('',#13712,#1851);
#1460=LINE('',#13716,#1852);
#1461=LINE('',#13720,#1853);
#1462=LINE('',#13723,#1854);
#1463=LINE('',#13724,#1855);
#1464=LINE('',#13726,#1856);
#1465=LINE('',#13729,#1857);
#1466=LINE('',#13730,#1858);
#1467=LINE('',#13733,#1859);
#1468=LINE('',#13734,#1860);
#1469=LINE('',#13868,#1861);
#1470=LINE('',#13871,#1862);
#1471=LINE('',#13875,#1863);
#1472=LINE('',#13878,#1864);
#1473=LINE('',#13883,#1865);
#1474=LINE('',#13886,#1866);
#1475=LINE('',#13891,#1867);
#1476=LINE('',#13894,#1868);
#1477=LINE('',#13899,#1869);
#1478=LINE('',#13902,#1870);
#1479=LINE('',#13907,#1871);
#1480=LINE('',#13910,#1872);
#1481=LINE('',#13915,#1873);
#1482=LINE('',#13918,#1874);
#1483=LINE('',#13923,#1875);
#1484=LINE('',#13926,#1876);
#1485=LINE('',#13931,#1877);
#1486=LINE('',#13934,#1878);
#1487=LINE('',#13939,#1879);
#1488=LINE('',#13942,#1880);
#1489=LINE('',#13947,#1881);
#1490=LINE('',#13950,#1882);
#1491=LINE('',#13955,#1883);
#1492=LINE('',#13958,#1884);
#1493=LINE('',#13963,#1885);
#1494=LINE('',#13966,#1886);
#1495=LINE('',#13971,#1887);
#1496=LINE('',#13974,#1888);
#1497=LINE('',#13979,#1889);
#1498=LINE('',#13982,#1890);
#1499=LINE('',#13987,#1891);
#1500=LINE('',#13990,#1892);
#1501=LINE('',#13995,#1893);
#1502=LINE('',#13996,#1894);
#1503=LINE('',#13998,#1895);
#1504=LINE('',#14000,#1896);
#1505=LINE('',#14002,#1897);
#1506=LINE('',#14004,#1898);
#1507=LINE('',#14006,#1899);
#1508=LINE('',#14008,#1900);
#1509=LINE('',#14010,#1901);
#1510=LINE('',#14012,#1902);
#1511=LINE('',#14014,#1903);
#1512=LINE('',#14016,#1904);
#1513=LINE('',#14018,#1905);
#1514=LINE('',#14020,#1906);
#1515=LINE('',#14022,#1907);
#1516=LINE('',#14024,#1908);
#1517=LINE('',#14026,#1909);
#1518=LINE('',#14028,#1910);
#1519=LINE('',#14030,#1911);
#1520=LINE('',#14032,#1912);
#1521=LINE('',#14034,#1913);
#1522=LINE('',#14036,#1914);
#1523=LINE('',#14038,#1915);
#1524=LINE('',#14040,#1916);
#1525=LINE('',#14042,#1917);
#1526=LINE('',#14044,#1918);
#1527=LINE('',#14046,#1919);
#1528=LINE('',#14048,#1920);
#1529=LINE('',#14050,#1921);
#1530=LINE('',#14052,#1922);
#1531=LINE('',#14054,#1923);
#1532=LINE('',#14056,#1924);
#1533=LINE('',#14059,#1925);
#1534=LINE('',#14060,#1926);
#1535=LINE('',#14062,#1927);
#1536=LINE('',#14064,#1928);
#1537=LINE('',#14067,#1929);
#1538=LINE('',#14069,#1930);
#1539=LINE('',#14071,#1931);
#1540=LINE('',#14073,#1932);
#1541=LINE('',#14076,#1933);
#1542=LINE('',#14078,#1934);
#1543=LINE('',#14080,#1935);
#1544=LINE('',#14082,#1936);
#1545=LINE('',#14104,#1937);
#1546=LINE('',#14106,#1938);
#1547=LINE('',#14108,#1939);
#1548=LINE('',#14110,#1940);
#1549=LINE('',#14112,#1941);
#1550=LINE('',#14123,#1942);
#1551=LINE('',#14125,#1943);
#1552=LINE('',#14127,#1944);
#1553=LINE('',#14129,#1945);
#1554=LINE('',#14131,#1946);
#1555=LINE('',#14136,#1947);
#1556=LINE('',#14138,#1948);
#1557=LINE('',#14140,#1949);
#1558=LINE('',#14142,#1950);
#1559=LINE('',#14144,#1951);
#1560=LINE('',#14146,#1952);
#1561=LINE('',#14148,#1953);
#1562=LINE('',#14150,#1954);
#1563=LINE('',#14152,#1955);
#1564=LINE('',#14154,#1956);
#1565=LINE('',#14156,#1957);
#1566=LINE('',#14158,#1958);
#1567=LINE('',#14162,#1959);
#1568=LINE('',#14165,#1960);
#1569=LINE('',#14168,#1961);
#1570=LINE('',#14169,#1962);
#1571=LINE('',#14172,#1963);
#1572=LINE('',#14173,#1964);
#1573=LINE('',#14176,#1965);
#1574=LINE('',#14177,#1966);
#1575=LINE('',#14180,#1967);
#1576=LINE('',#14181,#1968);
#1577=LINE('',#14184,#1969);
#1578=LINE('',#14185,#1970);
#1579=LINE('',#14188,#1971);
#1580=LINE('',#14192,#1972);
#1581=LINE('',#14196,#1973);
#1582=LINE('',#14200,#1974);
#1583=LINE('',#14204,#1975);
#1584=LINE('',#14208,#1976);
#1585=LINE('',#14212,#1977);
#1586=LINE('',#14223,#1978);
#1587=LINE('',#14225,#1979);
#1588=LINE('',#14227,#1980);
#1589=LINE('',#14229,#1981);
#1590=LINE('',#14231,#1982);
#1591=LINE('',#14242,#1983);
#1592=LINE('',#14244,#1984);
#1593=LINE('',#14246,#1985);
#1594=LINE('',#14248,#1986);
#1595=LINE('',#14250,#1987);
#1596=LINE('',#14259,#1988);
#1597=LINE('',#14260,#1989);
#1598=LINE('',#14262,#1990);
#1599=LINE('',#14264,#1991);
#1600=LINE('',#14266,#1992);
#1601=LINE('',#14268,#1993);
#1602=LINE('',#14270,#1994);
#1603=LINE('',#14272,#1995);
#1604=LINE('',#14274,#1996);
#1605=LINE('',#14276,#1997);
#1606=LINE('',#14280,#1998);
#1607=VECTOR('',#6323,1.20000000000001);
#1608=VECTOR('',#6328,1.20000000000001);
#1609=VECTOR('',#6331,1.20000000000001);
#1610=VECTOR('',#6334,1.20000000000001);
#1611=VECTOR('',#6337,1.20000000000001);
#1612=VECTOR('',#6340,1.20000000000001);
#1613=VECTOR('',#6345,1.19999999999999);
#1614=VECTOR('',#6350,1.19999999999999);
#1615=VECTOR('',#6353,1.19999999999999);
#1616=VECTOR('',#6356,1.19999999999999);
#1617=VECTOR('',#6359,1.19999999999999);
#1618=VECTOR('',#6362,1.19999999999999);
#1619=VECTOR('',#6367,1.19999999999999);
#1620=VECTOR('',#6372,1.19999999999999);
#1621=VECTOR('',#6375,1.19999999999999);
#1622=VECTOR('',#6378,1.19999999999999);
#1623=VECTOR('',#6381,1.19999999999999);
#1624=VECTOR('',#6384,1.19999999999999);
#1625=VECTOR('',#6389,1.19999999999999);
#1626=VECTOR('',#6394,1.19999999999999);
#1627=VECTOR('',#6397,1.19999999999999);
#1628=VECTOR('',#6400,1.19999999999999);
#1629=VECTOR('',#6403,1.19999999999999);
#1630=VECTOR('',#6406,1.19999999999999);
#1631=VECTOR('',#6411,1.29);
#1632=VECTOR('',#6416,1.29);
#1633=VECTOR('',#6419,1.29);
#1634=VECTOR('',#6422,1.29);
#1635=VECTOR('',#6425,1.29);
#1636=VECTOR('',#6428,1.29);
#1637=VECTOR('',#6431,1.29);
#1638=VECTOR('',#6436,1.29);
#1639=VECTOR('',#6441,1.29);
#1640=VECTOR('',#6444,1.29);
#1641=VECTOR('',#6447,1.29);
#1642=VECTOR('',#6450,1.29);
#1643=VECTOR('',#6453,1.29);
#1644=VECTOR('',#6456,1.29);
#1645=VECTOR('',#6461,1.29);
#1646=VECTOR('',#6466,1.29);
#1647=VECTOR('',#6469,1.29);
#1648=VECTOR('',#6472,1.29);
#1649=VECTOR('',#6475,1.29);
#1650=VECTOR('',#6478,1.29);
#1651=VECTOR('',#6481,1.29);
#1652=VECTOR('',#6486,1.29);
#1653=VECTOR('',#6491,1.29);
#1654=VECTOR('',#6494,1.29);
#1655=VECTOR('',#6497,1.29);
#1656=VECTOR('',#6500,1.29);
#1657=VECTOR('',#6503,1.29);
#1658=VECTOR('',#6506,1.29);
#1659=VECTOR('',#6513,10.);
#1660=VECTOR('',#6516,10.);
#1661=VECTOR('',#6519,10.);
#1662=VECTOR('',#6522,10.);
#1663=VECTOR('',#6523,10.);
#1664=VECTOR('',#6524,10.);
#1665=VECTOR('',#6531,10.);
#1666=VECTOR('',#6534,10.);
#1667=VECTOR('',#6537,10.);
#1668=VECTOR('',#6538,10.);
#1669=VECTOR('',#6539,10.);
#1670=VECTOR('',#6540,10.);
#1671=VECTOR('',#6547,10.);
#1672=VECTOR('',#6550,10.);
#1673=VECTOR('',#6551,10.);
#1674=VECTOR('',#6554,10.);
#1675=VECTOR('',#6555,10.);
#1676=VECTOR('',#6556,10.);
#1677=VECTOR('',#6567,10.);
#1678=VECTOR('',#6570,10.);
#1679=VECTOR('',#6573,10.);
#1680=VECTOR('',#6576,10.);
#1681=VECTOR('',#6577,10.);
#1682=VECTOR('',#6578,10.);
#1683=VECTOR('',#6585,10.);
#1684=VECTOR('',#6588,10.);
#1685=VECTOR('',#6591,10.);
#1686=VECTOR('',#6592,10.);
#1687=VECTOR('',#6593,10.);
#1688=VECTOR('',#6594,10.);
#1689=VECTOR('',#6601,10.);
#1690=VECTOR('',#6604,10.);
#1691=VECTOR('',#6605,10.);
#1692=VECTOR('',#6608,10.);
#1693=VECTOR('',#6609,10.);
#1694=VECTOR('',#6610,10.);
#1695=VECTOR('',#6619,10.);
#1696=VECTOR('',#6620,10.);
#1697=VECTOR('',#6621,10.);
#1698=VECTOR('',#6622,10.);
#1699=VECTOR('',#6623,10.);
#1700=VECTOR('',#6624,10.);
#1701=VECTOR('',#6627,10.);
#1702=VECTOR('',#6628,10.);
#1703=VECTOR('',#6629,10.);
#1704=VECTOR('',#6630,10.);
#1705=VECTOR('',#6631,10.);
#1706=VECTOR('',#6650,10.);
#1707=VECTOR('',#6651,10.);
#1708=VECTOR('',#6652,10.);
#1709=VECTOR('',#6653,10.);
#1710=VECTOR('',#6654,10.);
#1711=VECTOR('',#6655,10.);
#1712=VECTOR('',#6656,10.);
#1713=VECTOR('',#6657,10.);
#1714=VECTOR('',#6658,10.);
#1715=VECTOR('',#6689,10.);
#1716=VECTOR('',#6690,10.);
#1717=VECTOR('',#6691,10.);
#1718=VECTOR('',#6692,10.);
#1719=VECTOR('',#6693,10.);
#1720=VECTOR('',#6694,10.);
#1721=VECTOR('',#6695,10.);
#1722=VECTOR('',#6722,10.);
#1723=VECTOR('',#6723,10.);
#1724=VECTOR('',#6724,10.);
#1725=VECTOR('',#6725,10.);
#1726=VECTOR('',#6726,10.);
#1727=VECTOR('',#6745,10.);
#1728=VECTOR('',#6746,10.);
#1729=VECTOR('',#6749,10.);
#1730=VECTOR('',#6752,10.);
#1731=VECTOR('',#6753,10.);
#1732=VECTOR('',#6754,10.);
#1733=VECTOR('',#6755,10.);
#1734=VECTOR('',#6762,10.);
#1735=VECTOR('',#6765,10.);
#1736=VECTOR('',#6766,10.);
#1737=VECTOR('',#6767,10.);
#1738=VECTOR('',#6774,10.);
#1739=VECTOR('',#6777,10.);
#1740=VECTOR('',#6778,10.);
#1741=VECTOR('',#6779,10.);
#1742=VECTOR('',#6786,10.);
#1743=VECTOR('',#6789,10.);
#1744=VECTOR('',#6790,10.);
#1745=VECTOR('',#6791,10.);
#1746=VECTOR('',#6800,10.);
#1747=VECTOR('',#6801,10.);
#1748=VECTOR('',#6802,10.);
#1749=VECTOR('',#6803,10.);
#1750=VECTOR('',#6810,10.);
#1751=VECTOR('',#6813,10.);
#1752=VECTOR('',#6814,10.);
#1753=VECTOR('',#6815,10.);
#1754=VECTOR('',#6822,10.);
#1755=VECTOR('',#6825,10.);
#1756=VECTOR('',#6826,10.);
#1757=VECTOR('',#6827,10.);
#1758=VECTOR('',#6834,10.);
#1759=VECTOR('',#6837,10.);
#1760=VECTOR('',#6838,10.);
#1761=VECTOR('',#6839,10.);
#1762=VECTOR('',#6850,10.);
#1763=VECTOR('',#6853,10.);
#1764=VECTOR('',#6854,10.);
#1765=VECTOR('',#6855,10.);
#1766=VECTOR('',#6858,10.);
#1767=VECTOR('',#6859,10.);
#1768=VECTOR('',#6860,10.);
#1769=VECTOR('',#6861,10.);
#1770=VECTOR('',#6864,10.);
#1771=VECTOR('',#6865,10.);
#1772=VECTOR('',#6866,10.);
#1773=VECTOR('',#6867,10.);
#1774=VECTOR('',#6876,10.);
#1775=VECTOR('',#6877,10.);
#1776=VECTOR('',#6880,10.);
#1777=VECTOR('',#6883,10.);
#1778=VECTOR('',#6886,10.);
#1779=VECTOR('',#6889,10.);
#1780=VECTOR('',#6892,10.);
#1781=VECTOR('',#6919,10.);
#1782=VECTOR('',#6920,10.);
#1783=VECTOR('',#6921,10.);
#1784=VECTOR('',#6924,10.);
#1785=VECTOR('',#6925,10.);
#1786=VECTOR('',#6932,10.);
#1787=VECTOR('',#6933,10.);
#1788=VECTOR('',#6934,10.);
#1789=VECTOR('',#6937,10.);
#1790=VECTOR('',#6938,10.);
#1791=VECTOR('',#6939,10.);
#1792=VECTOR('',#6942,10.);
#1793=VECTOR('',#6943,10.);
#1794=VECTOR('',#6950,10.);
#1795=VECTOR('',#6951,10.);
#1796=VECTOR('',#6952,10.);
#1797=VECTOR('',#6955,10.);
#1798=VECTOR('',#6956,10.);
#1799=VECTOR('',#6957,10.);
#1800=VECTOR('',#6960,10.);
#1801=VECTOR('',#6961,10.);
#1802=VECTOR('',#6968,10.);
#1803=VECTOR('',#6969,10.);
#1804=VECTOR('',#6970,10.);
#1805=VECTOR('',#6973,10.);
#1806=VECTOR('',#6974,10.);
#1807=VECTOR('',#6975,10.);
#1808=VECTOR('',#6978,10.);
#1809=VECTOR('',#6979,10.);
#1810=VECTOR('',#6986,10.);
#1811=VECTOR('',#6987,10.);
#1812=VECTOR('',#6988,10.);
#1813=VECTOR('',#6991,10.);
#1814=VECTOR('',#6996,10.);
#1815=VECTOR('',#6997,10.);
#1816=VECTOR('',#7010,10.);
#1817=VECTOR('',#7013,10.);
#1818=VECTOR('',#7030,10.);
#1819=VECTOR('',#7031,10.);
#1820=VECTOR('',#7032,10.);
#1821=VECTOR('',#7063,10.);
#1822=VECTOR('',#7140,10.);
#1823=VECTOR('',#7141,10.);
#1824=VECTOR('',#7146,10.);
#1825=VECTOR('',#7151,10.);
#1826=VECTOR('',#7156,10.);
#1827=VECTOR('',#7161,10.);
#1828=VECTOR('',#7166,10.);
#1829=VECTOR('',#7171,10.);
#1830=VECTOR('',#7176,10.);
#1831=VECTOR('',#7181,10.);
#1832=VECTOR('',#7186,10.);
#1833=VECTOR('',#7191,10.);
#1834=VECTOR('',#7196,10.);
#1835=VECTOR('',#7199,10.);
#1836=VECTOR('',#7200,10.);
#1837=VECTOR('',#7203,10.);
#1838=VECTOR('',#7204,10.);
#1839=VECTOR('',#7207,10.);
#1840=VECTOR('',#7208,10.);
#1841=VECTOR('',#7211,10.);
#1842=VECTOR('',#7212,10.);
#1843=VECTOR('',#7215,10.);
#1844=VECTOR('',#7216,10.);
#1845=VECTOR('',#7221,10.);
#1846=VECTOR('',#7226,10.);
#1847=VECTOR('',#7231,10.);
#1848=VECTOR('',#7236,10.);
#1849=VECTOR('',#7241,10.);
#1850=VECTOR('',#7246,10.);
#1851=VECTOR('',#7251,10.);
#1852=VECTOR('',#7256,10.);
#1853=VECTOR('',#7261,10.);
#1854=VECTOR('',#7264,10.);
#1855=VECTOR('',#7265,10.);
#1856=VECTOR('',#7268,10.);
#1857=VECTOR('',#7271,10.);
#1858=VECTOR('',#7272,10.);
#1859=VECTOR('',#7275,10.);
#1860=VECTOR('',#7276,10.);
#1861=VECTOR('',#7413,10.);
#1862=VECTOR('',#7416,10.);
#1863=VECTOR('',#7421,10.);
#1864=VECTOR('',#7424,10.);
#1865=VECTOR('',#7431,10.);
#1866=VECTOR('',#7434,10.);
#1867=VECTOR('',#7441,10.);
#1868=VECTOR('',#7444,10.);
#1869=VECTOR('',#7451,10.);
#1870=VECTOR('',#7454,10.);
#1871=VECTOR('',#7461,10.);
#1872=VECTOR('',#7464,10.);
#1873=VECTOR('',#7471,10.);
#1874=VECTOR('',#7474,10.);
#1875=VECTOR('',#7481,10.);
#1876=VECTOR('',#7484,10.);
#1877=VECTOR('',#7491,10.);
#1878=VECTOR('',#7494,10.);
#1879=VECTOR('',#7501,10.);
#1880=VECTOR('',#7504,10.);
#1881=VECTOR('',#7511,10.);
#1882=VECTOR('',#7514,10.);
#1883=VECTOR('',#7521,10.);
#1884=VECTOR('',#7524,10.);
#1885=VECTOR('',#7531,10.);
#1886=VECTOR('',#7534,10.);
#1887=VECTOR('',#7541,10.);
#1888=VECTOR('',#7544,10.);
#1889=VECTOR('',#7551,10.);
#1890=VECTOR('',#7554,10.);
#1891=VECTOR('',#7561,10.);
#1892=VECTOR('',#7564,10.);
#1893=VECTOR('',#7573,10.);
#1894=VECTOR('',#7574,10.);
#1895=VECTOR('',#7577,10.);
#1896=VECTOR('',#7580,10.);
#1897=VECTOR('',#7583,10.);
#1898=VECTOR('',#7586,10.);
#1899=VECTOR('',#7589,10.);
#1900=VECTOR('',#7592,10.);
#1901=VECTOR('',#7595,10.);
#1902=VECTOR('',#7598,10.);
#1903=VECTOR('',#7601,10.);
#1904=VECTOR('',#7604,10.);
#1905=VECTOR('',#7607,10.);
#1906=VECTOR('',#7610,10.);
#1907=VECTOR('',#7613,10.);
#1908=VECTOR('',#7616,10.);
#1909=VECTOR('',#7619,10.);
#1910=VECTOR('',#7622,10.);
#1911=VECTOR('',#7625,10.);
#1912=VECTOR('',#7628,10.);
#1913=VECTOR('',#7631,10.);
#1914=VECTOR('',#7634,10.);
#1915=VECTOR('',#7637,10.);
#1916=VECTOR('',#7640,10.);
#1917=VECTOR('',#7643,10.);
#1918=VECTOR('',#7646,10.);
#1919=VECTOR('',#7649,10.);
#1920=VECTOR('',#7652,10.);
#1921=VECTOR('',#7655,10.);
#1922=VECTOR('',#7658,10.);
#1923=VECTOR('',#7661,10.);
#1924=VECTOR('',#7664,10.);
#1925=VECTOR('',#7669,10.);
#1926=VECTOR('',#7670,10.);
#1927=VECTOR('',#7673,10.);
#1928=VECTOR('',#7676,10.);
#1929=VECTOR('',#7681,10.);
#1930=VECTOR('',#7684,10.);
#1931=VECTOR('',#7687,10.);
#1932=VECTOR('',#7690,10.);
#1933=VECTOR('',#7695,10.);
#1934=VECTOR('',#7698,10.);
#1935=VECTOR('',#7701,10.);
#1936=VECTOR('',#7704,10.);
#1937=VECTOR('',#7725,10.);
#1938=VECTOR('',#7726,10.);
#1939=VECTOR('',#7727,10.);
#1940=VECTOR('',#7728,10.);
#1941=VECTOR('',#7729,10.);
#1942=VECTOR('',#7740,10.);
#1943=VECTOR('',#7741,10.);
#1944=VECTOR('',#7742,10.);
#1945=VECTOR('',#7743,10.);
#1946=VECTOR('',#7744,10.);
#1947=VECTOR('',#7751,10.);
#1948=VECTOR('',#7754,10.);
#1949=VECTOR('',#7757,10.);
#1950=VECTOR('',#7760,10.);
#1951=VECTOR('',#7763,10.);
#1952=VECTOR('',#7766,10.);
#1953=VECTOR('',#7769,10.);
#1954=VECTOR('',#7772,10.);
#1955=VECTOR('',#7775,10.);
#1956=VECTOR('',#7778,10.);
#1957=VECTOR('',#7781,10.);
#1958=VECTOR('',#7784,10.);
#1959=VECTOR('',#7789,10.);
#1960=VECTOR('',#7792,10.);
#1961=VECTOR('',#7795,10.);
#1962=VECTOR('',#7796,10.);
#1963=VECTOR('',#7799,10.);
#1964=VECTOR('',#7800,10.);
#1965=VECTOR('',#7803,10.);
#1966=VECTOR('',#7804,10.);
#1967=VECTOR('',#7807,10.);
#1968=VECTOR('',#7808,10.);
#1969=VECTOR('',#7811,10.);
#1970=VECTOR('',#7812,10.);
#1971=VECTOR('',#7815,10.);
#1972=VECTOR('',#7820,10.);
#1973=VECTOR('',#7825,10.);
#1974=VECTOR('',#7830,10.);
#1975=VECTOR('',#7835,10.);
#1976=VECTOR('',#7840,10.);
#1977=VECTOR('',#7845,10.);
#1978=VECTOR('',#7866,4.);
#1979=VECTOR('',#7869,4.);
#1980=VECTOR('',#7872,4.);
#1981=VECTOR('',#7875,4.);
#1982=VECTOR('',#7878,10.);
#1983=VECTOR('',#7889,10.);
#1984=VECTOR('',#7890,10.);
#1985=VECTOR('',#7891,10.);
#1986=VECTOR('',#7892,10.);
#1987=VECTOR('',#7893,10.);
#1988=VECTOR('',#7906,10.);
#1989=VECTOR('',#7907,10.);
#1990=VECTOR('',#7910,10.);
#1991=VECTOR('',#7913,10.);
#1992=VECTOR('',#7916,10.);
#1993=VECTOR('',#7919,10.);
#1994=VECTOR('',#7922,10.);
#1995=VECTOR('',#7925,10.);
#1996=VECTOR('',#7928,10.);
#1997=VECTOR('',#7931,10.);
#1998=VECTOR('',#7938,10.);
#1999=VERTEX_POINT('',#7943);
#2000=VERTEX_POINT('',#7944);
#2001=VERTEX_POINT('',#7946);
#2002=VERTEX_POINT('',#7960);
#2003=VERTEX_POINT('',#7982);
#2004=VERTEX_POINT('',#7983);
#2005=VERTEX_POINT('',#8033);
#2006=VERTEX_POINT('',#8034);
#2007=VERTEX_POINT('',#8084);
#2008=VERTEX_POINT('',#8085);
#2009=VERTEX_POINT('',#8132);
#2010=VERTEX_POINT('',#8133);
#2011=VERTEX_POINT('',#8183);
#2012=VERTEX_POINT('',#8184);
#2013=VERTEX_POINT('',#8186);
#2014=VERTEX_POINT('',#8200);
#2015=VERTEX_POINT('',#8222);
#2016=VERTEX_POINT('',#8223);
#2017=VERTEX_POINT('',#8225);
#2018=VERTEX_POINT('',#8239);
#2019=VERTEX_POINT('',#8261);
#2020=VERTEX_POINT('',#8262);
#2021=VERTEX_POINT('',#8312);
#2022=VERTEX_POINT('',#8313);
#2023=VERTEX_POINT('',#8363);
#2024=VERTEX_POINT('',#8364);
#2025=VERTEX_POINT('',#8411);
#2026=VERTEX_POINT('',#8412);
#2027=VERTEX_POINT('',#8462);
#2028=VERTEX_POINT('',#8463);
#2029=VERTEX_POINT('',#8465);
#2030=VERTEX_POINT('',#8479);
#2031=VERTEX_POINT('',#8501);
#2032=VERTEX_POINT('',#8502);
#2033=VERTEX_POINT('',#8504);
#2034=VERTEX_POINT('',#8518);
#2035=VERTEX_POINT('',#8540);
#2036=VERTEX_POINT('',#8541);
#2037=VERTEX_POINT('',#8591);
#2038=VERTEX_POINT('',#8592);
#2039=VERTEX_POINT('',#8642);
#2040=VERTEX_POINT('',#8643);
#2041=VERTEX_POINT('',#8690);
#2042=VERTEX_POINT('',#8691);
#2043=VERTEX_POINT('',#8741);
#2044=VERTEX_POINT('',#8742);
#2045=VERTEX_POINT('',#8744);
#2046=VERTEX_POINT('',#8758);
#2047=VERTEX_POINT('',#8780);
#2048=VERTEX_POINT('',#8781);
#2049=VERTEX_POINT('',#8783);
#2050=VERTEX_POINT('',#8797);
#2051=VERTEX_POINT('',#8819);
#2052=VERTEX_POINT('',#8820);
#2053=VERTEX_POINT('',#8870);
#2054=VERTEX_POINT('',#8871);
#2055=VERTEX_POINT('',#8921);
#2056=VERTEX_POINT('',#8922);
#2057=VERTEX_POINT('',#8969);
#2058=VERTEX_POINT('',#8970);
#2059=VERTEX_POINT('',#9020);
#2060=VERTEX_POINT('',#9021);
#2061=VERTEX_POINT('',#9023);
#2062=VERTEX_POINT('',#9037);
#2063=VERTEX_POINT('',#9059);
#2064=VERTEX_POINT('',#9060);
#2065=VERTEX_POINT('',#9062);
#2066=VERTEX_POINT('',#9068);
#2067=VERTEX_POINT('',#9076);
#2068=VERTEX_POINT('',#9077);
#2069=VERTEX_POINT('',#9101);
#2070=VERTEX_POINT('',#9102);
#2071=VERTEX_POINT('',#9125);
#2072=VERTEX_POINT('',#9126);
#2073=VERTEX_POINT('',#9150);
#2074=VERTEX_POINT('',#9151);
#2075=VERTEX_POINT('',#9175);
#2076=VERTEX_POINT('',#9176);
#2077=VERTEX_POINT('',#9199);
#2078=VERTEX_POINT('',#9200);
#2079=VERTEX_POINT('',#9202);
#2080=VERTEX_POINT('',#9208);
#2081=VERTEX_POINT('',#9216);
#2082=VERTEX_POINT('',#9217);
#2083=VERTEX_POINT('',#9219);
#2084=VERTEX_POINT('',#9225);
#2085=VERTEX_POINT('',#9233);
#2086=VERTEX_POINT('',#9234);
#2087=VERTEX_POINT('',#9258);
#2088=VERTEX_POINT('',#9259);
#2089=VERTEX_POINT('',#9282);
#2090=VERTEX_POINT('',#9283);
#2091=VERTEX_POINT('',#9307);
#2092=VERTEX_POINT('',#9308);
#2093=VERTEX_POINT('',#9332);
#2094=VERTEX_POINT('',#9333);
#2095=VERTEX_POINT('',#9356);
#2096=VERTEX_POINT('',#9357);
#2097=VERTEX_POINT('',#9359);
#2098=VERTEX_POINT('',#9365);
#2099=VERTEX_POINT('',#9373);
#2100=VERTEX_POINT('',#9374);
#2101=VERTEX_POINT('',#9376);
#2102=VERTEX_POINT('',#9382);
#2103=VERTEX_POINT('',#9390);
#2104=VERTEX_POINT('',#9391);
#2105=VERTEX_POINT('',#9415);
#2106=VERTEX_POINT('',#9416);
#2107=VERTEX_POINT('',#9439);
#2108=VERTEX_POINT('',#9440);
#2109=VERTEX_POINT('',#9464);
#2110=VERTEX_POINT('',#9465);
#2111=VERTEX_POINT('',#9489);
#2112=VERTEX_POINT('',#9490);
#2113=VERTEX_POINT('',#9513);
#2114=VERTEX_POINT('',#9514);
#2115=VERTEX_POINT('',#9516);
#2116=VERTEX_POINT('',#9522);
#2117=VERTEX_POINT('',#9530);
#2118=VERTEX_POINT('',#9531);
#2119=VERTEX_POINT('',#9533);
#2120=VERTEX_POINT('',#9539);
#2121=VERTEX_POINT('',#9547);
#2122=VERTEX_POINT('',#9548);
#2123=VERTEX_POINT('',#9572);
#2124=VERTEX_POINT('',#9573);
#2125=VERTEX_POINT('',#9596);
#2126=VERTEX_POINT('',#9597);
#2127=VERTEX_POINT('',#9621);
#2128=VERTEX_POINT('',#9622);
#2129=VERTEX_POINT('',#9646);
#2130=VERTEX_POINT('',#9647);
#2131=VERTEX_POINT('',#9670);
#2132=VERTEX_POINT('',#9671);
#2133=VERTEX_POINT('',#9673);
#2134=VERTEX_POINT('',#9679);
#2135=VERTEX_POINT('',#9687);
#2136=VERTEX_POINT('',#9688);
#2137=VERTEX_POINT('',#9690);
#2138=VERTEX_POINT('',#9692);
#2139=VERTEX_POINT('',#9694);
#2140=VERTEX_POINT('',#9696);
#2141=VERTEX_POINT('',#9700);
#2142=VERTEX_POINT('',#9702);
#2143=VERTEX_POINT('',#9706);
#2144=VERTEX_POINT('',#9708);
#2145=VERTEX_POINT('',#9710);
#2146=VERTEX_POINT('',#9712);
#2147=VERTEX_POINT('',#9716);
#2148=VERTEX_POINT('',#9717);
#2149=VERTEX_POINT('',#9719);
#2150=VERTEX_POINT('',#9721);
#2151=VERTEX_POINT('',#9725);
#2152=VERTEX_POINT('',#9727);
#2153=VERTEX_POINT('',#9734);
#2154=VERTEX_POINT('',#9736);
#2155=VERTEX_POINT('',#9743);
#2156=VERTEX_POINT('',#9744);
#2157=VERTEX_POINT('',#9746);
#2158=VERTEX_POINT('',#9748);
#2159=VERTEX_POINT('',#9750);
#2160=VERTEX_POINT('',#9752);
#2161=VERTEX_POINT('',#9756);
#2162=VERTEX_POINT('',#9758);
#2163=VERTEX_POINT('',#9762);
#2164=VERTEX_POINT('',#9764);
#2165=VERTEX_POINT('',#9766);
#2166=VERTEX_POINT('',#9768);
#2167=VERTEX_POINT('',#9772);
#2168=VERTEX_POINT('',#9773);
#2169=VERTEX_POINT('',#9775);
#2170=VERTEX_POINT('',#9777);
#2171=VERTEX_POINT('',#9781);
#2172=VERTEX_POINT('',#9783);
#2173=VERTEX_POINT('',#9790);
#2174=VERTEX_POINT('',#9792);
#2175=VERTEX_POINT('',#9799);
#2176=VERTEX_POINT('',#9801);
#2177=VERTEX_POINT('',#9803);
#2178=VERTEX_POINT('',#9805);
#2179=VERTEX_POINT('',#9810);
#2180=VERTEX_POINT('',#9812);
#2181=VERTEX_POINT('',#9814);
#2182=VERTEX_POINT('',#9816);
#2183=VERTEX_POINT('',#9818);
#2184=VERTEX_POINT('',#9820);
#2185=VERTEX_POINT('',#9822);
#2186=VERTEX_POINT('',#9824);
#2187=VERTEX_POINT('',#9826);
#2188=VERTEX_POINT('',#9828);
#2189=VERTEX_POINT('',#9830);
#2190=VERTEX_POINT('',#9832);
#2191=VERTEX_POINT('',#9834);
#2192=VERTEX_POINT('',#9836);
#2193=VERTEX_POINT('',#9838);
#2194=VERTEX_POINT('',#9840);
#2195=VERTEX_POINT('',#9842);
#2196=VERTEX_POINT('',#9844);
#2197=VERTEX_POINT('',#9846);
#2198=VERTEX_POINT('',#9848);
#2199=VERTEX_POINT('',#9850);
#2200=VERTEX_POINT('',#9852);
#2201=VERTEX_POINT('',#9854);
#2202=VERTEX_POINT('',#9856);
#2203=VERTEX_POINT('',#9858);
#2204=VERTEX_POINT('',#9860);
#2205=VERTEX_POINT('',#9862);
#2206=VERTEX_POINT('',#9864);
#2207=VERTEX_POINT('',#9866);
#2208=VERTEX_POINT('',#9868);
#2209=VERTEX_POINT('',#9870);
#2210=VERTEX_POINT('',#9872);
#2211=VERTEX_POINT('',#9874);
#2212=VERTEX_POINT('',#9876);
#2213=VERTEX_POINT('',#9878);
#2214=VERTEX_POINT('',#9880);
#2215=VERTEX_POINT('',#9882);
#2216=VERTEX_POINT('',#9884);
#2217=VERTEX_POINT('',#9886);
#2218=VERTEX_POINT('',#9888);
#2219=VERTEX_POINT('',#9890);
#2220=VERTEX_POINT('',#9892);
#2221=VERTEX_POINT('',#9895);
#2222=VERTEX_POINT('',#9897);
#2223=VERTEX_POINT('',#9899);
#2224=VERTEX_POINT('',#9901);
#2225=VERTEX_POINT('',#9903);
#2226=VERTEX_POINT('',#9905);
#2227=VERTEX_POINT('',#9907);
#2228=VERTEX_POINT('',#9909);
#2229=VERTEX_POINT('',#9911);
#2230=VERTEX_POINT('',#9913);
#2231=VERTEX_POINT('',#9915);
#2232=VERTEX_POINT('',#9917);
#2233=VERTEX_POINT('',#9919);
#2234=VERTEX_POINT('',#9921);
#2235=VERTEX_POINT('',#9923);
#2236=VERTEX_POINT('',#9925);
#2237=VERTEX_POINT('',#9927);
#2238=VERTEX_POINT('',#9929);
#2239=VERTEX_POINT('',#9931);
#2240=VERTEX_POINT('',#9933);
#2241=VERTEX_POINT('',#9935);
#2242=VERTEX_POINT('',#9937);
#2243=VERTEX_POINT('',#9939);
#2244=VERTEX_POINT('',#9941);
#2245=VERTEX_POINT('',#9943);
#2246=VERTEX_POINT('',#9945);
#2247=VERTEX_POINT('',#9947);
#2248=VERTEX_POINT('',#9949);
#2249=VERTEX_POINT('',#9951);
#2250=VERTEX_POINT('',#9953);
#2251=VERTEX_POINT('',#9959);
#2252=VERTEX_POINT('',#9960);
#2253=VERTEX_POINT('',#9962);
#2254=VERTEX_POINT('',#9964);
#2255=VERTEX_POINT('',#9968);
#2256=VERTEX_POINT('',#9970);
#2257=VERTEX_POINT('',#9974);
#2258=VERTEX_POINT('',#9976);
#2259=VERTEX_POINT('',#9980);
#2260=VERTEX_POINT('',#9982);
#2261=VERTEX_POINT('',#9986);
#2262=VERTEX_POINT('',#9988);
#2263=VERTEX_POINT('',#9992);
#2264=VERTEX_POINT('',#9994);
#2265=VERTEX_POINT('',#9998);
#2266=VERTEX_POINT('',#10000);
#2267=VERTEX_POINT('',#10007);
#2268=VERTEX_POINT('',#10008);
#2269=VERTEX_POINT('',#10010);
#2270=VERTEX_POINT('',#10012);
#2271=VERTEX_POINT('',#10016);
#2272=VERTEX_POINT('',#10018);
#2273=VERTEX_POINT('',#10022);
#2274=VERTEX_POINT('',#10024);
#2275=VERTEX_POINT('',#10028);
#2276=VERTEX_POINT('',#10030);
#2277=VERTEX_POINT('',#10034);
#2278=VERTEX_POINT('',#10036);
#2279=VERTEX_POINT('',#10040);
#2280=VERTEX_POINT('',#10042);
#2281=VERTEX_POINT('',#10046);
#2282=VERTEX_POINT('',#10048);
#2283=VERTEX_POINT('',#10055);
#2284=VERTEX_POINT('',#10056);
#2285=VERTEX_POINT('',#10058);
#2286=VERTEX_POINT('',#10060);
#2287=VERTEX_POINT('',#10083);
#2288=VERTEX_POINT('',#10121);
#2289=VERTEX_POINT('',#10130);
#2290=VERTEX_POINT('',#10159);
#2291=VERTEX_POINT('',#10187);
#2292=VERTEX_POINT('',#10188);
#2293=VERTEX_POINT('',#10202);
#2294=VERTEX_POINT('',#10225);
#2295=VERTEX_POINT('',#10227);
#2296=VERTEX_POINT('',#10250);
#2297=VERTEX_POINT('',#10261);
#2298=VERTEX_POINT('',#10272);
#2299=VERTEX_POINT('',#10287);
#2300=VERTEX_POINT('',#10289);
#2301=VERTEX_POINT('',#10312);
#2302=VERTEX_POINT('',#10313);
#2303=VERTEX_POINT('',#10328);
#2304=VERTEX_POINT('',#10357);
#2305=VERTEX_POINT('',#10372);
#2306=VERTEX_POINT('',#10374);
#2307=VERTEX_POINT('',#10380);
#2308=VERTEX_POINT('',#10382);
#2309=VERTEX_POINT('',#10384);
#2310=VERTEX_POINT('',#10386);
#2311=VERTEX_POINT('',#13390);
#2312=VERTEX_POINT('',#13393);
#2313=VERTEX_POINT('',#13396);
#2314=VERTEX_POINT('',#13399);
#2315=VERTEX_POINT('',#13402);
#2316=VERTEX_POINT('',#13404);
#2317=VERTEX_POINT('',#13408);
#2318=VERTEX_POINT('',#13414);
#2319=VERTEX_POINT('',#13416);
#2320=VERTEX_POINT('',#13420);
#2321=VERTEX_POINT('',#13422);
#2322=VERTEX_POINT('',#13426);
#2323=VERTEX_POINT('',#13432);
#2324=VERTEX_POINT('',#13434);
#2325=VERTEX_POINT('',#13438);
#2326=VERTEX_POINT('',#13440);
#2327=VERTEX_POINT('',#13444);
#2328=VERTEX_POINT('',#13450);
#2329=VERTEX_POINT('',#13452);
#2330=VERTEX_POINT('',#13456);
#2331=VERTEX_POINT('',#13458);
#2332=VERTEX_POINT('',#13462);
#2333=VERTEX_POINT('',#13468);
#2334=VERTEX_POINT('',#13470);
#2335=VERTEX_POINT('',#13474);
#2336=VERTEX_POINT('',#13478);
#2337=VERTEX_POINT('',#13486);
#2338=VERTEX_POINT('',#13490);
#2339=VERTEX_POINT('',#13492);
#2340=VERTEX_POINT('',#13494);
#2341=VERTEX_POINT('',#13496);
#2342=VERTEX_POINT('',#13499);
#2343=VERTEX_POINT('',#13501);
#2344=VERTEX_POINT('',#13503);
#2345=VERTEX_POINT('',#13505);
#2346=VERTEX_POINT('',#13507);
#2347=VERTEX_POINT('',#13510);
#2348=VERTEX_POINT('',#13512);
#2349=VERTEX_POINT('',#13514);
#2350=VERTEX_POINT('',#13516);
#2351=VERTEX_POINT('',#13518);
#2352=VERTEX_POINT('',#13520);
#2353=VERTEX_POINT('',#13522);
#2354=VERTEX_POINT('',#13524);
#2355=VERTEX_POINT('',#13526);
#2356=VERTEX_POINT('',#13528);
#2357=VERTEX_POINT('',#13530);
#2358=VERTEX_POINT('',#13532);
#2359=VERTEX_POINT('',#13534);
#2360=VERTEX_POINT('',#13536);
#2361=VERTEX_POINT('',#13538);
#2362=VERTEX_POINT('',#13540);
#2363=VERTEX_POINT('',#13543);
#2364=VERTEX_POINT('',#13544);
#2365=VERTEX_POINT('',#13546);
#2366=VERTEX_POINT('',#13548);
#2367=VERTEX_POINT('',#13550);
#2368=VERTEX_POINT('',#13552);
#2369=VERTEX_POINT('',#13554);
#2370=VERTEX_POINT('',#13556);
#2371=VERTEX_POINT('',#13558);
#2372=VERTEX_POINT('',#13560);
#2373=VERTEX_POINT('',#13562);
#2374=VERTEX_POINT('',#13564);
#2375=VERTEX_POINT('',#13566);
#2376=VERTEX_POINT('',#13568);
#2377=VERTEX_POINT('',#13570);
#2378=VERTEX_POINT('',#13572);
#2379=VERTEX_POINT('',#13574);
#2380=VERTEX_POINT('',#13576);
#2381=VERTEX_POINT('',#13578);
#2382=VERTEX_POINT('',#13580);
#2383=VERTEX_POINT('',#13582);
#2384=VERTEX_POINT('',#13584);
#2385=VERTEX_POINT('',#13586);
#2386=VERTEX_POINT('',#13588);
#2387=VERTEX_POINT('',#13590);
#2388=VERTEX_POINT('',#13592);
#2389=VERTEX_POINT('',#13594);
#2390=VERTEX_POINT('',#13596);
#2391=VERTEX_POINT('',#13598);
#2392=VERTEX_POINT('',#13600);
#2393=VERTEX_POINT('',#13602);
#2394=VERTEX_POINT('',#13604);
#2395=VERTEX_POINT('',#13607);
#2396=VERTEX_POINT('',#13609);
#2397=VERTEX_POINT('',#13611);
#2398=VERTEX_POINT('',#13613);
#2399=VERTEX_POINT('',#13616);
#2400=VERTEX_POINT('',#13617);
#2401=VERTEX_POINT('',#13622);
#2402=VERTEX_POINT('',#13626);
#2403=VERTEX_POINT('',#13630);
#2404=VERTEX_POINT('',#13634);
#2405=VERTEX_POINT('',#13638);
#2406=VERTEX_POINT('',#13642);
#2407=VERTEX_POINT('',#13646);
#2408=VERTEX_POINT('',#13650);
#2409=VERTEX_POINT('',#13654);
#2410=VERTEX_POINT('',#13658);
#2411=VERTEX_POINT('',#13662);
#2412=VERTEX_POINT('',#13666);
#2413=VERTEX_POINT('',#13670);
#2414=VERTEX_POINT('',#13674);
#2415=VERTEX_POINT('',#13678);
#2416=VERTEX_POINT('',#13682);
#2417=VERTEX_POINT('',#13686);
#2418=VERTEX_POINT('',#13690);
#2419=VERTEX_POINT('',#13694);
#2420=VERTEX_POINT('',#13698);
#2421=VERTEX_POINT('',#13702);
#2422=VERTEX_POINT('',#13706);
#2423=VERTEX_POINT('',#13710);
#2424=VERTEX_POINT('',#13714);
#2425=VERTEX_POINT('',#13718);
#2426=VERTEX_POINT('',#13722);
#2427=VERTEX_POINT('',#13728);
#2428=VERTEX_POINT('',#13732);
#2429=VERTEX_POINT('',#13738);
#2430=VERTEX_POINT('',#13739);
#2431=VERTEX_POINT('',#13741);
#2432=VERTEX_POINT('',#13743);
#2433=VERTEX_POINT('',#13745);
#2434=VERTEX_POINT('',#13747);
#2435=VERTEX_POINT('',#13749);
#2436=VERTEX_POINT('',#13751);
#2437=VERTEX_POINT('',#13753);
#2438=VERTEX_POINT('',#13755);
#2439=VERTEX_POINT('',#13757);
#2440=VERTEX_POINT('',#13759);
#2441=VERTEX_POINT('',#13761);
#2442=VERTEX_POINT('',#13763);
#2443=VERTEX_POINT('',#13765);
#2444=VERTEX_POINT('',#13767);
#2445=VERTEX_POINT('',#13769);
#2446=VERTEX_POINT('',#13771);
#2447=VERTEX_POINT('',#13773);
#2448=VERTEX_POINT('',#13775);
#2449=VERTEX_POINT('',#13777);
#2450=VERTEX_POINT('',#13779);
#2451=VERTEX_POINT('',#13781);
#2452=VERTEX_POINT('',#13783);
#2453=VERTEX_POINT('',#13785);
#2454=VERTEX_POINT('',#13787);
#2455=VERTEX_POINT('',#13789);
#2456=VERTEX_POINT('',#13791);
#2457=VERTEX_POINT('',#13793);
#2458=VERTEX_POINT('',#13795);
#2459=VERTEX_POINT('',#13797);
#2460=VERTEX_POINT('',#13799);
#2461=VERTEX_POINT('',#13802);
#2462=VERTEX_POINT('',#13803);
#2463=VERTEX_POINT('',#13805);
#2464=VERTEX_POINT('',#13807);
#2465=VERTEX_POINT('',#13809);
#2466=VERTEX_POINT('',#13811);
#2467=VERTEX_POINT('',#13813);
#2468=VERTEX_POINT('',#13815);
#2469=VERTEX_POINT('',#13817);
#2470=VERTEX_POINT('',#13819);
#2471=VERTEX_POINT('',#13821);
#2472=VERTEX_POINT('',#13823);
#2473=VERTEX_POINT('',#13825);
#2474=VERTEX_POINT('',#13827);
#2475=VERTEX_POINT('',#13829);
#2476=VERTEX_POINT('',#13831);
#2477=VERTEX_POINT('',#13833);
#2478=VERTEX_POINT('',#13835);
#2479=VERTEX_POINT('',#13837);
#2480=VERTEX_POINT('',#13839);
#2481=VERTEX_POINT('',#13841);
#2482=VERTEX_POINT('',#13843);
#2483=VERTEX_POINT('',#13845);
#2484=VERTEX_POINT('',#13847);
#2485=VERTEX_POINT('',#13849);
#2486=VERTEX_POINT('',#13851);
#2487=VERTEX_POINT('',#13853);
#2488=VERTEX_POINT('',#13855);
#2489=VERTEX_POINT('',#13857);
#2490=VERTEX_POINT('',#13859);
#2491=VERTEX_POINT('',#13861);
#2492=VERTEX_POINT('',#13863);
#2493=VERTEX_POINT('',#13867);
#2494=VERTEX_POINT('',#13869);
#2495=VERTEX_POINT('',#13873);
#2496=VERTEX_POINT('',#13877);
#2497=VERTEX_POINT('',#13881);
#2498=VERTEX_POINT('',#13885);
#2499=VERTEX_POINT('',#13889);
#2500=VERTEX_POINT('',#13893);
#2501=VERTEX_POINT('',#13897);
#2502=VERTEX_POINT('',#13901);
#2503=VERTEX_POINT('',#13905);
#2504=VERTEX_POINT('',#13909);
#2505=VERTEX_POINT('',#13913);
#2506=VERTEX_POINT('',#13917);
#2507=VERTEX_POINT('',#13921);
#2508=VERTEX_POINT('',#13925);
#2509=VERTEX_POINT('',#13929);
#2510=VERTEX_POINT('',#13933);
#2511=VERTEX_POINT('',#13937);
#2512=VERTEX_POINT('',#13941);
#2513=VERTEX_POINT('',#13945);
#2514=VERTEX_POINT('',#13949);
#2515=VERTEX_POINT('',#13953);
#2516=VERTEX_POINT('',#13957);
#2517=VERTEX_POINT('',#13961);
#2518=VERTEX_POINT('',#13965);
#2519=VERTEX_POINT('',#13969);
#2520=VERTEX_POINT('',#13973);
#2521=VERTEX_POINT('',#13977);
#2522=VERTEX_POINT('',#13981);
#2523=VERTEX_POINT('',#13985);
#2524=VERTEX_POINT('',#13989);
#2525=VERTEX_POINT('',#14084);
#2526=VERTEX_POINT('',#14085);
#2527=VERTEX_POINT('',#14087);
#2528=VERTEX_POINT('',#14089);
#2529=VERTEX_POINT('',#14091);
#2530=VERTEX_POINT('',#14093);
#2531=VERTEX_POINT('',#14095);
#2532=VERTEX_POINT('',#14097);
#2533=VERTEX_POINT('',#14099);
#2534=VERTEX_POINT('',#14101);
#2535=VERTEX_POINT('',#14103);
#2536=VERTEX_POINT('',#14105);
#2537=VERTEX_POINT('',#14107);
#2538=VERTEX_POINT('',#14109);
#2539=VERTEX_POINT('',#14111);
#2540=VERTEX_POINT('',#14113);
#2541=VERTEX_POINT('',#14116);
#2542=VERTEX_POINT('',#14118);
#2543=VERTEX_POINT('',#14120);
#2544=VERTEX_POINT('',#14122);
#2545=VERTEX_POINT('',#14124);
#2546=VERTEX_POINT('',#14126);
#2547=VERTEX_POINT('',#14128);
#2548=VERTEX_POINT('',#14130);
#2549=VERTEX_POINT('',#14132);
#2550=VERTEX_POINT('',#14161);
#2551=VERTEX_POINT('',#14163);
#2552=VERTEX_POINT('',#14167);
#2553=VERTEX_POINT('',#14171);
#2554=VERTEX_POINT('',#14175);
#2555=VERTEX_POINT('',#14179);
#2556=VERTEX_POINT('',#14183);
#2557=VERTEX_POINT('',#14187);
#2558=VERTEX_POINT('',#14191);
#2559=VERTEX_POINT('',#14195);
#2560=VERTEX_POINT('',#14199);
#2561=VERTEX_POINT('',#14203);
#2562=VERTEX_POINT('',#14207);
#2563=VERTEX_POINT('',#14211);
#2564=VERTEX_POINT('',#14234);
#2565=VERTEX_POINT('',#14235);
#2566=VERTEX_POINT('',#14237);
#2567=VERTEX_POINT('',#14239);
#2568=VERTEX_POINT('',#14241);
#2569=VERTEX_POINT('',#14243);
#2570=VERTEX_POINT('',#14245);
#2571=VERTEX_POINT('',#14247);
#2572=VERTEX_POINT('',#14249);
#2573=VERTEX_POINT('',#14251);
#2574=VERTEX_POINT('',#14253);
#2575=EDGE_CURVE('',#1999,#2000,#1215,.T.);
#2576=EDGE_CURVE('',#2000,#2001,#1065,.T.);
#2577=EDGE_CURVE('',#2001,#2002,#739,.T.);
#2578=EDGE_CURVE('',#2002,#1999,#1066,.T.);
#2579=EDGE_CURVE('',#2003,#2004,#1216,.T.);
#2580=EDGE_CURVE('',#2004,#2000,#1067,.T.);
#2581=EDGE_CURVE('',#1999,#2003,#1068,.T.);
#2582=EDGE_CURVE('',#2005,#2006,#1217,.T.);
#2583=EDGE_CURVE('',#2006,#2004,#1069,.T.);
#2584=EDGE_CURVE('',#2003,#2005,#1070,.T.);
#2585=EDGE_CURVE('',#2007,#2008,#1218,.T.);
#2586=EDGE_CURVE('',#2008,#2006,#1071,.T.);
#2587=EDGE_CURVE('',#2005,#2007,#1072,.T.);
#2588=EDGE_CURVE('',#2009,#2010,#1219,.T.);
#2589=EDGE_CURVE('',#2010,#2008,#1073,.T.);
#2590=EDGE_CURVE('',#2007,#2009,#1074,.T.);
#2591=EDGE_CURVE('',#2011,#2012,#1220,.T.);
#2592=EDGE_CURVE('',#2011,#2013,#1075,.T.);
#2593=EDGE_CURVE('',#2013,#2014,#740,.F.);
#2594=EDGE_CURVE('',#2014,#2012,#1076,.T.);
#2595=EDGE_CURVE('',#2015,#2016,#1221,.T.);
#2596=EDGE_CURVE('',#2016,#2017,#1077,.T.);
#2597=EDGE_CURVE('',#2017,#2018,#741,.T.);
#2598=EDGE_CURVE('',#2018,#2015,#1078,.T.);
#2599=EDGE_CURVE('',#2019,#2020,#1222,.T.);
#2600=EDGE_CURVE('',#2020,#2016,#1079,.T.);
#2601=EDGE_CURVE('',#2015,#2019,#1080,.T.);
#2602=EDGE_CURVE('',#2021,#2022,#1223,.T.);
#2603=EDGE_CURVE('',#2022,#2020,#1081,.T.);
#2604=EDGE_CURVE('',#2019,#2021,#1082,.T.);
#2605=EDGE_CURVE('',#2023,#2024,#1224,.T.);
#2606=EDGE_CURVE('',#2024,#2022,#1083,.T.);
#2607=EDGE_CURVE('',#2021,#2023,#1084,.T.);
#2608=EDGE_CURVE('',#2025,#2026,#1225,.T.);
#2609=EDGE_CURVE('',#2026,#2024,#1085,.T.);
#2610=EDGE_CURVE('',#2023,#2025,#1086,.T.);
#2611=EDGE_CURVE('',#2027,#2028,#1226,.T.);
#2612=EDGE_CURVE('',#2027,#2029,#1087,.T.);
#2613=EDGE_CURVE('',#2029,#2030,#742,.F.);
#2614=EDGE_CURVE('',#2030,#2028,#1088,.T.);
#2615=EDGE_CURVE('',#2031,#2032,#1227,.T.);
#2616=EDGE_CURVE('',#2032,#2033,#1089,.T.);
#2617=EDGE_CURVE('',#2033,#2034,#743,.T.);
#2618=EDGE_CURVE('',#2034,#2031,#1090,.T.);
#2619=EDGE_CURVE('',#2035,#2036,#1228,.T.);
#2620=EDGE_CURVE('',#2036,#2032,#1091,.T.);
#2621=EDGE_CURVE('',#2031,#2035,#1092,.T.);
#2622=EDGE_CURVE('',#2037,#2038,#1229,.T.);
#2623=EDGE_CURVE('',#2038,#2036,#1093,.T.);
#2624=EDGE_CURVE('',#2035,#2037,#1094,.T.);
#2625=EDGE_CURVE('',#2039,#2040,#1230,.T.);
#2626=EDGE_CURVE('',#2040,#2038,#1095,.T.);
#2627=EDGE_CURVE('',#2037,#2039,#1096,.T.);
#2628=EDGE_CURVE('',#2041,#2042,#1231,.T.);
#2629=EDGE_CURVE('',#2042,#2040,#1097,.T.);
#2630=EDGE_CURVE('',#2039,#2041,#1098,.T.);
#2631=EDGE_CURVE('',#2043,#2044,#1232,.T.);
#2632=EDGE_CURVE('',#2043,#2045,#1099,.T.);
#2633=EDGE_CURVE('',#2045,#2046,#744,.F.);
#2634=EDGE_CURVE('',#2046,#2044,#1100,.T.);
#2635=EDGE_CURVE('',#2047,#2048,#1233,.T.);
#2636=EDGE_CURVE('',#2048,#2049,#1101,.T.);
#2637=EDGE_CURVE('',#2049,#2050,#745,.T.);
#2638=EDGE_CURVE('',#2050,#2047,#1102,.T.);
#2639=EDGE_CURVE('',#2051,#2052,#1234,.T.);
#2640=EDGE_CURVE('',#2052,#2048,#1103,.T.);
#2641=EDGE_CURVE('',#2047,#2051,#1104,.T.);
#2642=EDGE_CURVE('',#2053,#2054,#1235,.T.);
#2643=EDGE_CURVE('',#2054,#2052,#1105,.T.);
#2644=EDGE_CURVE('',#2051,#2053,#1106,.T.);
#2645=EDGE_CURVE('',#2055,#2056,#1236,.T.);
#2646=EDGE_CURVE('',#2056,#2054,#1107,.T.);
#2647=EDGE_CURVE('',#2053,#2055,#1108,.T.);
#2648=EDGE_CURVE('',#2057,#2058,#1237,.T.);
#2649=EDGE_CURVE('',#2058,#2056,#1109,.T.);
#2650=EDGE_CURVE('',#2055,#2057,#1110,.T.);
#2651=EDGE_CURVE('',#2059,#2060,#1238,.T.);
#2652=EDGE_CURVE('',#2059,#2061,#1111,.T.);
#2653=EDGE_CURVE('',#2061,#2062,#746,.F.);
#2654=EDGE_CURVE('',#2062,#2060,#1112,.T.);
#2655=EDGE_CURVE('',#2063,#2064,#1239,.T.);
#2656=EDGE_CURVE('',#2064,#2065,#1113,.T.);
#2657=EDGE_CURVE('',#2066,#2065,#747,.T.);
#2658=EDGE_CURVE('',#2063,#2066,#1114,.T.);
#2659=EDGE_CURVE('',#2067,#2068,#1240,.T.);
#2660=EDGE_CURVE('',#2068,#2064,#1115,.T.);
#2661=EDGE_CURVE('',#2067,#2063,#1116,.T.);
#2662=EDGE_CURVE('',#2069,#2070,#1241,.T.);
#2663=EDGE_CURVE('',#2070,#2068,#1117,.T.);
#2664=EDGE_CURVE('',#2069,#2067,#1118,.T.);
#2665=EDGE_CURVE('',#2071,#2072,#1242,.T.);
#2666=EDGE_CURVE('',#2072,#2070,#1119,.T.);
#2667=EDGE_CURVE('',#2071,#2069,#1120,.T.);
#2668=EDGE_CURVE('',#2073,#2074,#1243,.T.);
#2669=EDGE_CURVE('',#2074,#2072,#1121,.T.);
#2670=EDGE_CURVE('',#2073,#2071,#1122,.T.);
#2671=EDGE_CURVE('',#2075,#2076,#1244,.T.);
#2672=EDGE_CURVE('',#2076,#2074,#1123,.T.);
#2673=EDGE_CURVE('',#2075,#2073,#1124,.T.);
#2674=EDGE_CURVE('',#2077,#2078,#1245,.T.);
#2675=EDGE_CURVE('',#2079,#2077,#1125,.T.);
#2676=EDGE_CURVE('',#2080,#2079,#748,.T.);
#2677=EDGE_CURVE('',#2080,#2078,#1126,.T.);
#2678=EDGE_CURVE('',#2081,#2082,#1246,.T.);
#2679=EDGE_CURVE('',#2082,#2083,#1127,.T.);
#2680=EDGE_CURVE('',#2084,#2083,#749,.T.);
#2681=EDGE_CURVE('',#2081,#2084,#1128,.T.);
#2682=EDGE_CURVE('',#2085,#2086,#1247,.T.);
#2683=EDGE_CURVE('',#2086,#2082,#1129,.T.);
#2684=EDGE_CURVE('',#2085,#2081,#1130,.T.);
#2685=EDGE_CURVE('',#2087,#2088,#1248,.T.);
#2686=EDGE_CURVE('',#2088,#2086,#1131,.T.);
#2687=EDGE_CURVE('',#2087,#2085,#1132,.T.);
#2688=EDGE_CURVE('',#2089,#2090,#1249,.T.);
#2689=EDGE_CURVE('',#2090,#2088,#1133,.T.);
#2690=EDGE_CURVE('',#2089,#2087,#1134,.T.);
#2691=EDGE_CURVE('',#2091,#2092,#1250,.T.);
#2692=EDGE_CURVE('',#2092,#2090,#1135,.T.);
#2693=EDGE_CURVE('',#2091,#2089,#1136,.T.);
#2694=EDGE_CURVE('',#2093,#2094,#1251,.T.);
#2695=EDGE_CURVE('',#2094,#2092,#1137,.T.);
#2696=EDGE_CURVE('',#2093,#2091,#1138,.T.);
#2697=EDGE_CURVE('',#2095,#2096,#1252,.T.);
#2698=EDGE_CURVE('',#2097,#2095,#1139,.T.);
#2699=EDGE_CURVE('',#2098,#2097,#750,.T.);
#2700=EDGE_CURVE('',#2098,#2096,#1140,.T.);
#2701=EDGE_CURVE('',#2099,#2100,#1253,.T.);
#2702=EDGE_CURVE('',#2100,#2101,#1141,.T.);
#2703=EDGE_CURVE('',#2102,#2101,#751,.T.);
#2704=EDGE_CURVE('',#2099,#2102,#1142,.T.);
#2705=EDGE_CURVE('',#2103,#2104,#1254,.T.);
#2706=EDGE_CURVE('',#2104,#2100,#1143,.T.);
#2707=EDGE_CURVE('',#2103,#2099,#1144,.T.);
#2708=EDGE_CURVE('',#2105,#2106,#1255,.T.);
#2709=EDGE_CURVE('',#2106,#2104,#1145,.T.);
#2710=EDGE_CURVE('',#2105,#2103,#1146,.T.);
#2711=EDGE_CURVE('',#2107,#2108,#1256,.T.);
#2712=EDGE_CURVE('',#2108,#2106,#1147,.T.);
#2713=EDGE_CURVE('',#2107,#2105,#1148,.T.);
#2714=EDGE_CURVE('',#2109,#2110,#1257,.T.);
#2715=EDGE_CURVE('',#2110,#2108,#1149,.T.);
#2716=EDGE_CURVE('',#2109,#2107,#1150,.T.);
#2717=EDGE_CURVE('',#2111,#2112,#1258,.T.);
#2718=EDGE_CURVE('',#2112,#2110,#1151,.T.);
#2719=EDGE_CURVE('',#2111,#2109,#1152,.T.);
#2720=EDGE_CURVE('',#2113,#2114,#1259,.T.);
#2721=EDGE_CURVE('',#2115,#2113,#1153,.T.);
#2722=EDGE_CURVE('',#2116,#2115,#752,.T.);
#2723=EDGE_CURVE('',#2116,#2114,#1154,.T.);
#2724=EDGE_CURVE('',#2117,#2118,#1260,.T.);
#2725=EDGE_CURVE('',#2118,#2119,#1155,.T.);
#2726=EDGE_CURVE('',#2120,#2119,#753,.T.);
#2727=EDGE_CURVE('',#2117,#2120,#1156,.T.);
#2728=EDGE_CURVE('',#2121,#2122,#1261,.T.);
#2729=EDGE_CURVE('',#2122,#2118,#1157,.T.);
#2730=EDGE_CURVE('',#2121,#2117,#1158,.T.);
#2731=EDGE_CURVE('',#2123,#2124,#1262,.T.);
#2732=EDGE_CURVE('',#2124,#2122,#1159,.T.);
#2733=EDGE_CURVE('',#2123,#2121,#1160,.T.);
#2734=EDGE_CURVE('',#2125,#2126,#1263,.T.);
#2735=EDGE_CURVE('',#2126,#2124,#1161,.T.);
#2736=EDGE_CURVE('',#2125,#2123,#1162,.T.);
#2737=EDGE_CURVE('',#2127,#2128,#1264,.T.);
#2738=EDGE_CURVE('',#2128,#2126,#1163,.T.);
#2739=EDGE_CURVE('',#2127,#2125,#1164,.T.);
#2740=EDGE_CURVE('',#2129,#2130,#1265,.T.);
#2741=EDGE_CURVE('',#2130,#2128,#1165,.T.);
#2742=EDGE_CURVE('',#2129,#2127,#1166,.T.);
#2743=EDGE_CURVE('',#2131,#2132,#1266,.T.);
#2744=EDGE_CURVE('',#2133,#2131,#1167,.T.);
#2745=EDGE_CURVE('',#2134,#2133,#754,.T.);
#2746=EDGE_CURVE('',#2134,#2132,#1168,.T.);
#2747=EDGE_CURVE('',#2135,#2136,#755,.T.);
#2748=EDGE_CURVE('',#2137,#2135,#1267,.T.);
#2749=EDGE_CURVE('',#2138,#2137,#756,.T.);
#2750=EDGE_CURVE('',#2138,#2139,#1268,.T.);
#2751=EDGE_CURVE('',#2140,#2139,#757,.T.);
#2752=EDGE_CURVE('',#2136,#2140,#1269,.T.);
#2753=EDGE_CURVE('',#2139,#2141,#1270,.T.);
#2754=EDGE_CURVE('',#2142,#2138,#1271,.T.);
#2755=EDGE_CURVE('',#2142,#2141,#1272,.T.);
#2756=EDGE_CURVE('',#2141,#2143,#758,.T.);
#2757=EDGE_CURVE('',#2144,#2142,#759,.T.);
#2758=EDGE_CURVE('',#2144,#2145,#1273,.T.);
#2759=EDGE_CURVE('',#2146,#2145,#760,.T.);
#2760=EDGE_CURVE('',#2143,#2146,#1274,.T.);
#2761=EDGE_CURVE('',#2147,#2148,#1275,.T.);
#2762=EDGE_CURVE('',#2149,#2147,#1276,.T.);
#2763=EDGE_CURVE('',#2150,#2149,#1277,.T.);
#2764=EDGE_CURVE('',#2150,#2148,#1278,.T.);
#2765=EDGE_CURVE('',#2148,#2151,#761,.T.);
#2766=EDGE_CURVE('',#2152,#2150,#762,.T.);
#2767=EDGE_CURVE('',#2152,#2151,#1279,.T.);
#2768=EDGE_CURVE('',#2151,#2135,#1280,.T.);
#2769=EDGE_CURVE('',#2137,#2152,#1281,.T.);
#2770=EDGE_CURVE('',#2145,#2153,#1282,.T.);
#2771=EDGE_CURVE('',#2154,#2144,#1283,.T.);
#2772=EDGE_CURVE('',#2154,#2153,#1284,.T.);
#2773=EDGE_CURVE('',#2153,#2147,#763,.T.);
#2774=EDGE_CURVE('',#2149,#2154,#764,.T.);
#2775=EDGE_CURVE('',#2155,#2156,#765,.T.);
#2776=EDGE_CURVE('',#2157,#2155,#1285,.T.);
#2777=EDGE_CURVE('',#2158,#2157,#766,.T.);
#2778=EDGE_CURVE('',#2158,#2159,#1286,.T.);
#2779=EDGE_CURVE('',#2160,#2159,#767,.T.);
#2780=EDGE_CURVE('',#2156,#2160,#1287,.T.);
#2781=EDGE_CURVE('',#2159,#2161,#1288,.T.);
#2782=EDGE_CURVE('',#2162,#2158,#1289,.T.);
#2783=EDGE_CURVE('',#2162,#2161,#1290,.T.);
#2784=EDGE_CURVE('',#2161,#2163,#768,.T.);
#2785=EDGE_CURVE('',#2164,#2162,#769,.T.);
#2786=EDGE_CURVE('',#2164,#2165,#1291,.T.);
#2787=EDGE_CURVE('',#2166,#2165,#770,.T.);
#2788=EDGE_CURVE('',#2163,#2166,#1292,.T.);
#2789=EDGE_CURVE('',#2167,#2168,#1293,.T.);
#2790=EDGE_CURVE('',#2169,#2167,#1294,.T.);
#2791=EDGE_CURVE('',#2170,#2169,#1295,.T.);
#2792=EDGE_CURVE('',#2170,#2168,#1296,.T.);
#2793=EDGE_CURVE('',#2168,#2171,#771,.T.);
#2794=EDGE_CURVE('',#2172,#2170,#772,.T.);
#2795=EDGE_CURVE('',#2172,#2171,#1297,.T.);
#2796=EDGE_CURVE('',#2171,#2155,#1298,.T.);
#2797=EDGE_CURVE('',#2157,#2172,#1299,.T.);
#2798=EDGE_CURVE('',#2165,#2173,#1300,.T.);
#2799=EDGE_CURVE('',#2174,#2164,#1301,.T.);
#2800=EDGE_CURVE('',#2174,#2173,#1302,.T.);
#2801=EDGE_CURVE('',#2173,#2167,#773,.T.);
#2802=EDGE_CURVE('',#2169,#2174,#774,.T.);
#2803=EDGE_CURVE('',#2143,#2175,#1303,.T.);
#2804=EDGE_CURVE('',#2176,#2175,#1304,.T.);
#2805=EDGE_CURVE('',#2177,#2176,#1305,.T.);
#2806=EDGE_CURVE('',#2177,#2178,#1306,.T.);
#2807=EDGE_CURVE('',#2178,#2160,#1307,.T.);
#2808=EDGE_CURVE('',#2163,#2140,#1308,.T.);
#2809=EDGE_CURVE('',#2179,#2146,#1309,.T.);
#2810=EDGE_CURVE('',#2180,#2179,#1310,.T.);
#2811=EDGE_CURVE('',#2181,#2180,#1311,.T.);
#2812=EDGE_CURVE('',#2182,#2181,#1312,.T.);
#2813=EDGE_CURVE('',#2183,#2182,#1313,.T.);
#2814=EDGE_CURVE('',#2184,#2183,#775,.T.);
#2815=EDGE_CURVE('',#2185,#2184,#776,.T.);
#2816=EDGE_CURVE('',#2186,#2185,#777,.T.);
#2817=EDGE_CURVE('',#2187,#2186,#778,.T.);
#2818=EDGE_CURVE('',#2188,#2187,#779,.T.);
#2819=EDGE_CURVE('',#2189,#2188,#780,.T.);
#2820=EDGE_CURVE('',#2190,#2189,#781,.T.);
#2821=EDGE_CURVE('',#2191,#2190,#782,.T.);
#2822=EDGE_CURVE('',#2192,#2191,#783,.T.);
#2823=EDGE_CURVE('',#2193,#2192,#1314,.T.);
#2824=EDGE_CURVE('',#2194,#2193,#1315,.T.);
#2825=EDGE_CURVE('',#2195,#2194,#1316,.T.);
#2826=EDGE_CURVE('',#2196,#2195,#1317,.T.);
#2827=EDGE_CURVE('',#2197,#2196,#1318,.T.);
#2828=EDGE_CURVE('',#2198,#2197,#1319,.T.);
#2829=EDGE_CURVE('',#2199,#2198,#1320,.T.);
#2830=EDGE_CURVE('',#2200,#2199,#1321,.T.);
#2831=EDGE_CURVE('',#2201,#2200,#1322,.T.);
#2832=EDGE_CURVE('',#2202,#2201,#784,.T.);
#2833=EDGE_CURVE('',#2203,#2202,#785,.T.);
#2834=EDGE_CURVE('',#2204,#2203,#786,.T.);
#2835=EDGE_CURVE('',#2205,#2204,#787,.T.);
#2836=EDGE_CURVE('',#2206,#2205,#788,.T.);
#2837=EDGE_CURVE('',#2207,#2206,#789,.T.);
#2838=EDGE_CURVE('',#2208,#2207,#790,.T.);
#2839=EDGE_CURVE('',#2209,#2208,#791,.T.);
#2840=EDGE_CURVE('',#2210,#2209,#792,.T.);
#2841=EDGE_CURVE('',#2211,#2210,#793,.T.);
#2842=EDGE_CURVE('',#2212,#2211,#794,.T.);
#2843=EDGE_CURVE('',#2213,#2212,#795,.T.);
#2844=EDGE_CURVE('',#2214,#2213,#796,.T.);
#2845=EDGE_CURVE('',#2215,#2214,#797,.T.);
#2846=EDGE_CURVE('',#2216,#2215,#798,.T.);
#2847=EDGE_CURVE('',#2217,#2216,#1323,.T.);
#2848=EDGE_CURVE('',#2218,#2217,#1324,.T.);
#2849=EDGE_CURVE('',#2219,#2218,#1325,.T.);
#2850=EDGE_CURVE('',#2220,#2219,#1326,.T.);
#2851=EDGE_CURVE('',#2156,#2220,#1327,.T.);
#2852=EDGE_CURVE('',#2221,#2178,#1328,.T.);
#2853=EDGE_CURVE('',#2222,#2221,#1329,.T.);
#2854=EDGE_CURVE('',#2223,#2222,#799,.T.);
#2855=EDGE_CURVE('',#2224,#2223,#800,.T.);
#2856=EDGE_CURVE('',#2225,#2224,#801,.T.);
#2857=EDGE_CURVE('',#2226,#2225,#802,.T.);
#2858=EDGE_CURVE('',#2227,#2226,#803,.T.);
#2859=EDGE_CURVE('',#2228,#2227,#804,.T.);
#2860=EDGE_CURVE('',#2229,#2228,#805,.T.);
#2861=EDGE_CURVE('',#2230,#2229,#806,.T.);
#2862=EDGE_CURVE('',#2231,#2230,#807,.T.);
#2863=EDGE_CURVE('',#2232,#2231,#808,.T.);
#2864=EDGE_CURVE('',#2233,#2232,#809,.T.);
#2865=EDGE_CURVE('',#2234,#2233,#810,.T.);
#2866=EDGE_CURVE('',#2235,#2234,#811,.T.);
#2867=EDGE_CURVE('',#2236,#2235,#1330,.T.);
#2868=EDGE_CURVE('',#2237,#2236,#1331,.T.);
#2869=EDGE_CURVE('',#2238,#2237,#1332,.T.);
#2870=EDGE_CURVE('',#2239,#2238,#1333,.T.);
#2871=EDGE_CURVE('',#2240,#2239,#1334,.T.);
#2872=EDGE_CURVE('',#2241,#2240,#812,.T.);
#2873=EDGE_CURVE('',#2242,#2241,#813,.T.);
#2874=EDGE_CURVE('',#2243,#2242,#814,.T.);
#2875=EDGE_CURVE('',#2244,#2243,#815,.T.);
#2876=EDGE_CURVE('',#2245,#2244,#816,.T.);
#2877=EDGE_CURVE('',#2246,#2245,#817,.T.);
#2878=EDGE_CURVE('',#2247,#2246,#818,.T.);
#2879=EDGE_CURVE('',#2248,#2247,#819,.T.);
#2880=EDGE_CURVE('',#2249,#2248,#820,.T.);
#2881=EDGE_CURVE('',#2250,#2249,#1335,.T.);
#2882=EDGE_CURVE('',#2175,#2250,#1336,.T.);
#2883=EDGE_CURVE('',#2136,#2166,#1337,.T.);
#2884=EDGE_CURVE('',#2251,#2252,#1338,.T.);
#2885=EDGE_CURVE('',#2253,#2251,#1339,.T.);
#2886=EDGE_CURVE('',#2254,#2253,#1340,.T.);
#2887=EDGE_CURVE('',#2254,#2252,#1341,.T.);
#2888=EDGE_CURVE('',#2252,#2255,#821,.T.);
#2889=EDGE_CURVE('',#2256,#2254,#822,.T.);
#2890=EDGE_CURVE('',#2256,#2255,#1342,.T.);
#2891=EDGE_CURVE('',#2255,#2257,#1343,.T.);
#2892=EDGE_CURVE('',#2258,#2256,#1344,.T.);
#2893=EDGE_CURVE('',#2258,#2257,#1345,.T.);
#2894=EDGE_CURVE('',#2257,#2259,#823,.T.);
#2895=EDGE_CURVE('',#2260,#2258,#824,.T.);
#2896=EDGE_CURVE('',#2260,#2259,#1346,.T.);
#2897=EDGE_CURVE('',#2259,#2261,#1347,.T.);
#2898=EDGE_CURVE('',#2262,#2260,#1348,.T.);
#2899=EDGE_CURVE('',#2262,#2261,#1349,.T.);
#2900=EDGE_CURVE('',#2261,#2263,#825,.T.);
#2901=EDGE_CURVE('',#2264,#2262,#826,.T.);
#2902=EDGE_CURVE('',#2264,#2263,#1350,.T.);
#2903=EDGE_CURVE('',#2263,#2265,#1351,.T.);
#2904=EDGE_CURVE('',#2266,#2264,#1352,.T.);
#2905=EDGE_CURVE('',#2266,#2265,#1353,.T.);
#2906=EDGE_CURVE('',#2265,#2251,#827,.T.);
#2907=EDGE_CURVE('',#2253,#2266,#828,.T.);
#2908=EDGE_CURVE('',#2267,#2268,#1354,.T.);
#2909=EDGE_CURVE('',#2269,#2267,#1355,.T.);
#2910=EDGE_CURVE('',#2270,#2269,#1356,.T.);
#2911=EDGE_CURVE('',#2270,#2268,#1357,.T.);
#2912=EDGE_CURVE('',#2268,#2271,#829,.T.);
#2913=EDGE_CURVE('',#2272,#2270,#830,.T.);
#2914=EDGE_CURVE('',#2272,#2271,#1358,.T.);
#2915=EDGE_CURVE('',#2271,#2273,#1359,.T.);
#2916=EDGE_CURVE('',#2274,#2272,#1360,.T.);
#2917=EDGE_CURVE('',#2274,#2273,#1361,.T.);
#2918=EDGE_CURVE('',#2273,#2275,#831,.T.);
#2919=EDGE_CURVE('',#2276,#2274,#832,.T.);
#2920=EDGE_CURVE('',#2276,#2275,#1362,.T.);
#2921=EDGE_CURVE('',#2275,#2277,#1363,.T.);
#2922=EDGE_CURVE('',#2278,#2276,#1364,.T.);
#2923=EDGE_CURVE('',#2278,#2277,#1365,.T.);
#2924=EDGE_CURVE('',#2277,#2279,#833,.T.);
#2925=EDGE_CURVE('',#2280,#2278,#834,.T.);
#2926=EDGE_CURVE('',#2280,#2279,#1366,.T.);
#2927=EDGE_CURVE('',#2279,#2281,#1367,.T.);
#2928=EDGE_CURVE('',#2282,#2280,#1368,.T.);
#2929=EDGE_CURVE('',#2282,#2281,#1369,.T.);
#2930=EDGE_CURVE('',#2281,#2267,#835,.T.);
#2931=EDGE_CURVE('',#2269,#2282,#836,.T.);
#2932=EDGE_CURVE('',#2283,#2284,#837,.T.);
#2933=EDGE_CURVE('',#2285,#2283,#1370,.T.);
#2934=EDGE_CURVE('',#2286,#2285,#838,.T.);
#2935=EDGE_CURVE('',#2286,#2284,#1371,.T.);
#2936=EDGE_CURVE('',#2284,#2287,#1169,.T.);
#2937=EDGE_CURVE('',#2288,#2286,#1170,.T.);
#2938=EDGE_CURVE('',#2289,#2288,#1171,.T.);
#2939=EDGE_CURVE('',#2289,#2290,#1372,.T.);
#2940=EDGE_CURVE('',#2287,#2290,#1172,.T.);
#2941=EDGE_CURVE('',#2291,#2292,#1173,.T.);
#2942=EDGE_CURVE('',#2293,#2291,#1373,.T.);
#2943=EDGE_CURVE('',#2285,#2293,#1174,.T.);
#2944=EDGE_CURVE('',#2292,#2283,#1175,.T.);
#2945=EDGE_CURVE('',#2294,#2291,#1374,.T.);
#2946=EDGE_CURVE('',#2295,#2294,#1375,.T.);
#2947=EDGE_CURVE('',#2293,#2295,#1376,.T.);
#2948=EDGE_CURVE('',#2296,#2294,#1176,.T.);
#2949=EDGE_CURVE('',#2297,#2296,#1177,.T.);
#2950=EDGE_CURVE('',#2298,#2297,#1377,.T.);
#2951=EDGE_CURVE('',#2295,#2298,#1178,.T.);
#2952=EDGE_CURVE('',#2290,#2299,#1378,.T.);
#2953=EDGE_CURVE('',#2300,#2289,#1379,.T.);
#2954=EDGE_CURVE('',#2300,#2299,#1380,.T.);
#2955=EDGE_CURVE('',#2301,#2302,#1179,.T.);
#2956=EDGE_CURVE('',#2299,#2301,#1180,.T.);
#2957=EDGE_CURVE('',#2303,#2300,#1181,.T.);
#2958=EDGE_CURVE('',#2304,#2303,#1182,.T.);
#2959=EDGE_CURVE('',#2304,#2302,#1381,.T.);
#2960=EDGE_CURVE('',#2302,#2297,#839,.T.);
#2961=EDGE_CURVE('',#2298,#2304,#840,.T.);
#2962=EDGE_CURVE('',#2188,#2292,#1382,.T.);
#2963=EDGE_CURVE('',#2187,#2305,#1383,.T.);
#2964=EDGE_CURVE('',#2305,#2306,#841,.T.);
#2965=EDGE_CURVE('',#2296,#2306,#1384,.T.);
#2966=EDGE_CURVE('',#2189,#2287,#1385,.T.);
#2967=EDGE_CURVE('',#2303,#2307,#1386,.T.);
#2968=EDGE_CURVE('',#2308,#2307,#842,.T.);
#2969=EDGE_CURVE('',#2309,#2308,#1387,.T.);
#2970=EDGE_CURVE('',#2309,#2310,#843,.T.);
#2971=EDGE_CURVE('',#2310,#2288,#1388,.T.);
#2972=EDGE_CURVE('',#2132,#2130,#1183,.T.);
#2973=EDGE_CURVE('',#2131,#2129,#1184,.T.);
#2974=EDGE_CURVE('',#2119,#2050,#1185,.T.);
#2975=EDGE_CURVE('',#2061,#2134,#1186,.T.);
#2976=EDGE_CURVE('',#2057,#2059,#1187,.T.);
#2977=EDGE_CURVE('',#2049,#2120,#1188,.T.);
#2978=EDGE_CURVE('',#2060,#2058,#1189,.T.);
#2979=EDGE_CURVE('',#2133,#2062,#1190,.T.);
#2980=EDGE_CURVE('',#2114,#2112,#1191,.T.);
#2981=EDGE_CURVE('',#2113,#2111,#1192,.T.);
#2982=EDGE_CURVE('',#2101,#2002,#1193,.T.);
#2983=EDGE_CURVE('',#2013,#2116,#1194,.T.);
#2984=EDGE_CURVE('',#2009,#2011,#1195,.T.);
#2985=EDGE_CURVE('',#2001,#2102,#1196,.T.);
#2986=EDGE_CURVE('',#2012,#2010,#1197,.T.);
#2987=EDGE_CURVE('',#2115,#2014,#1198,.T.);
#2988=EDGE_CURVE('',#2096,#2094,#1199,.T.);
#2989=EDGE_CURVE('',#2095,#2093,#1200,.T.);
#2990=EDGE_CURVE('',#2083,#2034,#1201,.T.);
#2991=EDGE_CURVE('',#2045,#2098,#1202,.T.);
#2992=EDGE_CURVE('',#2041,#2043,#1203,.T.);
#2993=EDGE_CURVE('',#2033,#2084,#1204,.T.);
#2994=EDGE_CURVE('',#2044,#2042,#1205,.T.);
#2995=EDGE_CURVE('',#2097,#2046,#1206,.T.);
#2996=EDGE_CURVE('',#2078,#2076,#1207,.T.);
#2997=EDGE_CURVE('',#2077,#2075,#1208,.T.);
#2998=EDGE_CURVE('',#2065,#2018,#1209,.T.);
#2999=EDGE_CURVE('',#2029,#2080,#1210,.T.);
#3000=EDGE_CURVE('',#2025,#2027,#1211,.T.);
#3001=EDGE_CURVE('',#2017,#2066,#1212,.T.);
#3002=EDGE_CURVE('',#2028,#2026,#1213,.T.);
#3003=EDGE_CURVE('',#2079,#2030,#1214,.T.);
#3004=EDGE_CURVE('',#2311,#2311,#844,.T.);
#3005=EDGE_CURVE('',#2312,#2312,#845,.T.);
#3006=EDGE_CURVE('',#2313,#2313,#846,.T.);
#3007=EDGE_CURVE('',#2314,#2314,#847,.T.);
#3008=EDGE_CURVE('',#2180,#2315,#1389,.T.);
#3009=EDGE_CURVE('',#2316,#2315,#1390,.T.);
#3010=EDGE_CURVE('',#2181,#2316,#1391,.T.);
#3011=EDGE_CURVE('',#2179,#2317,#1392,.T.);
#3012=EDGE_CURVE('',#2315,#2317,#1393,.T.);
#3013=EDGE_CURVE('',#2317,#2316,#848,.T.);
#3014=EDGE_CURVE('',#2220,#2318,#1394,.T.);
#3015=EDGE_CURVE('',#2318,#2319,#1395,.T.);
#3016=EDGE_CURVE('',#2319,#2179,#1396,.T.);
#3017=EDGE_CURVE('',#2198,#2320,#1397,.T.);
#3018=EDGE_CURVE('',#2321,#2320,#1398,.T.);
#3019=EDGE_CURVE('',#2199,#2321,#1399,.T.);
#3020=EDGE_CURVE('',#2197,#2322,#1400,.T.);
#3021=EDGE_CURVE('',#2320,#2322,#1401,.T.);
#3022=EDGE_CURVE('',#2322,#2321,#849,.T.);
#3023=EDGE_CURVE('',#2199,#2323,#1402,.T.);
#3024=EDGE_CURVE('',#2323,#2324,#1403,.T.);
#3025=EDGE_CURVE('',#2200,#2324,#1404,.T.);
#3026=EDGE_CURVE('',#2195,#2325,#1405,.T.);
#3027=EDGE_CURVE('',#2326,#2325,#1406,.T.);
#3028=EDGE_CURVE('',#2196,#2326,#1407,.T.);
#3029=EDGE_CURVE('',#2194,#2327,#1408,.T.);
#3030=EDGE_CURVE('',#2325,#2327,#1409,.T.);
#3031=EDGE_CURVE('',#2327,#2326,#850,.T.);
#3032=EDGE_CURVE('',#2328,#2197,#1410,.T.);
#3033=EDGE_CURVE('',#2196,#2329,#1411,.T.);
#3034=EDGE_CURVE('',#2329,#2328,#1412,.T.);
#3035=EDGE_CURVE('',#2219,#2330,#1413,.T.);
#3036=EDGE_CURVE('',#2331,#2330,#1414,.T.);
#3037=EDGE_CURVE('',#2220,#2331,#1415,.T.);
#3038=EDGE_CURVE('',#2218,#2332,#1416,.T.);
#3039=EDGE_CURVE('',#2330,#2332,#1417,.T.);
#3040=EDGE_CURVE('',#2332,#2331,#851,.T.);
#3041=EDGE_CURVE('',#2333,#2218,#1418,.T.);
#3042=EDGE_CURVE('',#2217,#2334,#1419,.T.);
#3043=EDGE_CURVE('',#2334,#2333,#1420,.T.);
#3044=EDGE_CURVE('',#2335,#2194,#1421,.T.);
#3045=EDGE_CURVE('',#2329,#2335,#852,.T.);
#3046=EDGE_CURVE('',#2193,#2336,#1422,.T.);
#3047=EDGE_CURVE('',#2336,#2335,#1423,.T.);
#3048=EDGE_CURVE('',#2318,#2333,#853,.T.);
#3049=EDGE_CURVE('',#2323,#2328,#854,.T.);
#3050=EDGE_CURVE('',#2337,#2319,#855,.T.);
#3051=EDGE_CURVE('',#2181,#2337,#1424,.T.);
#3052=EDGE_CURVE('',#2338,#2336,#1425,.T.);
#3053=EDGE_CURVE('',#2339,#2338,#856,.T.);
#3054=EDGE_CURVE('',#2340,#2339,#857,.T.);
#3055=EDGE_CURVE('',#2341,#2340,#858,.T.);
#3056=EDGE_CURVE('',#2306,#2341,#859,.T.);
#3057=EDGE_CURVE('',#2342,#2305,#860,.T.);
#3058=EDGE_CURVE('',#2343,#2342,#861,.T.);
#3059=EDGE_CURVE('',#2344,#2343,#862,.T.);
#3060=EDGE_CURVE('',#2345,#2344,#863,.T.);
#3061=EDGE_CURVE('',#2346,#2345,#1426,.T.);
#3062=EDGE_CURVE('',#2337,#2346,#1427,.T.);
#3063=EDGE_CURVE('',#2347,#2334,#1428,.T.);
#3064=EDGE_CURVE('',#2348,#2347,#864,.T.);
#3065=EDGE_CURVE('',#2349,#2348,#865,.T.);
#3066=EDGE_CURVE('',#2350,#2349,#866,.T.);
#3067=EDGE_CURVE('',#2351,#2350,#867,.T.);
#3068=EDGE_CURVE('',#2352,#2351,#868,.T.);
#3069=EDGE_CURVE('',#2353,#2352,#869,.T.);
#3070=EDGE_CURVE('',#2354,#2353,#870,.T.);
#3071=EDGE_CURVE('',#2355,#2354,#871,.T.);
#3072=EDGE_CURVE('',#2356,#2355,#872,.T.);
#3073=EDGE_CURVE('',#2357,#2356,#873,.T.);
#3074=EDGE_CURVE('',#2358,#2357,#874,.T.);
#3075=EDGE_CURVE('',#2359,#2358,#875,.T.);
#3076=EDGE_CURVE('',#2360,#2359,#876,.T.);
#3077=EDGE_CURVE('',#2361,#2360,#877,.T.);
#3078=EDGE_CURVE('',#2362,#2361,#878,.T.);
#3079=EDGE_CURVE('',#2324,#2362,#1429,.T.);
#3080=EDGE_CURVE('',#2363,#2364,#879,.T.);
#3081=EDGE_CURVE('',#2365,#2363,#880,.T.);
#3082=EDGE_CURVE('',#2366,#2365,#881,.T.);
#3083=EDGE_CURVE('',#2367,#2366,#882,.T.);
#3084=EDGE_CURVE('',#2368,#2367,#883,.T.);
#3085=EDGE_CURVE('',#2369,#2368,#884,.T.);
#3086=EDGE_CURVE('',#2370,#2369,#885,.T.);
#3087=EDGE_CURVE('',#2371,#2370,#886,.T.);
#3088=EDGE_CURVE('',#2372,#2371,#887,.T.);
#3089=EDGE_CURVE('',#2373,#2372,#888,.T.);
#3090=EDGE_CURVE('',#2374,#2373,#889,.T.);
#3091=EDGE_CURVE('',#2375,#2374,#890,.T.);
#3092=EDGE_CURVE('',#2376,#2375,#891,.T.);
#3093=EDGE_CURVE('',#2377,#2376,#892,.T.);
#3094=EDGE_CURVE('',#2378,#2377,#893,.T.);
#3095=EDGE_CURVE('',#2379,#2378,#894,.T.);
#3096=EDGE_CURVE('',#2380,#2379,#895,.T.);
#3097=EDGE_CURVE('',#2381,#2380,#896,.T.);
#3098=EDGE_CURVE('',#2382,#2381,#897,.T.);
#3099=EDGE_CURVE('',#2383,#2382,#898,.T.);
#3100=EDGE_CURVE('',#2384,#2383,#899,.T.);
#3101=EDGE_CURVE('',#2385,#2384,#900,.T.);
#3102=EDGE_CURVE('',#2386,#2385,#901,.T.);
#3103=EDGE_CURVE('',#2387,#2386,#902,.T.);
#3104=EDGE_CURVE('',#2388,#2387,#903,.T.);
#3105=EDGE_CURVE('',#2389,#2388,#904,.T.);
#3106=EDGE_CURVE('',#2390,#2389,#905,.T.);
#3107=EDGE_CURVE('',#2391,#2390,#906,.T.);
#3108=EDGE_CURVE('',#2392,#2391,#907,.T.);
#3109=EDGE_CURVE('',#2393,#2392,#908,.T.);
#3110=EDGE_CURVE('',#2394,#2393,#909,.T.);
#3111=EDGE_CURVE('',#2364,#2394,#910,.T.);
#3112=EDGE_CURVE('',#2395,#2395,#911,.T.);
#3113=EDGE_CURVE('',#2396,#2396,#912,.T.);
#3114=EDGE_CURVE('',#2397,#2397,#913,.T.);
#3115=EDGE_CURVE('',#2398,#2398,#914,.T.);
#3116=EDGE_CURVE('',#2399,#2400,#915,.T.);
#3117=EDGE_CURVE('',#2399,#2224,#1430,.T.);
#3118=EDGE_CURVE('',#2400,#2223,#1431,.T.);
#3119=EDGE_CURVE('',#2401,#2399,#916,.T.);
#3120=EDGE_CURVE('',#2401,#2225,#1432,.T.);
#3121=EDGE_CURVE('',#2402,#2401,#917,.T.);
#3122=EDGE_CURVE('',#2402,#2226,#1433,.T.);
#3123=EDGE_CURVE('',#2403,#2402,#918,.T.);
#3124=EDGE_CURVE('',#2403,#2227,#1434,.T.);
#3125=EDGE_CURVE('',#2404,#2403,#919,.T.);
#3126=EDGE_CURVE('',#2404,#2228,#1435,.T.);
#3127=EDGE_CURVE('',#2405,#2404,#920,.T.);
#3128=EDGE_CURVE('',#2405,#2229,#1436,.T.);
#3129=EDGE_CURVE('',#2406,#2405,#921,.T.);
#3130=EDGE_CURVE('',#2406,#2230,#1437,.T.);
#3131=EDGE_CURVE('',#2407,#2406,#922,.T.);
#3132=EDGE_CURVE('',#2407,#2231,#1438,.T.);
#3133=EDGE_CURVE('',#2408,#2407,#923,.T.);
#3134=EDGE_CURVE('',#2408,#2232,#1439,.T.);
#3135=EDGE_CURVE('',#2409,#2408,#924,.T.);
#3136=EDGE_CURVE('',#2409,#2233,#1440,.T.);
#3137=EDGE_CURVE('',#2410,#2409,#925,.T.);
#3138=EDGE_CURVE('',#2410,#2234,#1441,.T.);
#3139=EDGE_CURVE('',#2411,#2410,#926,.T.);
#3140=EDGE_CURVE('',#2411,#2235,#1442,.T.);
#3141=EDGE_CURVE('',#2412,#2411,#1443,.T.);
#3142=EDGE_CURVE('',#2412,#2236,#1444,.T.);
#3143=EDGE_CURVE('',#2413,#2412,#1445,.T.);
#3144=EDGE_CURVE('',#2413,#2237,#1446,.T.);
#3145=EDGE_CURVE('',#2414,#2413,#1447,.T.);
#3146=EDGE_CURVE('',#2414,#2238,#1448,.T.);
#3147=EDGE_CURVE('',#2415,#2414,#1449,.T.);
#3148=EDGE_CURVE('',#2415,#2239,#1450,.T.);
#3149=EDGE_CURVE('',#2416,#2415,#1451,.T.);
#3150=EDGE_CURVE('',#2416,#2240,#1452,.T.);
#3151=EDGE_CURVE('',#2417,#2416,#927,.T.);
#3152=EDGE_CURVE('',#2417,#2241,#1453,.T.);
#3153=EDGE_CURVE('',#2418,#2417,#928,.T.);
#3154=EDGE_CURVE('',#2418,#2242,#1454,.T.);
#3155=EDGE_CURVE('',#2419,#2418,#929,.T.);
#3156=EDGE_CURVE('',#2419,#2243,#1455,.T.);
#3157=EDGE_CURVE('',#2420,#2419,#930,.T.);
#3158=EDGE_CURVE('',#2420,#2244,#1456,.T.);
#3159=EDGE_CURVE('',#2421,#2420,#931,.T.);
#3160=EDGE_CURVE('',#2421,#2245,#1457,.T.);
#3161=EDGE_CURVE('',#2422,#2421,#932,.T.);
#3162=EDGE_CURVE('',#2422,#2246,#1458,.T.);
#3163=EDGE_CURVE('',#2423,#2422,#933,.T.);
#3164=EDGE_CURVE('',#2423,#2247,#1459,.T.);
#3165=EDGE_CURVE('',#2424,#2423,#934,.T.);
#3166=EDGE_CURVE('',#2424,#2248,#1460,.T.);
#3167=EDGE_CURVE('',#2425,#2424,#935,.T.);
#3168=EDGE_CURVE('',#2425,#2249,#1461,.T.);
#3169=EDGE_CURVE('',#2426,#2425,#1462,.T.);
#3170=EDGE_CURVE('',#2426,#2250,#1463,.T.);
#3171=EDGE_CURVE('',#2176,#2426,#1464,.T.);
#3172=EDGE_CURVE('',#2427,#2177,#1465,.T.);
#3173=EDGE_CURVE('',#2427,#2221,#1466,.T.);
#3174=EDGE_CURVE('',#2428,#2427,#1467,.T.);
#3175=EDGE_CURVE('',#2428,#2222,#1468,.T.);
#3176=EDGE_CURVE('',#2400,#2428,#936,.T.);
#3177=EDGE_CURVE('',#2429,#2430,#937,.T.);
#3178=EDGE_CURVE('',#2431,#2429,#938,.T.);
#3179=EDGE_CURVE('',#2432,#2431,#939,.T.);
#3180=EDGE_CURVE('',#2433,#2432,#940,.T.);
#3181=EDGE_CURVE('',#2434,#2433,#941,.T.);
#3182=EDGE_CURVE('',#2435,#2434,#942,.T.);
#3183=EDGE_CURVE('',#2436,#2435,#943,.T.);
#3184=EDGE_CURVE('',#2437,#2436,#944,.T.);
#3185=EDGE_CURVE('',#2438,#2437,#945,.T.);
#3186=EDGE_CURVE('',#2439,#2438,#946,.T.);
#3187=EDGE_CURVE('',#2440,#2439,#947,.T.);
#3188=EDGE_CURVE('',#2441,#2440,#948,.T.);
#3189=EDGE_CURVE('',#2442,#2441,#949,.T.);
#3190=EDGE_CURVE('',#2443,#2442,#950,.T.);
#3191=EDGE_CURVE('',#2444,#2443,#951,.T.);
#3192=EDGE_CURVE('',#2445,#2444,#952,.T.);
#3193=EDGE_CURVE('',#2446,#2445,#953,.T.);
#3194=EDGE_CURVE('',#2447,#2446,#954,.T.);
#3195=EDGE_CURVE('',#2448,#2447,#955,.T.);
#3196=EDGE_CURVE('',#2449,#2448,#956,.T.);
#3197=EDGE_CURVE('',#2450,#2449,#957,.T.);
#3198=EDGE_CURVE('',#2451,#2450,#958,.T.);
#3199=EDGE_CURVE('',#2452,#2451,#959,.T.);
#3200=EDGE_CURVE('',#2453,#2452,#960,.T.);
#3201=EDGE_CURVE('',#2454,#2453,#961,.T.);
#3202=EDGE_CURVE('',#2455,#2454,#962,.T.);
#3203=EDGE_CURVE('',#2456,#2455,#963,.T.);
#3204=EDGE_CURVE('',#2457,#2456,#964,.T.);
#3205=EDGE_CURVE('',#2458,#2457,#965,.T.);
#3206=EDGE_CURVE('',#2459,#2458,#966,.T.);
#3207=EDGE_CURVE('',#2460,#2459,#967,.T.);
#3208=EDGE_CURVE('',#2430,#2460,#968,.T.);
#3209=EDGE_CURVE('',#2461,#2462,#969,.T.);
#3210=EDGE_CURVE('',#2463,#2461,#970,.T.);
#3211=EDGE_CURVE('',#2464,#2463,#971,.T.);
#3212=EDGE_CURVE('',#2465,#2464,#972,.T.);
#3213=EDGE_CURVE('',#2466,#2465,#973,.T.);
#3214=EDGE_CURVE('',#2467,#2466,#974,.T.);
#3215=EDGE_CURVE('',#2468,#2467,#975,.T.);
#3216=EDGE_CURVE('',#2469,#2468,#976,.T.);
#3217=EDGE_CURVE('',#2470,#2469,#977,.T.);
#3218=EDGE_CURVE('',#2471,#2470,#978,.T.);
#3219=EDGE_CURVE('',#2472,#2471,#979,.T.);
#3220=EDGE_CURVE('',#2473,#2472,#980,.T.);
#3221=EDGE_CURVE('',#2474,#2473,#981,.T.);
#3222=EDGE_CURVE('',#2475,#2474,#982,.T.);
#3223=EDGE_CURVE('',#2476,#2475,#983,.T.);
#3224=EDGE_CURVE('',#2477,#2476,#984,.T.);
#3225=EDGE_CURVE('',#2478,#2477,#985,.T.);
#3226=EDGE_CURVE('',#2479,#2478,#986,.T.);
#3227=EDGE_CURVE('',#2480,#2479,#987,.T.);
#3228=EDGE_CURVE('',#2481,#2480,#988,.T.);
#3229=EDGE_CURVE('',#2482,#2481,#989,.T.);
#3230=EDGE_CURVE('',#2483,#2482,#990,.T.);
#3231=EDGE_CURVE('',#2484,#2483,#991,.T.);
#3232=EDGE_CURVE('',#2485,#2484,#992,.T.);
#3233=EDGE_CURVE('',#2486,#2485,#993,.T.);
#3234=EDGE_CURVE('',#2487,#2486,#994,.T.);
#3235=EDGE_CURVE('',#2488,#2487,#995,.T.);
#3236=EDGE_CURVE('',#2489,#2488,#996,.T.);
#3237=EDGE_CURVE('',#2490,#2489,#997,.T.);
#3238=EDGE_CURVE('',#2491,#2490,#998,.T.);
#3239=EDGE_CURVE('',#2492,#2491,#999,.T.);
#3240=EDGE_CURVE('',#2462,#2492,#1000,.T.);
#3241=EDGE_CURVE('',#2493,#2477,#1469,.T.);
#3242=EDGE_CURVE('',#2494,#2493,#1001,.T.);
#3243=EDGE_CURVE('',#2478,#2494,#1470,.T.);
#3244=EDGE_CURVE('',#2495,#2494,#1002,.T.);
#3245=EDGE_CURVE('',#2495,#2479,#1471,.T.);
#3246=EDGE_CURVE('',#2496,#2476,#1472,.T.);
#3247=EDGE_CURVE('',#2493,#2496,#1003,.T.);
#3248=EDGE_CURVE('',#2497,#2495,#1004,.T.);
#3249=EDGE_CURVE('',#2497,#2480,#1473,.T.);
#3250=EDGE_CURVE('',#2498,#2475,#1474,.T.);
#3251=EDGE_CURVE('',#2496,#2498,#1005,.T.);
#3252=EDGE_CURVE('',#2499,#2497,#1006,.T.);
#3253=EDGE_CURVE('',#2499,#2481,#1475,.T.);
#3254=EDGE_CURVE('',#2500,#2474,#1476,.T.);
#3255=EDGE_CURVE('',#2498,#2500,#1007,.T.);
#3256=EDGE_CURVE('',#2501,#2499,#1008,.T.);
#3257=EDGE_CURVE('',#2501,#2482,#1477,.T.);
#3258=EDGE_CURVE('',#2502,#2473,#1478,.T.);
#3259=EDGE_CURVE('',#2500,#2502,#1009,.T.);
#3260=EDGE_CURVE('',#2503,#2501,#1010,.T.);
#3261=EDGE_CURVE('',#2503,#2483,#1479,.T.);
#3262=EDGE_CURVE('',#2504,#2472,#1480,.T.);
#3263=EDGE_CURVE('',#2502,#2504,#1011,.T.);
#3264=EDGE_CURVE('',#2505,#2503,#1012,.T.);
#3265=EDGE_CURVE('',#2505,#2484,#1481,.T.);
#3266=EDGE_CURVE('',#2506,#2471,#1482,.T.);
#3267=EDGE_CURVE('',#2504,#2506,#1013,.T.);
#3268=EDGE_CURVE('',#2507,#2505,#1014,.T.);
#3269=EDGE_CURVE('',#2507,#2485,#1483,.T.);
#3270=EDGE_CURVE('',#2508,#2470,#1484,.T.);
#3271=EDGE_CURVE('',#2506,#2508,#1015,.T.);
#3272=EDGE_CURVE('',#2509,#2507,#1016,.T.);
#3273=EDGE_CURVE('',#2509,#2486,#1485,.T.);
#3274=EDGE_CURVE('',#2510,#2469,#1486,.T.);
#3275=EDGE_CURVE('',#2508,#2510,#1017,.T.);
#3276=EDGE_CURVE('',#2511,#2509,#1018,.T.);
#3277=EDGE_CURVE('',#2511,#2487,#1487,.T.);
#3278=EDGE_CURVE('',#2512,#2468,#1488,.T.);
#3279=EDGE_CURVE('',#2510,#2512,#1019,.T.);
#3280=EDGE_CURVE('',#2513,#2511,#1020,.T.);
#3281=EDGE_CURVE('',#2513,#2488,#1489,.T.);
#3282=EDGE_CURVE('',#2514,#2467,#1490,.T.);
#3283=EDGE_CURVE('',#2512,#2514,#1021,.T.);
#3284=EDGE_CURVE('',#2515,#2513,#1022,.T.);
#3285=EDGE_CURVE('',#2515,#2489,#1491,.T.);
#3286=EDGE_CURVE('',#2516,#2466,#1492,.T.);
#3287=EDGE_CURVE('',#2514,#2516,#1023,.T.);
#3288=EDGE_CURVE('',#2517,#2515,#1024,.T.);
#3289=EDGE_CURVE('',#2517,#2490,#1493,.T.);
#3290=EDGE_CURVE('',#2518,#2465,#1494,.T.);
#3291=EDGE_CURVE('',#2516,#2518,#1025,.T.);
#3292=EDGE_CURVE('',#2519,#2517,#1026,.T.);
#3293=EDGE_CURVE('',#2519,#2491,#1495,.T.);
#3294=EDGE_CURVE('',#2520,#2464,#1496,.T.);
#3295=EDGE_CURVE('',#2518,#2520,#1027,.T.);
#3296=EDGE_CURVE('',#2521,#2519,#1028,.T.);
#3297=EDGE_CURVE('',#2521,#2492,#1497,.T.);
#3298=EDGE_CURVE('',#2522,#2463,#1498,.T.);
#3299=EDGE_CURVE('',#2520,#2522,#1029,.T.);
#3300=EDGE_CURVE('',#2523,#2521,#1030,.T.);
#3301=EDGE_CURVE('',#2523,#2462,#1499,.T.);
#3302=EDGE_CURVE('',#2524,#2461,#1500,.T.);
#3303=EDGE_CURVE('',#2522,#2524,#1031,.T.);
#3304=EDGE_CURVE('',#2524,#2523,#1032,.T.);
#3305=EDGE_CURVE('',#2363,#2445,#1501,.T.);
#3306=EDGE_CURVE('',#2446,#2364,#1502,.T.);
#3307=EDGE_CURVE('',#2394,#2447,#1503,.T.);
#3308=EDGE_CURVE('',#2365,#2444,#1504,.T.);
#3309=EDGE_CURVE('',#2393,#2448,#1505,.T.);
#3310=EDGE_CURVE('',#2366,#2443,#1506,.T.);
#3311=EDGE_CURVE('',#2392,#2449,#1507,.T.);
#3312=EDGE_CURVE('',#2367,#2442,#1508,.T.);
#3313=EDGE_CURVE('',#2391,#2450,#1509,.T.);
#3314=EDGE_CURVE('',#2368,#2441,#1510,.T.);
#3315=EDGE_CURVE('',#2390,#2451,#1511,.T.);
#3316=EDGE_CURVE('',#2369,#2440,#1512,.T.);
#3317=EDGE_CURVE('',#2389,#2452,#1513,.T.);
#3318=EDGE_CURVE('',#2370,#2439,#1514,.T.);
#3319=EDGE_CURVE('',#2388,#2453,#1515,.T.);
#3320=EDGE_CURVE('',#2371,#2438,#1516,.T.);
#3321=EDGE_CURVE('',#2387,#2454,#1517,.T.);
#3322=EDGE_CURVE('',#2372,#2437,#1518,.T.);
#3323=EDGE_CURVE('',#2386,#2455,#1519,.T.);
#3324=EDGE_CURVE('',#2373,#2436,#1520,.T.);
#3325=EDGE_CURVE('',#2385,#2456,#1521,.T.);
#3326=EDGE_CURVE('',#2374,#2435,#1522,.T.);
#3327=EDGE_CURVE('',#2384,#2457,#1523,.T.);
#3328=EDGE_CURVE('',#2375,#2434,#1524,.T.);
#3329=EDGE_CURVE('',#2383,#2458,#1525,.T.);
#3330=EDGE_CURVE('',#2376,#2433,#1526,.T.);
#3331=EDGE_CURVE('',#2382,#2459,#1527,.T.);
#3332=EDGE_CURVE('',#2377,#2432,#1528,.T.);
#3333=EDGE_CURVE('',#2381,#2460,#1529,.T.);
#3334=EDGE_CURVE('',#2378,#2431,#1530,.T.);
#3335=EDGE_CURVE('',#2380,#2430,#1531,.T.);
#3336=EDGE_CURVE('',#2379,#2429,#1532,.T.);
#3337=EDGE_CURVE('',#2360,#2203,#1533,.T.);
#3338=EDGE_CURVE('',#2204,#2359,#1534,.T.);
#3339=EDGE_CURVE('',#2202,#2361,#1535,.T.);
#3340=EDGE_CURVE('',#2201,#2362,#1536,.T.);
#3341=EDGE_CURVE('',#2192,#2338,#1537,.T.);
#3342=EDGE_CURVE('',#2191,#2339,#1538,.T.);
#3343=EDGE_CURVE('',#2190,#2340,#1539,.T.);
#3344=EDGE_CURVE('',#2301,#2341,#1540,.T.);
#3345=EDGE_CURVE('',#2186,#2342,#1541,.T.);
#3346=EDGE_CURVE('',#2185,#2343,#1542,.T.);
#3347=EDGE_CURVE('',#2184,#2344,#1543,.T.);
#3348=EDGE_CURVE('',#2183,#2345,#1544,.T.);
#3349=EDGE_CURVE('',#2525,#2526,#1033,.T.);
#3350=EDGE_CURVE('',#2527,#2525,#1034,.T.);
#3351=EDGE_CURVE('',#2528,#2527,#1035,.T.);
#3352=EDGE_CURVE('',#2529,#2528,#1036,.T.);
#3353=EDGE_CURVE('',#2530,#2529,#1037,.T.);
#3354=EDGE_CURVE('',#2531,#2530,#1038,.T.);
#3355=EDGE_CURVE('',#2532,#2531,#1039,.T.);
#3356=EDGE_CURVE('',#2533,#2532,#1040,.T.);
#3357=EDGE_CURVE('',#2534,#2533,#1041,.T.);
#3358=EDGE_CURVE('',#2535,#2534,#1545,.T.);
#3359=EDGE_CURVE('',#2536,#2535,#1546,.T.);
#3360=EDGE_CURVE('',#2537,#2536,#1547,.T.);
#3361=EDGE_CURVE('',#2538,#2537,#1548,.T.);
#3362=EDGE_CURVE('',#2539,#2538,#1549,.T.);
#3363=EDGE_CURVE('',#2540,#2539,#1042,.T.);
#3364=EDGE_CURVE('',#2310,#2540,#1043,.T.);
#3365=EDGE_CURVE('',#2541,#2309,#1044,.T.);
#3366=EDGE_CURVE('',#2542,#2541,#1045,.T.);
#3367=EDGE_CURVE('',#2543,#2542,#1046,.T.);
#3368=EDGE_CURVE('',#2544,#2543,#1550,.T.);
#3369=EDGE_CURVE('',#2545,#2544,#1551,.T.);
#3370=EDGE_CURVE('',#2546,#2545,#1552,.T.);
#3371=EDGE_CURVE('',#2547,#2546,#1553,.T.);
#3372=EDGE_CURVE('',#2548,#2547,#1554,.T.);
#3373=EDGE_CURVE('',#2549,#2548,#1047,.T.);
#3374=EDGE_CURVE('',#2526,#2549,#1048,.T.);
#3375=EDGE_CURVE('',#2216,#2347,#1555,.T.);
#3376=EDGE_CURVE('',#2215,#2348,#1556,.T.);
#3377=EDGE_CURVE('',#2214,#2349,#1557,.T.);
#3378=EDGE_CURVE('',#2213,#2350,#1558,.T.);
#3379=EDGE_CURVE('',#2212,#2351,#1559,.T.);
#3380=EDGE_CURVE('',#2211,#2352,#1560,.T.);
#3381=EDGE_CURVE('',#2210,#2353,#1561,.T.);
#3382=EDGE_CURVE('',#2209,#2354,#1562,.T.);
#3383=EDGE_CURVE('',#2208,#2355,#1563,.T.);
#3384=EDGE_CURVE('',#2207,#2356,#1564,.T.);
#3385=EDGE_CURVE('',#2206,#2357,#1565,.T.);
#3386=EDGE_CURVE('',#2205,#2358,#1566,.T.);
#3387=EDGE_CURVE('',#2539,#2550,#1567,.T.);
#3388=EDGE_CURVE('',#2551,#2550,#1049,.T.);
#3389=EDGE_CURVE('',#2540,#2551,#1568,.T.);
#3390=EDGE_CURVE('',#2538,#2552,#1569,.T.);
#3391=EDGE_CURVE('',#2550,#2552,#1570,.T.);
#3392=EDGE_CURVE('',#2537,#2553,#1571,.T.);
#3393=EDGE_CURVE('',#2552,#2553,#1572,.T.);
#3394=EDGE_CURVE('',#2536,#2554,#1573,.T.);
#3395=EDGE_CURVE('',#2553,#2554,#1574,.T.);
#3396=EDGE_CURVE('',#2535,#2555,#1575,.T.);
#3397=EDGE_CURVE('',#2554,#2555,#1576,.T.);
#3398=EDGE_CURVE('',#2534,#2556,#1577,.T.);
#3399=EDGE_CURVE('',#2555,#2556,#1578,.T.);
#3400=EDGE_CURVE('',#2533,#2557,#1579,.T.);
#3401=EDGE_CURVE('',#2556,#2557,#1050,.T.);
#3402=EDGE_CURVE('',#2532,#2558,#1580,.T.);
#3403=EDGE_CURVE('',#2557,#2558,#1051,.T.);
#3404=EDGE_CURVE('',#2531,#2559,#1581,.T.);
#3405=EDGE_CURVE('',#2558,#2559,#1052,.T.);
#3406=EDGE_CURVE('',#2530,#2560,#1582,.T.);
#3407=EDGE_CURVE('',#2559,#2560,#1053,.T.);
#3408=EDGE_CURVE('',#2529,#2561,#1583,.T.);
#3409=EDGE_CURVE('',#2560,#2561,#1054,.T.);
#3410=EDGE_CURVE('',#2528,#2562,#1584,.T.);
#3411=EDGE_CURVE('',#2561,#2562,#1055,.T.);
#3412=EDGE_CURVE('',#2527,#2563,#1585,.T.);
#3413=EDGE_CURVE('',#2562,#2563,#1056,.T.);
#3414=EDGE_CURVE('',#2314,#2398,#1586,.T.);
#3415=EDGE_CURVE('',#2311,#2397,#1587,.T.);
#3416=EDGE_CURVE('',#2313,#2396,#1588,.T.);
#3417=EDGE_CURVE('',#2312,#2395,#1589,.T.);
#3418=EDGE_CURVE('',#2182,#2346,#1590,.T.);
#3419=EDGE_CURVE('',#2564,#2565,#1057,.T.);
#3420=EDGE_CURVE('',#2565,#2566,#1058,.T.);
#3421=EDGE_CURVE('',#2566,#2567,#1059,.T.);
#3422=EDGE_CURVE('',#2567,#2568,#1591,.T.);
#3423=EDGE_CURVE('',#2568,#2569,#1592,.T.);
#3424=EDGE_CURVE('',#2569,#2570,#1593,.T.);
#3425=EDGE_CURVE('',#2570,#2571,#1594,.T.);
#3426=EDGE_CURVE('',#2571,#2572,#1595,.T.);
#3427=EDGE_CURVE('',#2572,#2573,#1060,.T.);
#3428=EDGE_CURVE('',#2573,#2574,#1061,.T.);
#3429=EDGE_CURVE('',#2574,#2308,#1062,.T.);
#3430=EDGE_CURVE('',#2307,#2551,#1063,.T.);
#3431=EDGE_CURVE('',#2563,#2564,#1064,.T.);
#3432=EDGE_CURVE('',#2549,#2566,#1596,.T.);
#3433=EDGE_CURVE('',#2526,#2565,#1597,.T.);
#3434=EDGE_CURVE('',#2548,#2567,#1598,.T.);
#3435=EDGE_CURVE('',#2547,#2568,#1599,.T.);
#3436=EDGE_CURVE('',#2546,#2569,#1600,.T.);
#3437=EDGE_CURVE('',#2545,#2570,#1601,.T.);
#3438=EDGE_CURVE('',#2544,#2571,#1602,.T.);
#3439=EDGE_CURVE('',#2543,#2572,#1603,.T.);
#3440=EDGE_CURVE('',#2542,#2573,#1604,.T.);
#3441=EDGE_CURVE('',#2541,#2574,#1605,.T.);
#3442=EDGE_CURVE('',#2564,#2525,#1606,.T.);
#3443=ORIENTED_EDGE('',*,*,#2575,.T.);
#3444=ORIENTED_EDGE('',*,*,#2576,.T.);
#3445=ORIENTED_EDGE('',*,*,#2577,.T.);
#3446=ORIENTED_EDGE('',*,*,#2578,.T.);
#3447=ORIENTED_EDGE('',*,*,#2579,.T.);
#3448=ORIENTED_EDGE('',*,*,#2580,.T.);
#3449=ORIENTED_EDGE('',*,*,#2575,.F.);
#3450=ORIENTED_EDGE('',*,*,#2581,.T.);
#3451=ORIENTED_EDGE('',*,*,#2582,.T.);
#3452=ORIENTED_EDGE('',*,*,#2583,.T.);
#3453=ORIENTED_EDGE('',*,*,#2579,.F.);
#3454=ORIENTED_EDGE('',*,*,#2584,.T.);
#3455=ORIENTED_EDGE('',*,*,#2585,.T.);
#3456=ORIENTED_EDGE('',*,*,#2586,.T.);
#3457=ORIENTED_EDGE('',*,*,#2582,.F.);
#3458=ORIENTED_EDGE('',*,*,#2587,.T.);
#3459=ORIENTED_EDGE('',*,*,#2588,.T.);
#3460=ORIENTED_EDGE('',*,*,#2589,.T.);
#3461=ORIENTED_EDGE('',*,*,#2585,.F.);
#3462=ORIENTED_EDGE('',*,*,#2590,.T.);
#3463=ORIENTED_EDGE('',*,*,#2591,.F.);
#3464=ORIENTED_EDGE('',*,*,#2592,.T.);
#3465=ORIENTED_EDGE('',*,*,#2593,.T.);
#3466=ORIENTED_EDGE('',*,*,#2594,.T.);
#3467=ORIENTED_EDGE('',*,*,#2595,.T.);
#3468=ORIENTED_EDGE('',*,*,#2596,.T.);
#3469=ORIENTED_EDGE('',*,*,#2597,.T.);
#3470=ORIENTED_EDGE('',*,*,#2598,.T.);
#3471=ORIENTED_EDGE('',*,*,#2599,.T.);
#3472=ORIENTED_EDGE('',*,*,#2600,.T.);
#3473=ORIENTED_EDGE('',*,*,#2595,.F.);
#3474=ORIENTED_EDGE('',*,*,#2601,.T.);
#3475=ORIENTED_EDGE('',*,*,#2602,.T.);
#3476=ORIENTED_EDGE('',*,*,#2603,.T.);
#3477=ORIENTED_EDGE('',*,*,#2599,.F.);
#3478=ORIENTED_EDGE('',*,*,#2604,.T.);
#3479=ORIENTED_EDGE('',*,*,#2605,.T.);
#3480=ORIENTED_EDGE('',*,*,#2606,.T.);
#3481=ORIENTED_EDGE('',*,*,#2602,.F.);
#3482=ORIENTED_EDGE('',*,*,#2607,.T.);
#3483=ORIENTED_EDGE('',*,*,#2608,.T.);
#3484=ORIENTED_EDGE('',*,*,#2609,.T.);
#3485=ORIENTED_EDGE('',*,*,#2605,.F.);
#3486=ORIENTED_EDGE('',*,*,#2610,.T.);
#3487=ORIENTED_EDGE('',*,*,#2611,.F.);
#3488=ORIENTED_EDGE('',*,*,#2612,.T.);
#3489=ORIENTED_EDGE('',*,*,#2613,.T.);
#3490=ORIENTED_EDGE('',*,*,#2614,.T.);
#3491=ORIENTED_EDGE('',*,*,#2615,.T.);
#3492=ORIENTED_EDGE('',*,*,#2616,.T.);
#3493=ORIENTED_EDGE('',*,*,#2617,.T.);
#3494=ORIENTED_EDGE('',*,*,#2618,.T.);
#3495=ORIENTED_EDGE('',*,*,#2619,.T.);
#3496=ORIENTED_EDGE('',*,*,#2620,.T.);
#3497=ORIENTED_EDGE('',*,*,#2615,.F.);
#3498=ORIENTED_EDGE('',*,*,#2621,.T.);
#3499=ORIENTED_EDGE('',*,*,#2622,.T.);
#3500=ORIENTED_EDGE('',*,*,#2623,.T.);
#3501=ORIENTED_EDGE('',*,*,#2619,.F.);
#3502=ORIENTED_EDGE('',*,*,#2624,.T.);
#3503=ORIENTED_EDGE('',*,*,#2625,.T.);
#3504=ORIENTED_EDGE('',*,*,#2626,.T.);
#3505=ORIENTED_EDGE('',*,*,#2622,.F.);
#3506=ORIENTED_EDGE('',*,*,#2627,.T.);
#3507=ORIENTED_EDGE('',*,*,#2628,.T.);
#3508=ORIENTED_EDGE('',*,*,#2629,.T.);
#3509=ORIENTED_EDGE('',*,*,#2625,.F.);
#3510=ORIENTED_EDGE('',*,*,#2630,.T.);
#3511=ORIENTED_EDGE('',*,*,#2631,.F.);
#3512=ORIENTED_EDGE('',*,*,#2632,.T.);
#3513=ORIENTED_EDGE('',*,*,#2633,.T.);
#3514=ORIENTED_EDGE('',*,*,#2634,.T.);
#3515=ORIENTED_EDGE('',*,*,#2635,.T.);
#3516=ORIENTED_EDGE('',*,*,#2636,.T.);
#3517=ORIENTED_EDGE('',*,*,#2637,.T.);
#3518=ORIENTED_EDGE('',*,*,#2638,.T.);
#3519=ORIENTED_EDGE('',*,*,#2639,.T.);
#3520=ORIENTED_EDGE('',*,*,#2640,.T.);
#3521=ORIENTED_EDGE('',*,*,#2635,.F.);
#3522=ORIENTED_EDGE('',*,*,#2641,.T.);
#3523=ORIENTED_EDGE('',*,*,#2642,.T.);
#3524=ORIENTED_EDGE('',*,*,#2643,.T.);
#3525=ORIENTED_EDGE('',*,*,#2639,.F.);
#3526=ORIENTED_EDGE('',*,*,#2644,.T.);
#3527=ORIENTED_EDGE('',*,*,#2645,.T.);
#3528=ORIENTED_EDGE('',*,*,#2646,.T.);
#3529=ORIENTED_EDGE('',*,*,#2642,.F.);
#3530=ORIENTED_EDGE('',*,*,#2647,.T.);
#3531=ORIENTED_EDGE('',*,*,#2648,.T.);
#3532=ORIENTED_EDGE('',*,*,#2649,.T.);
#3533=ORIENTED_EDGE('',*,*,#2645,.F.);
#3534=ORIENTED_EDGE('',*,*,#2650,.T.);
#3535=ORIENTED_EDGE('',*,*,#2651,.F.);
#3536=ORIENTED_EDGE('',*,*,#2652,.T.);
#3537=ORIENTED_EDGE('',*,*,#2653,.T.);
#3538=ORIENTED_EDGE('',*,*,#2654,.T.);
#3539=ORIENTED_EDGE('',*,*,#2655,.T.);
#3540=ORIENTED_EDGE('',*,*,#2656,.T.);
#3541=ORIENTED_EDGE('',*,*,#2657,.F.);
#3542=ORIENTED_EDGE('',*,*,#2658,.F.);
#3543=ORIENTED_EDGE('',*,*,#2659,.T.);
#3544=ORIENTED_EDGE('',*,*,#2660,.T.);
#3545=ORIENTED_EDGE('',*,*,#2655,.F.);
#3546=ORIENTED_EDGE('',*,*,#2661,.F.);
#3547=ORIENTED_EDGE('',*,*,#2662,.T.);
#3548=ORIENTED_EDGE('',*,*,#2663,.T.);
#3549=ORIENTED_EDGE('',*,*,#2659,.F.);
#3550=ORIENTED_EDGE('',*,*,#2664,.F.);
#3551=ORIENTED_EDGE('',*,*,#2665,.T.);
#3552=ORIENTED_EDGE('',*,*,#2666,.T.);
#3553=ORIENTED_EDGE('',*,*,#2662,.F.);
#3554=ORIENTED_EDGE('',*,*,#2667,.F.);
#3555=ORIENTED_EDGE('',*,*,#2668,.T.);
#3556=ORIENTED_EDGE('',*,*,#2669,.T.);
#3557=ORIENTED_EDGE('',*,*,#2665,.F.);
#3558=ORIENTED_EDGE('',*,*,#2670,.F.);
#3559=ORIENTED_EDGE('',*,*,#2671,.T.);
#3560=ORIENTED_EDGE('',*,*,#2672,.T.);
#3561=ORIENTED_EDGE('',*,*,#2668,.F.);
#3562=ORIENTED_EDGE('',*,*,#2673,.F.);
#3563=ORIENTED_EDGE('',*,*,#2674,.F.);
#3564=ORIENTED_EDGE('',*,*,#2675,.F.);
#3565=ORIENTED_EDGE('',*,*,#2676,.F.);
#3566=ORIENTED_EDGE('',*,*,#2677,.T.);
#3567=ORIENTED_EDGE('',*,*,#2678,.T.);
#3568=ORIENTED_EDGE('',*,*,#2679,.T.);
#3569=ORIENTED_EDGE('',*,*,#2680,.F.);
#3570=ORIENTED_EDGE('',*,*,#2681,.F.);
#3571=ORIENTED_EDGE('',*,*,#2682,.T.);
#3572=ORIENTED_EDGE('',*,*,#2683,.T.);
#3573=ORIENTED_EDGE('',*,*,#2678,.F.);
#3574=ORIENTED_EDGE('',*,*,#2684,.F.);
#3575=ORIENTED_EDGE('',*,*,#2685,.T.);
#3576=ORIENTED_EDGE('',*,*,#2686,.T.);
#3577=ORIENTED_EDGE('',*,*,#2682,.F.);
#3578=ORIENTED_EDGE('',*,*,#2687,.F.);
#3579=ORIENTED_EDGE('',*,*,#2688,.T.);
#3580=ORIENTED_EDGE('',*,*,#2689,.T.);
#3581=ORIENTED_EDGE('',*,*,#2685,.F.);
#3582=ORIENTED_EDGE('',*,*,#2690,.F.);
#3583=ORIENTED_EDGE('',*,*,#2691,.T.);
#3584=ORIENTED_EDGE('',*,*,#2692,.T.);
#3585=ORIENTED_EDGE('',*,*,#2688,.F.);
#3586=ORIENTED_EDGE('',*,*,#2693,.F.);
#3587=ORIENTED_EDGE('',*,*,#2694,.T.);
#3588=ORIENTED_EDGE('',*,*,#2695,.T.);
#3589=ORIENTED_EDGE('',*,*,#2691,.F.);
#3590=ORIENTED_EDGE('',*,*,#2696,.F.);
#3591=ORIENTED_EDGE('',*,*,#2697,.F.);
#3592=ORIENTED_EDGE('',*,*,#2698,.F.);
#3593=ORIENTED_EDGE('',*,*,#2699,.F.);
#3594=ORIENTED_EDGE('',*,*,#2700,.T.);
#3595=ORIENTED_EDGE('',*,*,#2701,.T.);
#3596=ORIENTED_EDGE('',*,*,#2702,.T.);
#3597=ORIENTED_EDGE('',*,*,#2703,.F.);
#3598=ORIENTED_EDGE('',*,*,#2704,.F.);
#3599=ORIENTED_EDGE('',*,*,#2705,.T.);
#3600=ORIENTED_EDGE('',*,*,#2706,.T.);
#3601=ORIENTED_EDGE('',*,*,#2701,.F.);
#3602=ORIENTED_EDGE('',*,*,#2707,.F.);
#3603=ORIENTED_EDGE('',*,*,#2708,.T.);
#3604=ORIENTED_EDGE('',*,*,#2709,.T.);
#3605=ORIENTED_EDGE('',*,*,#2705,.F.);
#3606=ORIENTED_EDGE('',*,*,#2710,.F.);
#3607=ORIENTED_EDGE('',*,*,#2711,.T.);
#3608=ORIENTED_EDGE('',*,*,#2712,.T.);
#3609=ORIENTED_EDGE('',*,*,#2708,.F.);
#3610=ORIENTED_EDGE('',*,*,#2713,.F.);
#3611=ORIENTED_EDGE('',*,*,#2714,.T.);
#3612=ORIENTED_EDGE('',*,*,#2715,.T.);
#3613=ORIENTED_EDGE('',*,*,#2711,.F.);
#3614=ORIENTED_EDGE('',*,*,#2716,.F.);
#3615=ORIENTED_EDGE('',*,*,#2717,.T.);
#3616=ORIENTED_EDGE('',*,*,#2718,.T.);
#3617=ORIENTED_EDGE('',*,*,#2714,.F.);
#3618=ORIENTED_EDGE('',*,*,#2719,.F.);
#3619=ORIENTED_EDGE('',*,*,#2720,.F.);
#3620=ORIENTED_EDGE('',*,*,#2721,.F.);
#3621=ORIENTED_EDGE('',*,*,#2722,.F.);
#3622=ORIENTED_EDGE('',*,*,#2723,.T.);
#3623=ORIENTED_EDGE('',*,*,#2724,.T.);
#3624=ORIENTED_EDGE('',*,*,#2725,.T.);
#3625=ORIENTED_EDGE('',*,*,#2726,.F.);
#3626=ORIENTED_EDGE('',*,*,#2727,.F.);
#3627=ORIENTED_EDGE('',*,*,#2728,.T.);
#3628=ORIENTED_EDGE('',*,*,#2729,.T.);
#3629=ORIENTED_EDGE('',*,*,#2724,.F.);
#3630=ORIENTED_EDGE('',*,*,#2730,.F.);
#3631=ORIENTED_EDGE('',*,*,#2731,.T.);
#3632=ORIENTED_EDGE('',*,*,#2732,.T.);
#3633=ORIENTED_EDGE('',*,*,#2728,.F.);
#3634=ORIENTED_EDGE('',*,*,#2733,.F.);
#3635=ORIENTED_EDGE('',*,*,#2734,.T.);
#3636=ORIENTED_EDGE('',*,*,#2735,.T.);
#3637=ORIENTED_EDGE('',*,*,#2731,.F.);
#3638=ORIENTED_EDGE('',*,*,#2736,.F.);
#3639=ORIENTED_EDGE('',*,*,#2737,.T.);
#3640=ORIENTED_EDGE('',*,*,#2738,.T.);
#3641=ORIENTED_EDGE('',*,*,#2734,.F.);
#3642=ORIENTED_EDGE('',*,*,#2739,.F.);
#3643=ORIENTED_EDGE('',*,*,#2740,.T.);
#3644=ORIENTED_EDGE('',*,*,#2741,.T.);
#3645=ORIENTED_EDGE('',*,*,#2737,.F.);
#3646=ORIENTED_EDGE('',*,*,#2742,.F.);
#3647=ORIENTED_EDGE('',*,*,#2743,.F.);
#3648=ORIENTED_EDGE('',*,*,#2744,.F.);
#3649=ORIENTED_EDGE('',*,*,#2745,.F.);
#3650=ORIENTED_EDGE('',*,*,#2746,.T.);
#3651=ORIENTED_EDGE('',*,*,#2747,.F.);
#3652=ORIENTED_EDGE('',*,*,#2748,.F.);
#3653=ORIENTED_EDGE('',*,*,#2749,.F.);
#3654=ORIENTED_EDGE('',*,*,#2750,.T.);
#3655=ORIENTED_EDGE('',*,*,#2751,.F.);
#3656=ORIENTED_EDGE('',*,*,#2752,.F.);
#3657=ORIENTED_EDGE('',*,*,#2753,.F.);
#3658=ORIENTED_EDGE('',*,*,#2750,.F.);
#3659=ORIENTED_EDGE('',*,*,#2754,.F.);
#3660=ORIENTED_EDGE('',*,*,#2755,.T.);
#3661=ORIENTED_EDGE('',*,*,#2756,.F.);
#3662=ORIENTED_EDGE('',*,*,#2755,.F.);
#3663=ORIENTED_EDGE('',*,*,#2757,.F.);
#3664=ORIENTED_EDGE('',*,*,#2758,.T.);
#3665=ORIENTED_EDGE('',*,*,#2759,.F.);
#3666=ORIENTED_EDGE('',*,*,#2760,.F.);
#3667=ORIENTED_EDGE('',*,*,#2761,.F.);
#3668=ORIENTED_EDGE('',*,*,#2762,.F.);
#3669=ORIENTED_EDGE('',*,*,#2763,.F.);
#3670=ORIENTED_EDGE('',*,*,#2764,.T.);
#3671=ORIENTED_EDGE('',*,*,#2765,.F.);
#3672=ORIENTED_EDGE('',*,*,#2764,.F.);
#3673=ORIENTED_EDGE('',*,*,#2766,.F.);
#3674=ORIENTED_EDGE('',*,*,#2767,.T.);
#3675=ORIENTED_EDGE('',*,*,#2768,.F.);
#3676=ORIENTED_EDGE('',*,*,#2767,.F.);
#3677=ORIENTED_EDGE('',*,*,#2769,.F.);
#3678=ORIENTED_EDGE('',*,*,#2748,.T.);
#3679=ORIENTED_EDGE('',*,*,#2770,.F.);
#3680=ORIENTED_EDGE('',*,*,#2758,.F.);
#3681=ORIENTED_EDGE('',*,*,#2771,.F.);
#3682=ORIENTED_EDGE('',*,*,#2772,.T.);
#3683=ORIENTED_EDGE('',*,*,#2773,.F.);
#3684=ORIENTED_EDGE('',*,*,#2772,.F.);
#3685=ORIENTED_EDGE('',*,*,#2774,.F.);
#3686=ORIENTED_EDGE('',*,*,#2762,.T.);
#3687=ORIENTED_EDGE('',*,*,#2775,.F.);
#3688=ORIENTED_EDGE('',*,*,#2776,.F.);
#3689=ORIENTED_EDGE('',*,*,#2777,.F.);
#3690=ORIENTED_EDGE('',*,*,#2778,.T.);
#3691=ORIENTED_EDGE('',*,*,#2779,.F.);
#3692=ORIENTED_EDGE('',*,*,#2780,.F.);
#3693=ORIENTED_EDGE('',*,*,#2781,.F.);
#3694=ORIENTED_EDGE('',*,*,#2778,.F.);
#3695=ORIENTED_EDGE('',*,*,#2782,.F.);
#3696=ORIENTED_EDGE('',*,*,#2783,.T.);
#3697=ORIENTED_EDGE('',*,*,#2784,.F.);
#3698=ORIENTED_EDGE('',*,*,#2783,.F.);
#3699=ORIENTED_EDGE('',*,*,#2785,.F.);
#3700=ORIENTED_EDGE('',*,*,#2786,.T.);
#3701=ORIENTED_EDGE('',*,*,#2787,.F.);
#3702=ORIENTED_EDGE('',*,*,#2788,.F.);
#3703=ORIENTED_EDGE('',*,*,#2789,.F.);
#3704=ORIENTED_EDGE('',*,*,#2790,.F.);
#3705=ORIENTED_EDGE('',*,*,#2791,.F.);
#3706=ORIENTED_EDGE('',*,*,#2792,.T.);
#3707=ORIENTED_EDGE('',*,*,#2793,.F.);
#3708=ORIENTED_EDGE('',*,*,#2792,.F.);
#3709=ORIENTED_EDGE('',*,*,#2794,.F.);
#3710=ORIENTED_EDGE('',*,*,#2795,.T.);
#3711=ORIENTED_EDGE('',*,*,#2796,.F.);
#3712=ORIENTED_EDGE('',*,*,#2795,.F.);
#3713=ORIENTED_EDGE('',*,*,#2797,.F.);
#3714=ORIENTED_EDGE('',*,*,#2776,.T.);
#3715=ORIENTED_EDGE('',*,*,#2798,.F.);
#3716=ORIENTED_EDGE('',*,*,#2786,.F.);
#3717=ORIENTED_EDGE('',*,*,#2799,.F.);
#3718=ORIENTED_EDGE('',*,*,#2800,.T.);
#3719=ORIENTED_EDGE('',*,*,#2801,.F.);
#3720=ORIENTED_EDGE('',*,*,#2800,.F.);
#3721=ORIENTED_EDGE('',*,*,#2802,.F.);
#3722=ORIENTED_EDGE('',*,*,#2790,.T.);
#3723=ORIENTED_EDGE('',*,*,#2751,.T.);
#3724=ORIENTED_EDGE('',*,*,#2753,.T.);
#3725=ORIENTED_EDGE('',*,*,#2756,.T.);
#3726=ORIENTED_EDGE('',*,*,#2803,.T.);
#3727=ORIENTED_EDGE('',*,*,#2804,.F.);
#3728=ORIENTED_EDGE('',*,*,#2805,.F.);
#3729=ORIENTED_EDGE('',*,*,#2806,.T.);
#3730=ORIENTED_EDGE('',*,*,#2807,.T.);
#3731=ORIENTED_EDGE('',*,*,#2779,.T.);
#3732=ORIENTED_EDGE('',*,*,#2781,.T.);
#3733=ORIENTED_EDGE('',*,*,#2784,.T.);
#3734=ORIENTED_EDGE('',*,*,#2808,.T.);
#3735=ORIENTED_EDGE('',*,*,#2760,.T.);
#3736=ORIENTED_EDGE('',*,*,#2809,.F.);
#3737=ORIENTED_EDGE('',*,*,#2810,.F.);
#3738=ORIENTED_EDGE('',*,*,#2811,.F.);
#3739=ORIENTED_EDGE('',*,*,#2812,.F.);
#3740=ORIENTED_EDGE('',*,*,#2813,.F.);
#3741=ORIENTED_EDGE('',*,*,#2814,.F.);
#3742=ORIENTED_EDGE('',*,*,#2815,.F.);
#3743=ORIENTED_EDGE('',*,*,#2816,.F.);
#3744=ORIENTED_EDGE('',*,*,#2817,.F.);
#3745=ORIENTED_EDGE('',*,*,#2818,.F.);
#3746=ORIENTED_EDGE('',*,*,#2819,.F.);
#3747=ORIENTED_EDGE('',*,*,#2820,.F.);
#3748=ORIENTED_EDGE('',*,*,#2821,.F.);
#3749=ORIENTED_EDGE('',*,*,#2822,.F.);
#3750=ORIENTED_EDGE('',*,*,#2823,.F.);
#3751=ORIENTED_EDGE('',*,*,#2824,.F.);
#3752=ORIENTED_EDGE('',*,*,#2825,.F.);
#3753=ORIENTED_EDGE('',*,*,#2826,.F.);
#3754=ORIENTED_EDGE('',*,*,#2827,.F.);
#3755=ORIENTED_EDGE('',*,*,#2828,.F.);
#3756=ORIENTED_EDGE('',*,*,#2829,.F.);
#3757=ORIENTED_EDGE('',*,*,#2830,.F.);
#3758=ORIENTED_EDGE('',*,*,#2831,.F.);
#3759=ORIENTED_EDGE('',*,*,#2832,.F.);
#3760=ORIENTED_EDGE('',*,*,#2833,.F.);
#3761=ORIENTED_EDGE('',*,*,#2834,.F.);
#3762=ORIENTED_EDGE('',*,*,#2835,.F.);
#3763=ORIENTED_EDGE('',*,*,#2836,.F.);
#3764=ORIENTED_EDGE('',*,*,#2837,.F.);
#3765=ORIENTED_EDGE('',*,*,#2838,.F.);
#3766=ORIENTED_EDGE('',*,*,#2839,.F.);
#3767=ORIENTED_EDGE('',*,*,#2840,.F.);
#3768=ORIENTED_EDGE('',*,*,#2841,.F.);
#3769=ORIENTED_EDGE('',*,*,#2842,.F.);
#3770=ORIENTED_EDGE('',*,*,#2843,.F.);
#3771=ORIENTED_EDGE('',*,*,#2844,.F.);
#3772=ORIENTED_EDGE('',*,*,#2845,.F.);
#3773=ORIENTED_EDGE('',*,*,#2846,.F.);
#3774=ORIENTED_EDGE('',*,*,#2847,.F.);
#3775=ORIENTED_EDGE('',*,*,#2848,.F.);
#3776=ORIENTED_EDGE('',*,*,#2849,.F.);
#3777=ORIENTED_EDGE('',*,*,#2850,.F.);
#3778=ORIENTED_EDGE('',*,*,#2851,.F.);
#3779=ORIENTED_EDGE('',*,*,#2780,.T.);
#3780=ORIENTED_EDGE('',*,*,#2807,.F.);
#3781=ORIENTED_EDGE('',*,*,#2852,.F.);
#3782=ORIENTED_EDGE('',*,*,#2853,.F.);
#3783=ORIENTED_EDGE('',*,*,#2854,.F.);
#3784=ORIENTED_EDGE('',*,*,#2855,.F.);
#3785=ORIENTED_EDGE('',*,*,#2856,.F.);
#3786=ORIENTED_EDGE('',*,*,#2857,.F.);
#3787=ORIENTED_EDGE('',*,*,#2858,.F.);
#3788=ORIENTED_EDGE('',*,*,#2859,.F.);
#3789=ORIENTED_EDGE('',*,*,#2860,.F.);
#3790=ORIENTED_EDGE('',*,*,#2861,.F.);
#3791=ORIENTED_EDGE('',*,*,#2862,.F.);
#3792=ORIENTED_EDGE('',*,*,#2863,.F.);
#3793=ORIENTED_EDGE('',*,*,#2864,.F.);
#3794=ORIENTED_EDGE('',*,*,#2865,.F.);
#3795=ORIENTED_EDGE('',*,*,#2866,.F.);
#3796=ORIENTED_EDGE('',*,*,#2867,.F.);
#3797=ORIENTED_EDGE('',*,*,#2868,.F.);
#3798=ORIENTED_EDGE('',*,*,#2869,.F.);
#3799=ORIENTED_EDGE('',*,*,#2870,.F.);
#3800=ORIENTED_EDGE('',*,*,#2871,.F.);
#3801=ORIENTED_EDGE('',*,*,#2872,.F.);
#3802=ORIENTED_EDGE('',*,*,#2873,.F.);
#3803=ORIENTED_EDGE('',*,*,#2874,.F.);
#3804=ORIENTED_EDGE('',*,*,#2875,.F.);
#3805=ORIENTED_EDGE('',*,*,#2876,.F.);
#3806=ORIENTED_EDGE('',*,*,#2877,.F.);
#3807=ORIENTED_EDGE('',*,*,#2878,.F.);
#3808=ORIENTED_EDGE('',*,*,#2879,.F.);
#3809=ORIENTED_EDGE('',*,*,#2880,.F.);
#3810=ORIENTED_EDGE('',*,*,#2881,.F.);
#3811=ORIENTED_EDGE('',*,*,#2882,.F.);
#3812=ORIENTED_EDGE('',*,*,#2803,.F.);
#3813=ORIENTED_EDGE('',*,*,#2752,.T.);
#3814=ORIENTED_EDGE('',*,*,#2808,.F.);
#3815=ORIENTED_EDGE('',*,*,#2788,.T.);
#3816=ORIENTED_EDGE('',*,*,#2883,.F.);
#3817=ORIENTED_EDGE('',*,*,#2884,.F.);
#3818=ORIENTED_EDGE('',*,*,#2885,.F.);
#3819=ORIENTED_EDGE('',*,*,#2886,.F.);
#3820=ORIENTED_EDGE('',*,*,#2887,.T.);
#3821=ORIENTED_EDGE('',*,*,#2888,.F.);
#3822=ORIENTED_EDGE('',*,*,#2887,.F.);
#3823=ORIENTED_EDGE('',*,*,#2889,.F.);
#3824=ORIENTED_EDGE('',*,*,#2890,.T.);
#3825=ORIENTED_EDGE('',*,*,#2891,.F.);
#3826=ORIENTED_EDGE('',*,*,#2890,.F.);
#3827=ORIENTED_EDGE('',*,*,#2892,.F.);
#3828=ORIENTED_EDGE('',*,*,#2893,.T.);
#3829=ORIENTED_EDGE('',*,*,#2894,.F.);
#3830=ORIENTED_EDGE('',*,*,#2893,.F.);
#3831=ORIENTED_EDGE('',*,*,#2895,.F.);
#3832=ORIENTED_EDGE('',*,*,#2896,.T.);
#3833=ORIENTED_EDGE('',*,*,#2897,.F.);
#3834=ORIENTED_EDGE('',*,*,#2896,.F.);
#3835=ORIENTED_EDGE('',*,*,#2898,.F.);
#3836=ORIENTED_EDGE('',*,*,#2899,.T.);
#3837=ORIENTED_EDGE('',*,*,#2900,.F.);
#3838=ORIENTED_EDGE('',*,*,#2899,.F.);
#3839=ORIENTED_EDGE('',*,*,#2901,.F.);
#3840=ORIENTED_EDGE('',*,*,#2902,.T.);
#3841=ORIENTED_EDGE('',*,*,#2903,.F.);
#3842=ORIENTED_EDGE('',*,*,#2902,.F.);
#3843=ORIENTED_EDGE('',*,*,#2904,.F.);
#3844=ORIENTED_EDGE('',*,*,#2905,.T.);
#3845=ORIENTED_EDGE('',*,*,#2906,.F.);
#3846=ORIENTED_EDGE('',*,*,#2905,.F.);
#3847=ORIENTED_EDGE('',*,*,#2907,.F.);
#3848=ORIENTED_EDGE('',*,*,#2885,.T.);
#3849=ORIENTED_EDGE('',*,*,#2908,.F.);
#3850=ORIENTED_EDGE('',*,*,#2909,.F.);
#3851=ORIENTED_EDGE('',*,*,#2910,.F.);
#3852=ORIENTED_EDGE('',*,*,#2911,.T.);
#3853=ORIENTED_EDGE('',*,*,#2912,.F.);
#3854=ORIENTED_EDGE('',*,*,#2911,.F.);
#3855=ORIENTED_EDGE('',*,*,#2913,.F.);
#3856=ORIENTED_EDGE('',*,*,#2914,.T.);
#3857=ORIENTED_EDGE('',*,*,#2915,.F.);
#3858=ORIENTED_EDGE('',*,*,#2914,.F.);
#3859=ORIENTED_EDGE('',*,*,#2916,.F.);
#3860=ORIENTED_EDGE('',*,*,#2917,.T.);
#3861=ORIENTED_EDGE('',*,*,#2918,.F.);
#3862=ORIENTED_EDGE('',*,*,#2917,.F.);
#3863=ORIENTED_EDGE('',*,*,#2919,.F.);
#3864=ORIENTED_EDGE('',*,*,#2920,.T.);
#3865=ORIENTED_EDGE('',*,*,#2921,.F.);
#3866=ORIENTED_EDGE('',*,*,#2920,.F.);
#3867=ORIENTED_EDGE('',*,*,#2922,.F.);
#3868=ORIENTED_EDGE('',*,*,#2923,.T.);
#3869=ORIENTED_EDGE('',*,*,#2924,.F.);
#3870=ORIENTED_EDGE('',*,*,#2923,.F.);
#3871=ORIENTED_EDGE('',*,*,#2925,.F.);
#3872=ORIENTED_EDGE('',*,*,#2926,.T.);
#3873=ORIENTED_EDGE('',*,*,#2927,.F.);
#3874=ORIENTED_EDGE('',*,*,#2926,.F.);
#3875=ORIENTED_EDGE('',*,*,#2928,.F.);
#3876=ORIENTED_EDGE('',*,*,#2929,.T.);
#3877=ORIENTED_EDGE('',*,*,#2930,.F.);
#3878=ORIENTED_EDGE('',*,*,#2929,.F.);
#3879=ORIENTED_EDGE('',*,*,#2931,.F.);
#3880=ORIENTED_EDGE('',*,*,#2909,.T.);
#3881=ORIENTED_EDGE('',*,*,#2932,.F.);
#3882=ORIENTED_EDGE('',*,*,#2933,.F.);
#3883=ORIENTED_EDGE('',*,*,#2934,.F.);
#3884=ORIENTED_EDGE('',*,*,#2935,.T.);
#3885=ORIENTED_EDGE('',*,*,#2936,.F.);
#3886=ORIENTED_EDGE('',*,*,#2935,.F.);
#3887=ORIENTED_EDGE('',*,*,#2937,.F.);
#3888=ORIENTED_EDGE('',*,*,#2938,.F.);
#3889=ORIENTED_EDGE('',*,*,#2939,.T.);
#3890=ORIENTED_EDGE('',*,*,#2940,.F.);
#3891=ORIENTED_EDGE('',*,*,#2941,.F.);
#3892=ORIENTED_EDGE('',*,*,#2942,.F.);
#3893=ORIENTED_EDGE('',*,*,#2943,.F.);
#3894=ORIENTED_EDGE('',*,*,#2933,.T.);
#3895=ORIENTED_EDGE('',*,*,#2944,.F.);
#3896=ORIENTED_EDGE('',*,*,#2945,.F.);
#3897=ORIENTED_EDGE('',*,*,#2946,.F.);
#3898=ORIENTED_EDGE('',*,*,#2947,.F.);
#3899=ORIENTED_EDGE('',*,*,#2942,.T.);
#3900=ORIENTED_EDGE('',*,*,#2948,.F.);
#3901=ORIENTED_EDGE('',*,*,#2949,.F.);
#3902=ORIENTED_EDGE('',*,*,#2950,.F.);
#3903=ORIENTED_EDGE('',*,*,#2951,.F.);
#3904=ORIENTED_EDGE('',*,*,#2946,.T.);
#3905=ORIENTED_EDGE('',*,*,#2952,.F.);
#3906=ORIENTED_EDGE('',*,*,#2939,.F.);
#3907=ORIENTED_EDGE('',*,*,#2953,.F.);
#3908=ORIENTED_EDGE('',*,*,#2954,.T.);
#3909=ORIENTED_EDGE('',*,*,#2955,.F.);
#3910=ORIENTED_EDGE('',*,*,#2956,.F.);
#3911=ORIENTED_EDGE('',*,*,#2954,.F.);
#3912=ORIENTED_EDGE('',*,*,#2957,.F.);
#3913=ORIENTED_EDGE('',*,*,#2958,.F.);
#3914=ORIENTED_EDGE('',*,*,#2959,.T.);
#3915=ORIENTED_EDGE('',*,*,#2960,.F.);
#3916=ORIENTED_EDGE('',*,*,#2959,.F.);
#3917=ORIENTED_EDGE('',*,*,#2961,.F.);
#3918=ORIENTED_EDGE('',*,*,#2950,.T.);
#3919=ORIENTED_EDGE('',*,*,#2948,.T.);
#3920=ORIENTED_EDGE('',*,*,#2945,.T.);
#3921=ORIENTED_EDGE('',*,*,#2941,.T.);
#3922=ORIENTED_EDGE('',*,*,#2962,.F.);
#3923=ORIENTED_EDGE('',*,*,#2818,.T.);
#3924=ORIENTED_EDGE('',*,*,#2963,.T.);
#3925=ORIENTED_EDGE('',*,*,#2964,.T.);
#3926=ORIENTED_EDGE('',*,*,#2965,.F.);
#3927=ORIENTED_EDGE('',*,*,#2944,.T.);
#3928=ORIENTED_EDGE('',*,*,#2932,.T.);
#3929=ORIENTED_EDGE('',*,*,#2936,.T.);
#3930=ORIENTED_EDGE('',*,*,#2966,.F.);
#3931=ORIENTED_EDGE('',*,*,#2819,.T.);
#3932=ORIENTED_EDGE('',*,*,#2962,.T.);
#3933=ORIENTED_EDGE('',*,*,#2937,.T.);
#3934=ORIENTED_EDGE('',*,*,#2934,.T.);
#3935=ORIENTED_EDGE('',*,*,#2943,.T.);
#3936=ORIENTED_EDGE('',*,*,#2947,.T.);
#3937=ORIENTED_EDGE('',*,*,#2951,.T.);
#3938=ORIENTED_EDGE('',*,*,#2961,.T.);
#3939=ORIENTED_EDGE('',*,*,#2958,.T.);
#3940=ORIENTED_EDGE('',*,*,#2967,.T.);
#3941=ORIENTED_EDGE('',*,*,#2968,.F.);
#3942=ORIENTED_EDGE('',*,*,#2969,.F.);
#3943=ORIENTED_EDGE('',*,*,#2970,.T.);
#3944=ORIENTED_EDGE('',*,*,#2971,.T.);
#3945=ORIENTED_EDGE('',*,*,#2743,.T.);
#3946=ORIENTED_EDGE('',*,*,#2972,.T.);
#3947=ORIENTED_EDGE('',*,*,#2740,.F.);
#3948=ORIENTED_EDGE('',*,*,#2973,.F.);
#3949=ORIENTED_EDGE('',*,*,#2974,.F.);
#3950=ORIENTED_EDGE('',*,*,#2725,.F.);
#3951=ORIENTED_EDGE('',*,*,#2729,.F.);
#3952=ORIENTED_EDGE('',*,*,#2732,.F.);
#3953=ORIENTED_EDGE('',*,*,#2735,.F.);
#3954=ORIENTED_EDGE('',*,*,#2738,.F.);
#3955=ORIENTED_EDGE('',*,*,#2741,.F.);
#3956=ORIENTED_EDGE('',*,*,#2972,.F.);
#3957=ORIENTED_EDGE('',*,*,#2746,.F.);
#3958=ORIENTED_EDGE('',*,*,#2975,.F.);
#3959=ORIENTED_EDGE('',*,*,#2652,.F.);
#3960=ORIENTED_EDGE('',*,*,#2976,.F.);
#3961=ORIENTED_EDGE('',*,*,#2650,.F.);
#3962=ORIENTED_EDGE('',*,*,#2647,.F.);
#3963=ORIENTED_EDGE('',*,*,#2644,.F.);
#3964=ORIENTED_EDGE('',*,*,#2641,.F.);
#3965=ORIENTED_EDGE('',*,*,#2638,.F.);
#3966=ORIENTED_EDGE('',*,*,#2977,.F.);
#3967=ORIENTED_EDGE('',*,*,#2636,.F.);
#3968=ORIENTED_EDGE('',*,*,#2640,.F.);
#3969=ORIENTED_EDGE('',*,*,#2643,.F.);
#3970=ORIENTED_EDGE('',*,*,#2646,.F.);
#3971=ORIENTED_EDGE('',*,*,#2649,.F.);
#3972=ORIENTED_EDGE('',*,*,#2978,.F.);
#3973=ORIENTED_EDGE('',*,*,#2654,.F.);
#3974=ORIENTED_EDGE('',*,*,#2979,.F.);
#3975=ORIENTED_EDGE('',*,*,#2744,.T.);
#3976=ORIENTED_EDGE('',*,*,#2973,.T.);
#3977=ORIENTED_EDGE('',*,*,#2742,.T.);
#3978=ORIENTED_EDGE('',*,*,#2739,.T.);
#3979=ORIENTED_EDGE('',*,*,#2736,.T.);
#3980=ORIENTED_EDGE('',*,*,#2733,.T.);
#3981=ORIENTED_EDGE('',*,*,#2730,.T.);
#3982=ORIENTED_EDGE('',*,*,#2727,.T.);
#3983=ORIENTED_EDGE('',*,*,#2720,.T.);
#3984=ORIENTED_EDGE('',*,*,#2980,.T.);
#3985=ORIENTED_EDGE('',*,*,#2717,.F.);
#3986=ORIENTED_EDGE('',*,*,#2981,.F.);
#3987=ORIENTED_EDGE('',*,*,#2982,.F.);
#3988=ORIENTED_EDGE('',*,*,#2702,.F.);
#3989=ORIENTED_EDGE('',*,*,#2706,.F.);
#3990=ORIENTED_EDGE('',*,*,#2709,.F.);
#3991=ORIENTED_EDGE('',*,*,#2712,.F.);
#3992=ORIENTED_EDGE('',*,*,#2715,.F.);
#3993=ORIENTED_EDGE('',*,*,#2718,.F.);
#3994=ORIENTED_EDGE('',*,*,#2980,.F.);
#3995=ORIENTED_EDGE('',*,*,#2723,.F.);
#3996=ORIENTED_EDGE('',*,*,#2983,.F.);
#3997=ORIENTED_EDGE('',*,*,#2592,.F.);
#3998=ORIENTED_EDGE('',*,*,#2984,.F.);
#3999=ORIENTED_EDGE('',*,*,#2590,.F.);
#4000=ORIENTED_EDGE('',*,*,#2587,.F.);
#4001=ORIENTED_EDGE('',*,*,#2584,.F.);
#4002=ORIENTED_EDGE('',*,*,#2581,.F.);
#4003=ORIENTED_EDGE('',*,*,#2578,.F.);
#4004=ORIENTED_EDGE('',*,*,#2985,.F.);
#4005=ORIENTED_EDGE('',*,*,#2576,.F.);
#4006=ORIENTED_EDGE('',*,*,#2580,.F.);
#4007=ORIENTED_EDGE('',*,*,#2583,.F.);
#4008=ORIENTED_EDGE('',*,*,#2586,.F.);
#4009=ORIENTED_EDGE('',*,*,#2589,.F.);
#4010=ORIENTED_EDGE('',*,*,#2986,.F.);
#4011=ORIENTED_EDGE('',*,*,#2594,.F.);
#4012=ORIENTED_EDGE('',*,*,#2987,.F.);
#4013=ORIENTED_EDGE('',*,*,#2721,.T.);
#4014=ORIENTED_EDGE('',*,*,#2981,.T.);
#4015=ORIENTED_EDGE('',*,*,#2719,.T.);
#4016=ORIENTED_EDGE('',*,*,#2716,.T.);
#4017=ORIENTED_EDGE('',*,*,#2713,.T.);
#4018=ORIENTED_EDGE('',*,*,#2710,.T.);
#4019=ORIENTED_EDGE('',*,*,#2707,.T.);
#4020=ORIENTED_EDGE('',*,*,#2704,.T.);
#4021=ORIENTED_EDGE('',*,*,#2697,.T.);
#4022=ORIENTED_EDGE('',*,*,#2988,.T.);
#4023=ORIENTED_EDGE('',*,*,#2694,.F.);
#4024=ORIENTED_EDGE('',*,*,#2989,.F.);
#4025=ORIENTED_EDGE('',*,*,#2990,.F.);
#4026=ORIENTED_EDGE('',*,*,#2679,.F.);
#4027=ORIENTED_EDGE('',*,*,#2683,.F.);
#4028=ORIENTED_EDGE('',*,*,#2686,.F.);
#4029=ORIENTED_EDGE('',*,*,#2689,.F.);
#4030=ORIENTED_EDGE('',*,*,#2692,.F.);
#4031=ORIENTED_EDGE('',*,*,#2695,.F.);
#4032=ORIENTED_EDGE('',*,*,#2988,.F.);
#4033=ORIENTED_EDGE('',*,*,#2700,.F.);
#4034=ORIENTED_EDGE('',*,*,#2991,.F.);
#4035=ORIENTED_EDGE('',*,*,#2632,.F.);
#4036=ORIENTED_EDGE('',*,*,#2992,.F.);
#4037=ORIENTED_EDGE('',*,*,#2630,.F.);
#4038=ORIENTED_EDGE('',*,*,#2627,.F.);
#4039=ORIENTED_EDGE('',*,*,#2624,.F.);
#4040=ORIENTED_EDGE('',*,*,#2621,.F.);
#4041=ORIENTED_EDGE('',*,*,#2618,.F.);
#4042=ORIENTED_EDGE('',*,*,#2993,.F.);
#4043=ORIENTED_EDGE('',*,*,#2616,.F.);
#4044=ORIENTED_EDGE('',*,*,#2620,.F.);
#4045=ORIENTED_EDGE('',*,*,#2623,.F.);
#4046=ORIENTED_EDGE('',*,*,#2626,.F.);
#4047=ORIENTED_EDGE('',*,*,#2629,.F.);
#4048=ORIENTED_EDGE('',*,*,#2994,.F.);
#4049=ORIENTED_EDGE('',*,*,#2634,.F.);
#4050=ORIENTED_EDGE('',*,*,#2995,.F.);
#4051=ORIENTED_EDGE('',*,*,#2698,.T.);
#4052=ORIENTED_EDGE('',*,*,#2989,.T.);
#4053=ORIENTED_EDGE('',*,*,#2696,.T.);
#4054=ORIENTED_EDGE('',*,*,#2693,.T.);
#4055=ORIENTED_EDGE('',*,*,#2690,.T.);
#4056=ORIENTED_EDGE('',*,*,#2687,.T.);
#4057=ORIENTED_EDGE('',*,*,#2684,.T.);
#4058=ORIENTED_EDGE('',*,*,#2681,.T.);
#4059=ORIENTED_EDGE('',*,*,#2674,.T.);
#4060=ORIENTED_EDGE('',*,*,#2996,.T.);
#4061=ORIENTED_EDGE('',*,*,#2671,.F.);
#4062=ORIENTED_EDGE('',*,*,#2997,.F.);
#4063=ORIENTED_EDGE('',*,*,#2998,.F.);
#4064=ORIENTED_EDGE('',*,*,#2656,.F.);
#4065=ORIENTED_EDGE('',*,*,#2660,.F.);
#4066=ORIENTED_EDGE('',*,*,#2663,.F.);
#4067=ORIENTED_EDGE('',*,*,#2666,.F.);
#4068=ORIENTED_EDGE('',*,*,#2669,.F.);
#4069=ORIENTED_EDGE('',*,*,#2672,.F.);
#4070=ORIENTED_EDGE('',*,*,#2996,.F.);
#4071=ORIENTED_EDGE('',*,*,#2677,.F.);
#4072=ORIENTED_EDGE('',*,*,#2999,.F.);
#4073=ORIENTED_EDGE('',*,*,#2612,.F.);
#4074=ORIENTED_EDGE('',*,*,#3000,.F.);
#4075=ORIENTED_EDGE('',*,*,#2610,.F.);
#4076=ORIENTED_EDGE('',*,*,#2607,.F.);
#4077=ORIENTED_EDGE('',*,*,#2604,.F.);
#4078=ORIENTED_EDGE('',*,*,#2601,.F.);
#4079=ORIENTED_EDGE('',*,*,#2598,.F.);
#4080=ORIENTED_EDGE('',*,*,#3001,.F.);
#4081=ORIENTED_EDGE('',*,*,#2596,.F.);
#4082=ORIENTED_EDGE('',*,*,#2600,.F.);
#4083=ORIENTED_EDGE('',*,*,#2603,.F.);
#4084=ORIENTED_EDGE('',*,*,#2606,.F.);
#4085=ORIENTED_EDGE('',*,*,#2609,.F.);
#4086=ORIENTED_EDGE('',*,*,#3002,.F.);
#4087=ORIENTED_EDGE('',*,*,#2614,.F.);
#4088=ORIENTED_EDGE('',*,*,#3003,.F.);
#4089=ORIENTED_EDGE('',*,*,#2675,.T.);
#4090=ORIENTED_EDGE('',*,*,#2997,.T.);
#4091=ORIENTED_EDGE('',*,*,#2673,.T.);
#4092=ORIENTED_EDGE('',*,*,#2670,.T.);
#4093=ORIENTED_EDGE('',*,*,#2667,.T.);
#4094=ORIENTED_EDGE('',*,*,#2664,.T.);
#4095=ORIENTED_EDGE('',*,*,#2661,.T.);
#4096=ORIENTED_EDGE('',*,*,#2658,.T.);
#4097=ORIENTED_EDGE('',*,*,#3004,.F.);
#4098=ORIENTED_EDGE('',*,*,#2987,.T.);
#4099=ORIENTED_EDGE('',*,*,#2593,.F.);
#4100=ORIENTED_EDGE('',*,*,#2983,.T.);
#4101=ORIENTED_EDGE('',*,*,#2722,.T.);
#4102=ORIENTED_EDGE('',*,*,#3005,.F.);
#4103=ORIENTED_EDGE('',*,*,#3003,.T.);
#4104=ORIENTED_EDGE('',*,*,#2613,.F.);
#4105=ORIENTED_EDGE('',*,*,#2999,.T.);
#4106=ORIENTED_EDGE('',*,*,#2676,.T.);
#4107=ORIENTED_EDGE('',*,*,#3006,.F.);
#4108=ORIENTED_EDGE('',*,*,#2995,.T.);
#4109=ORIENTED_EDGE('',*,*,#2633,.F.);
#4110=ORIENTED_EDGE('',*,*,#2991,.T.);
#4111=ORIENTED_EDGE('',*,*,#2699,.T.);
#4112=ORIENTED_EDGE('',*,*,#3007,.F.);
#4113=ORIENTED_EDGE('',*,*,#2979,.T.);
#4114=ORIENTED_EDGE('',*,*,#2653,.F.);
#4115=ORIENTED_EDGE('',*,*,#2975,.T.);
#4116=ORIENTED_EDGE('',*,*,#2745,.T.);
#4117=ORIENTED_EDGE('',*,*,#2811,.T.);
#4118=ORIENTED_EDGE('',*,*,#3008,.T.);
#4119=ORIENTED_EDGE('',*,*,#3009,.F.);
#4120=ORIENTED_EDGE('',*,*,#3010,.F.);
#4121=ORIENTED_EDGE('',*,*,#2810,.T.);
#4122=ORIENTED_EDGE('',*,*,#3011,.T.);
#4123=ORIENTED_EDGE('',*,*,#3012,.F.);
#4124=ORIENTED_EDGE('',*,*,#3008,.F.);
#4125=ORIENTED_EDGE('',*,*,#3013,.T.);
#4126=ORIENTED_EDGE('',*,*,#3009,.T.);
#4127=ORIENTED_EDGE('',*,*,#3012,.T.);
#4128=ORIENTED_EDGE('',*,*,#2747,.T.);
#4129=ORIENTED_EDGE('',*,*,#2883,.T.);
#4130=ORIENTED_EDGE('',*,*,#2787,.T.);
#4131=ORIENTED_EDGE('',*,*,#2798,.T.);
#4132=ORIENTED_EDGE('',*,*,#2801,.T.);
#4133=ORIENTED_EDGE('',*,*,#2789,.T.);
#4134=ORIENTED_EDGE('',*,*,#2793,.T.);
#4135=ORIENTED_EDGE('',*,*,#2796,.T.);
#4136=ORIENTED_EDGE('',*,*,#2775,.T.);
#4137=ORIENTED_EDGE('',*,*,#2851,.T.);
#4138=ORIENTED_EDGE('',*,*,#3014,.T.);
#4139=ORIENTED_EDGE('',*,*,#3015,.T.);
#4140=ORIENTED_EDGE('',*,*,#3016,.T.);
#4141=ORIENTED_EDGE('',*,*,#2809,.T.);
#4142=ORIENTED_EDGE('',*,*,#2759,.T.);
#4143=ORIENTED_EDGE('',*,*,#2770,.T.);
#4144=ORIENTED_EDGE('',*,*,#2773,.T.);
#4145=ORIENTED_EDGE('',*,*,#2761,.T.);
#4146=ORIENTED_EDGE('',*,*,#2765,.T.);
#4147=ORIENTED_EDGE('',*,*,#2768,.T.);
#4148=ORIENTED_EDGE('',*,*,#2829,.T.);
#4149=ORIENTED_EDGE('',*,*,#3017,.T.);
#4150=ORIENTED_EDGE('',*,*,#3018,.F.);
#4151=ORIENTED_EDGE('',*,*,#3019,.F.);
#4152=ORIENTED_EDGE('',*,*,#2828,.T.);
#4153=ORIENTED_EDGE('',*,*,#3020,.T.);
#4154=ORIENTED_EDGE('',*,*,#3021,.F.);
#4155=ORIENTED_EDGE('',*,*,#3017,.F.);
#4156=ORIENTED_EDGE('',*,*,#3021,.T.);
#4157=ORIENTED_EDGE('',*,*,#3022,.T.);
#4158=ORIENTED_EDGE('',*,*,#3018,.T.);
#4159=ORIENTED_EDGE('',*,*,#3023,.T.);
#4160=ORIENTED_EDGE('',*,*,#3024,.T.);
#4161=ORIENTED_EDGE('',*,*,#3025,.F.);
#4162=ORIENTED_EDGE('',*,*,#2830,.T.);
#4163=ORIENTED_EDGE('',*,*,#2826,.T.);
#4164=ORIENTED_EDGE('',*,*,#3026,.T.);
#4165=ORIENTED_EDGE('',*,*,#3027,.F.);
#4166=ORIENTED_EDGE('',*,*,#3028,.F.);
#4167=ORIENTED_EDGE('',*,*,#2825,.T.);
#4168=ORIENTED_EDGE('',*,*,#3029,.T.);
#4169=ORIENTED_EDGE('',*,*,#3030,.F.);
#4170=ORIENTED_EDGE('',*,*,#3026,.F.);
#4171=ORIENTED_EDGE('',*,*,#3031,.T.);
#4172=ORIENTED_EDGE('',*,*,#3027,.T.);
#4173=ORIENTED_EDGE('',*,*,#3030,.T.);
#4174=ORIENTED_EDGE('',*,*,#3032,.T.);
#4175=ORIENTED_EDGE('',*,*,#2827,.T.);
#4176=ORIENTED_EDGE('',*,*,#3033,.T.);
#4177=ORIENTED_EDGE('',*,*,#3034,.T.);
#4178=ORIENTED_EDGE('',*,*,#2897,.T.);
#4179=ORIENTED_EDGE('',*,*,#2900,.T.);
#4180=ORIENTED_EDGE('',*,*,#2903,.T.);
#4181=ORIENTED_EDGE('',*,*,#2906,.T.);
#4182=ORIENTED_EDGE('',*,*,#2884,.T.);
#4183=ORIENTED_EDGE('',*,*,#2888,.T.);
#4184=ORIENTED_EDGE('',*,*,#2891,.T.);
#4185=ORIENTED_EDGE('',*,*,#2894,.T.);
#4186=ORIENTED_EDGE('',*,*,#2921,.T.);
#4187=ORIENTED_EDGE('',*,*,#2924,.T.);
#4188=ORIENTED_EDGE('',*,*,#2927,.T.);
#4189=ORIENTED_EDGE('',*,*,#2930,.T.);
#4190=ORIENTED_EDGE('',*,*,#2908,.T.);
#4191=ORIENTED_EDGE('',*,*,#2912,.T.);
#4192=ORIENTED_EDGE('',*,*,#2915,.T.);
#4193=ORIENTED_EDGE('',*,*,#2918,.T.);
#4194=ORIENTED_EDGE('',*,*,#2850,.T.);
#4195=ORIENTED_EDGE('',*,*,#3035,.T.);
#4196=ORIENTED_EDGE('',*,*,#3036,.F.);
#4197=ORIENTED_EDGE('',*,*,#3037,.F.);
#4198=ORIENTED_EDGE('',*,*,#2849,.T.);
#4199=ORIENTED_EDGE('',*,*,#3038,.T.);
#4200=ORIENTED_EDGE('',*,*,#3039,.F.);
#4201=ORIENTED_EDGE('',*,*,#3035,.F.);
#4202=ORIENTED_EDGE('',*,*,#3039,.T.);
#4203=ORIENTED_EDGE('',*,*,#3040,.T.);
#4204=ORIENTED_EDGE('',*,*,#3036,.T.);
#4205=ORIENTED_EDGE('',*,*,#3041,.T.);
#4206=ORIENTED_EDGE('',*,*,#2848,.T.);
#4207=ORIENTED_EDGE('',*,*,#3042,.T.);
#4208=ORIENTED_EDGE('',*,*,#3043,.T.);
#4209=ORIENTED_EDGE('',*,*,#3044,.F.);
#4210=ORIENTED_EDGE('',*,*,#3045,.F.);
#4211=ORIENTED_EDGE('',*,*,#3033,.F.);
#4212=ORIENTED_EDGE('',*,*,#3028,.T.);
#4213=ORIENTED_EDGE('',*,*,#3031,.F.);
#4214=ORIENTED_EDGE('',*,*,#3029,.F.);
#4215=ORIENTED_EDGE('',*,*,#3044,.T.);
#4216=ORIENTED_EDGE('',*,*,#2824,.T.);
#4217=ORIENTED_EDGE('',*,*,#3046,.T.);
#4218=ORIENTED_EDGE('',*,*,#3047,.T.);
#4219=ORIENTED_EDGE('',*,*,#3041,.F.);
#4220=ORIENTED_EDGE('',*,*,#3048,.F.);
#4221=ORIENTED_EDGE('',*,*,#3014,.F.);
#4222=ORIENTED_EDGE('',*,*,#3037,.T.);
#4223=ORIENTED_EDGE('',*,*,#3040,.F.);
#4224=ORIENTED_EDGE('',*,*,#3038,.F.);
#4225=ORIENTED_EDGE('',*,*,#3032,.F.);
#4226=ORIENTED_EDGE('',*,*,#3049,.F.);
#4227=ORIENTED_EDGE('',*,*,#3023,.F.);
#4228=ORIENTED_EDGE('',*,*,#3019,.T.);
#4229=ORIENTED_EDGE('',*,*,#3022,.F.);
#4230=ORIENTED_EDGE('',*,*,#3020,.F.);
#4231=ORIENTED_EDGE('',*,*,#3016,.F.);
#4232=ORIENTED_EDGE('',*,*,#3050,.F.);
#4233=ORIENTED_EDGE('',*,*,#3051,.F.);
#4234=ORIENTED_EDGE('',*,*,#3010,.T.);
#4235=ORIENTED_EDGE('',*,*,#3013,.F.);
#4236=ORIENTED_EDGE('',*,*,#3011,.F.);
#4237=ORIENTED_EDGE('',*,*,#3045,.T.);
#4238=ORIENTED_EDGE('',*,*,#3047,.F.);
#4239=ORIENTED_EDGE('',*,*,#3052,.F.);
#4240=ORIENTED_EDGE('',*,*,#3053,.F.);
#4241=ORIENTED_EDGE('',*,*,#3054,.F.);
#4242=ORIENTED_EDGE('',*,*,#3055,.F.);
#4243=ORIENTED_EDGE('',*,*,#3056,.F.);
#4244=ORIENTED_EDGE('',*,*,#2964,.F.);
#4245=ORIENTED_EDGE('',*,*,#3057,.F.);
#4246=ORIENTED_EDGE('',*,*,#3058,.F.);
#4247=ORIENTED_EDGE('',*,*,#3059,.F.);
#4248=ORIENTED_EDGE('',*,*,#3060,.F.);
#4249=ORIENTED_EDGE('',*,*,#3061,.F.);
#4250=ORIENTED_EDGE('',*,*,#3062,.F.);
#4251=ORIENTED_EDGE('',*,*,#3050,.T.);
#4252=ORIENTED_EDGE('',*,*,#3015,.F.);
#4253=ORIENTED_EDGE('',*,*,#3048,.T.);
#4254=ORIENTED_EDGE('',*,*,#3043,.F.);
#4255=ORIENTED_EDGE('',*,*,#3063,.F.);
#4256=ORIENTED_EDGE('',*,*,#3064,.F.);
#4257=ORIENTED_EDGE('',*,*,#3065,.F.);
#4258=ORIENTED_EDGE('',*,*,#3066,.F.);
#4259=ORIENTED_EDGE('',*,*,#3067,.F.);
#4260=ORIENTED_EDGE('',*,*,#3068,.F.);
#4261=ORIENTED_EDGE('',*,*,#3069,.F.);
#4262=ORIENTED_EDGE('',*,*,#3070,.F.);
#4263=ORIENTED_EDGE('',*,*,#3071,.F.);
#4264=ORIENTED_EDGE('',*,*,#3072,.F.);
#4265=ORIENTED_EDGE('',*,*,#3073,.F.);
#4266=ORIENTED_EDGE('',*,*,#3074,.F.);
#4267=ORIENTED_EDGE('',*,*,#3075,.F.);
#4268=ORIENTED_EDGE('',*,*,#3076,.F.);
#4269=ORIENTED_EDGE('',*,*,#3077,.F.);
#4270=ORIENTED_EDGE('',*,*,#3078,.F.);
#4271=ORIENTED_EDGE('',*,*,#3079,.F.);
#4272=ORIENTED_EDGE('',*,*,#3024,.F.);
#4273=ORIENTED_EDGE('',*,*,#3049,.T.);
#4274=ORIENTED_EDGE('',*,*,#3034,.F.);
#4275=ORIENTED_EDGE('',*,*,#3080,.F.);
#4276=ORIENTED_EDGE('',*,*,#3081,.F.);
#4277=ORIENTED_EDGE('',*,*,#3082,.F.);
#4278=ORIENTED_EDGE('',*,*,#3083,.F.);
#4279=ORIENTED_EDGE('',*,*,#3084,.F.);
#4280=ORIENTED_EDGE('',*,*,#3085,.F.);
#4281=ORIENTED_EDGE('',*,*,#3086,.F.);
#4282=ORIENTED_EDGE('',*,*,#3087,.F.);
#4283=ORIENTED_EDGE('',*,*,#3088,.F.);
#4284=ORIENTED_EDGE('',*,*,#3089,.F.);
#4285=ORIENTED_EDGE('',*,*,#3090,.F.);
#4286=ORIENTED_EDGE('',*,*,#3091,.F.);
#4287=ORIENTED_EDGE('',*,*,#3092,.F.);
#4288=ORIENTED_EDGE('',*,*,#3093,.F.);
#4289=ORIENTED_EDGE('',*,*,#3094,.F.);
#4290=ORIENTED_EDGE('',*,*,#3095,.F.);
#4291=ORIENTED_EDGE('',*,*,#3096,.F.);
#4292=ORIENTED_EDGE('',*,*,#3097,.F.);
#4293=ORIENTED_EDGE('',*,*,#3098,.F.);
#4294=ORIENTED_EDGE('',*,*,#3099,.F.);
#4295=ORIENTED_EDGE('',*,*,#3100,.F.);
#4296=ORIENTED_EDGE('',*,*,#3101,.F.);
#4297=ORIENTED_EDGE('',*,*,#3102,.F.);
#4298=ORIENTED_EDGE('',*,*,#3103,.F.);
#4299=ORIENTED_EDGE('',*,*,#3104,.F.);
#4300=ORIENTED_EDGE('',*,*,#3105,.F.);
#4301=ORIENTED_EDGE('',*,*,#3106,.F.);
#4302=ORIENTED_EDGE('',*,*,#3107,.F.);
#4303=ORIENTED_EDGE('',*,*,#3108,.F.);
#4304=ORIENTED_EDGE('',*,*,#3109,.F.);
#4305=ORIENTED_EDGE('',*,*,#3110,.F.);
#4306=ORIENTED_EDGE('',*,*,#3111,.F.);
#4307=ORIENTED_EDGE('',*,*,#3112,.T.);
#4308=ORIENTED_EDGE('',*,*,#3113,.T.);
#4309=ORIENTED_EDGE('',*,*,#3114,.T.);
#4310=ORIENTED_EDGE('',*,*,#3115,.T.);
#4311=ORIENTED_EDGE('',*,*,#3116,.F.);
#4312=ORIENTED_EDGE('',*,*,#3117,.T.);
#4313=ORIENTED_EDGE('',*,*,#2855,.T.);
#4314=ORIENTED_EDGE('',*,*,#3118,.F.);
#4315=ORIENTED_EDGE('',*,*,#3119,.F.);
#4316=ORIENTED_EDGE('',*,*,#3120,.T.);
#4317=ORIENTED_EDGE('',*,*,#2856,.T.);
#4318=ORIENTED_EDGE('',*,*,#3117,.F.);
#4319=ORIENTED_EDGE('',*,*,#3121,.F.);
#4320=ORIENTED_EDGE('',*,*,#3122,.T.);
#4321=ORIENTED_EDGE('',*,*,#2857,.T.);
#4322=ORIENTED_EDGE('',*,*,#3120,.F.);
#4323=ORIENTED_EDGE('',*,*,#3123,.F.);
#4324=ORIENTED_EDGE('',*,*,#3124,.T.);
#4325=ORIENTED_EDGE('',*,*,#2858,.T.);
#4326=ORIENTED_EDGE('',*,*,#3122,.F.);
#4327=ORIENTED_EDGE('',*,*,#3125,.F.);
#4328=ORIENTED_EDGE('',*,*,#3126,.T.);
#4329=ORIENTED_EDGE('',*,*,#2859,.T.);
#4330=ORIENTED_EDGE('',*,*,#3124,.F.);
#4331=ORIENTED_EDGE('',*,*,#3127,.F.);
#4332=ORIENTED_EDGE('',*,*,#3128,.T.);
#4333=ORIENTED_EDGE('',*,*,#2860,.T.);
#4334=ORIENTED_EDGE('',*,*,#3126,.F.);
#4335=ORIENTED_EDGE('',*,*,#3129,.F.);
#4336=ORIENTED_EDGE('',*,*,#3130,.T.);
#4337=ORIENTED_EDGE('',*,*,#2861,.T.);
#4338=ORIENTED_EDGE('',*,*,#3128,.F.);
#4339=ORIENTED_EDGE('',*,*,#3131,.F.);
#4340=ORIENTED_EDGE('',*,*,#3132,.T.);
#4341=ORIENTED_EDGE('',*,*,#2862,.T.);
#4342=ORIENTED_EDGE('',*,*,#3130,.F.);
#4343=ORIENTED_EDGE('',*,*,#3133,.F.);
#4344=ORIENTED_EDGE('',*,*,#3134,.T.);
#4345=ORIENTED_EDGE('',*,*,#2863,.T.);
#4346=ORIENTED_EDGE('',*,*,#3132,.F.);
#4347=ORIENTED_EDGE('',*,*,#3135,.F.);
#4348=ORIENTED_EDGE('',*,*,#3136,.T.);
#4349=ORIENTED_EDGE('',*,*,#2864,.T.);
#4350=ORIENTED_EDGE('',*,*,#3134,.F.);
#4351=ORIENTED_EDGE('',*,*,#3137,.F.);
#4352=ORIENTED_EDGE('',*,*,#3138,.T.);
#4353=ORIENTED_EDGE('',*,*,#2865,.T.);
#4354=ORIENTED_EDGE('',*,*,#3136,.F.);
#4355=ORIENTED_EDGE('',*,*,#3139,.F.);
#4356=ORIENTED_EDGE('',*,*,#3140,.T.);
#4357=ORIENTED_EDGE('',*,*,#2866,.T.);
#4358=ORIENTED_EDGE('',*,*,#3138,.F.);
#4359=ORIENTED_EDGE('',*,*,#3141,.F.);
#4360=ORIENTED_EDGE('',*,*,#3142,.T.);
#4361=ORIENTED_EDGE('',*,*,#2867,.T.);
#4362=ORIENTED_EDGE('',*,*,#3140,.F.);
#4363=ORIENTED_EDGE('',*,*,#3143,.F.);
#4364=ORIENTED_EDGE('',*,*,#3144,.T.);
#4365=ORIENTED_EDGE('',*,*,#2868,.T.);
#4366=ORIENTED_EDGE('',*,*,#3142,.F.);
#4367=ORIENTED_EDGE('',*,*,#3145,.F.);
#4368=ORIENTED_EDGE('',*,*,#3146,.T.);
#4369=ORIENTED_EDGE('',*,*,#2869,.T.);
#4370=ORIENTED_EDGE('',*,*,#3144,.F.);
#4371=ORIENTED_EDGE('',*,*,#3147,.F.);
#4372=ORIENTED_EDGE('',*,*,#3148,.T.);
#4373=ORIENTED_EDGE('',*,*,#2870,.T.);
#4374=ORIENTED_EDGE('',*,*,#3146,.F.);
#4375=ORIENTED_EDGE('',*,*,#3149,.F.);
#4376=ORIENTED_EDGE('',*,*,#3150,.T.);
#4377=ORIENTED_EDGE('',*,*,#2871,.T.);
#4378=ORIENTED_EDGE('',*,*,#3148,.F.);
#4379=ORIENTED_EDGE('',*,*,#3151,.F.);
#4380=ORIENTED_EDGE('',*,*,#3152,.T.);
#4381=ORIENTED_EDGE('',*,*,#2872,.T.);
#4382=ORIENTED_EDGE('',*,*,#3150,.F.);
#4383=ORIENTED_EDGE('',*,*,#3153,.F.);
#4384=ORIENTED_EDGE('',*,*,#3154,.T.);
#4385=ORIENTED_EDGE('',*,*,#2873,.T.);
#4386=ORIENTED_EDGE('',*,*,#3152,.F.);
#4387=ORIENTED_EDGE('',*,*,#3155,.F.);
#4388=ORIENTED_EDGE('',*,*,#3156,.T.);
#4389=ORIENTED_EDGE('',*,*,#2874,.T.);
#4390=ORIENTED_EDGE('',*,*,#3154,.F.);
#4391=ORIENTED_EDGE('',*,*,#3157,.F.);
#4392=ORIENTED_EDGE('',*,*,#3158,.T.);
#4393=ORIENTED_EDGE('',*,*,#2875,.T.);
#4394=ORIENTED_EDGE('',*,*,#3156,.F.);
#4395=ORIENTED_EDGE('',*,*,#3159,.F.);
#4396=ORIENTED_EDGE('',*,*,#3160,.T.);
#4397=ORIENTED_EDGE('',*,*,#2876,.T.);
#4398=ORIENTED_EDGE('',*,*,#3158,.F.);
#4399=ORIENTED_EDGE('',*,*,#3161,.F.);
#4400=ORIENTED_EDGE('',*,*,#3162,.T.);
#4401=ORIENTED_EDGE('',*,*,#2877,.T.);
#4402=ORIENTED_EDGE('',*,*,#3160,.F.);
#4403=ORIENTED_EDGE('',*,*,#3163,.F.);
#4404=ORIENTED_EDGE('',*,*,#3164,.T.);
#4405=ORIENTED_EDGE('',*,*,#2878,.T.);
#4406=ORIENTED_EDGE('',*,*,#3162,.F.);
#4407=ORIENTED_EDGE('',*,*,#3165,.F.);
#4408=ORIENTED_EDGE('',*,*,#3166,.T.);
#4409=ORIENTED_EDGE('',*,*,#2879,.T.);
#4410=ORIENTED_EDGE('',*,*,#3164,.F.);
#4411=ORIENTED_EDGE('',*,*,#3167,.F.);
#4412=ORIENTED_EDGE('',*,*,#3168,.T.);
#4413=ORIENTED_EDGE('',*,*,#2880,.T.);
#4414=ORIENTED_EDGE('',*,*,#3166,.F.);
#4415=ORIENTED_EDGE('',*,*,#3169,.F.);
#4416=ORIENTED_EDGE('',*,*,#3170,.T.);
#4417=ORIENTED_EDGE('',*,*,#2881,.T.);
#4418=ORIENTED_EDGE('',*,*,#3168,.F.);
#4419=ORIENTED_EDGE('',*,*,#3171,.F.);
#4420=ORIENTED_EDGE('',*,*,#2804,.T.);
#4421=ORIENTED_EDGE('',*,*,#2882,.T.);
#4422=ORIENTED_EDGE('',*,*,#3170,.F.);
#4423=ORIENTED_EDGE('',*,*,#3172,.F.);
#4424=ORIENTED_EDGE('',*,*,#3173,.T.);
#4425=ORIENTED_EDGE('',*,*,#2852,.T.);
#4426=ORIENTED_EDGE('',*,*,#2806,.F.);
#4427=ORIENTED_EDGE('',*,*,#3174,.F.);
#4428=ORIENTED_EDGE('',*,*,#3175,.T.);
#4429=ORIENTED_EDGE('',*,*,#2853,.T.);
#4430=ORIENTED_EDGE('',*,*,#3173,.F.);
#4431=ORIENTED_EDGE('',*,*,#3176,.F.);
#4432=ORIENTED_EDGE('',*,*,#3118,.T.);
#4433=ORIENTED_EDGE('',*,*,#2854,.T.);
#4434=ORIENTED_EDGE('',*,*,#3175,.F.);
#4435=ORIENTED_EDGE('',*,*,#3177,.F.);
#4436=ORIENTED_EDGE('',*,*,#3178,.F.);
#4437=ORIENTED_EDGE('',*,*,#3179,.F.);
#4438=ORIENTED_EDGE('',*,*,#3180,.F.);
#4439=ORIENTED_EDGE('',*,*,#3181,.F.);
#4440=ORIENTED_EDGE('',*,*,#3182,.F.);
#4441=ORIENTED_EDGE('',*,*,#3183,.F.);
#4442=ORIENTED_EDGE('',*,*,#3184,.F.);
#4443=ORIENTED_EDGE('',*,*,#3185,.F.);
#4444=ORIENTED_EDGE('',*,*,#3186,.F.);
#4445=ORIENTED_EDGE('',*,*,#3187,.F.);
#4446=ORIENTED_EDGE('',*,*,#3188,.F.);
#4447=ORIENTED_EDGE('',*,*,#3189,.F.);
#4448=ORIENTED_EDGE('',*,*,#3190,.F.);
#4449=ORIENTED_EDGE('',*,*,#3191,.F.);
#4450=ORIENTED_EDGE('',*,*,#3192,.F.);
#4451=ORIENTED_EDGE('',*,*,#3193,.F.);
#4452=ORIENTED_EDGE('',*,*,#3194,.F.);
#4453=ORIENTED_EDGE('',*,*,#3195,.F.);
#4454=ORIENTED_EDGE('',*,*,#3196,.F.);
#4455=ORIENTED_EDGE('',*,*,#3197,.F.);
#4456=ORIENTED_EDGE('',*,*,#3198,.F.);
#4457=ORIENTED_EDGE('',*,*,#3199,.F.);
#4458=ORIENTED_EDGE('',*,*,#3200,.F.);
#4459=ORIENTED_EDGE('',*,*,#3201,.F.);
#4460=ORIENTED_EDGE('',*,*,#3202,.F.);
#4461=ORIENTED_EDGE('',*,*,#3203,.F.);
#4462=ORIENTED_EDGE('',*,*,#3204,.F.);
#4463=ORIENTED_EDGE('',*,*,#3205,.F.);
#4464=ORIENTED_EDGE('',*,*,#3206,.F.);
#4465=ORIENTED_EDGE('',*,*,#3207,.F.);
#4466=ORIENTED_EDGE('',*,*,#3208,.F.);
#4467=ORIENTED_EDGE('',*,*,#3209,.F.);
#4468=ORIENTED_EDGE('',*,*,#3210,.F.);
#4469=ORIENTED_EDGE('',*,*,#3211,.F.);
#4470=ORIENTED_EDGE('',*,*,#3212,.F.);
#4471=ORIENTED_EDGE('',*,*,#3213,.F.);
#4472=ORIENTED_EDGE('',*,*,#3214,.F.);
#4473=ORIENTED_EDGE('',*,*,#3215,.F.);
#4474=ORIENTED_EDGE('',*,*,#3216,.F.);
#4475=ORIENTED_EDGE('',*,*,#3217,.F.);
#4476=ORIENTED_EDGE('',*,*,#3218,.F.);
#4477=ORIENTED_EDGE('',*,*,#3219,.F.);
#4478=ORIENTED_EDGE('',*,*,#3220,.F.);
#4479=ORIENTED_EDGE('',*,*,#3221,.F.);
#4480=ORIENTED_EDGE('',*,*,#3222,.F.);
#4481=ORIENTED_EDGE('',*,*,#3223,.F.);
#4482=ORIENTED_EDGE('',*,*,#3224,.F.);
#4483=ORIENTED_EDGE('',*,*,#3225,.F.);
#4484=ORIENTED_EDGE('',*,*,#3226,.F.);
#4485=ORIENTED_EDGE('',*,*,#3227,.F.);
#4486=ORIENTED_EDGE('',*,*,#3228,.F.);
#4487=ORIENTED_EDGE('',*,*,#3229,.F.);
#4488=ORIENTED_EDGE('',*,*,#3230,.F.);
#4489=ORIENTED_EDGE('',*,*,#3231,.F.);
#4490=ORIENTED_EDGE('',*,*,#3232,.F.);
#4491=ORIENTED_EDGE('',*,*,#3233,.F.);
#4492=ORIENTED_EDGE('',*,*,#3234,.F.);
#4493=ORIENTED_EDGE('',*,*,#3235,.F.);
#4494=ORIENTED_EDGE('',*,*,#3236,.F.);
#4495=ORIENTED_EDGE('',*,*,#3237,.F.);
#4496=ORIENTED_EDGE('',*,*,#3238,.F.);
#4497=ORIENTED_EDGE('',*,*,#3239,.F.);
#4498=ORIENTED_EDGE('',*,*,#3240,.F.);
#4499=ORIENTED_EDGE('',*,*,#3225,.T.);
#4500=ORIENTED_EDGE('',*,*,#3241,.F.);
#4501=ORIENTED_EDGE('',*,*,#3242,.F.);
#4502=ORIENTED_EDGE('',*,*,#3243,.F.);
#4503=ORIENTED_EDGE('',*,*,#3226,.T.);
#4504=ORIENTED_EDGE('',*,*,#3243,.T.);
#4505=ORIENTED_EDGE('',*,*,#3244,.F.);
#4506=ORIENTED_EDGE('',*,*,#3245,.T.);
#4507=ORIENTED_EDGE('',*,*,#3224,.T.);
#4508=ORIENTED_EDGE('',*,*,#3246,.F.);
#4509=ORIENTED_EDGE('',*,*,#3247,.F.);
#4510=ORIENTED_EDGE('',*,*,#3241,.T.);
#4511=ORIENTED_EDGE('',*,*,#3227,.T.);
#4512=ORIENTED_EDGE('',*,*,#3245,.F.);
#4513=ORIENTED_EDGE('',*,*,#3248,.F.);
#4514=ORIENTED_EDGE('',*,*,#3249,.T.);
#4515=ORIENTED_EDGE('',*,*,#3223,.T.);
#4516=ORIENTED_EDGE('',*,*,#3250,.F.);
#4517=ORIENTED_EDGE('',*,*,#3251,.F.);
#4518=ORIENTED_EDGE('',*,*,#3246,.T.);
#4519=ORIENTED_EDGE('',*,*,#3228,.T.);
#4520=ORIENTED_EDGE('',*,*,#3249,.F.);
#4521=ORIENTED_EDGE('',*,*,#3252,.F.);
#4522=ORIENTED_EDGE('',*,*,#3253,.T.);
#4523=ORIENTED_EDGE('',*,*,#3222,.T.);
#4524=ORIENTED_EDGE('',*,*,#3254,.F.);
#4525=ORIENTED_EDGE('',*,*,#3255,.F.);
#4526=ORIENTED_EDGE('',*,*,#3250,.T.);
#4527=ORIENTED_EDGE('',*,*,#3229,.T.);
#4528=ORIENTED_EDGE('',*,*,#3253,.F.);
#4529=ORIENTED_EDGE('',*,*,#3256,.F.);
#4530=ORIENTED_EDGE('',*,*,#3257,.T.);
#4531=ORIENTED_EDGE('',*,*,#3221,.T.);
#4532=ORIENTED_EDGE('',*,*,#3258,.F.);
#4533=ORIENTED_EDGE('',*,*,#3259,.F.);
#4534=ORIENTED_EDGE('',*,*,#3254,.T.);
#4535=ORIENTED_EDGE('',*,*,#3230,.T.);
#4536=ORIENTED_EDGE('',*,*,#3257,.F.);
#4537=ORIENTED_EDGE('',*,*,#3260,.F.);
#4538=ORIENTED_EDGE('',*,*,#3261,.T.);
#4539=ORIENTED_EDGE('',*,*,#3220,.T.);
#4540=ORIENTED_EDGE('',*,*,#3262,.F.);
#4541=ORIENTED_EDGE('',*,*,#3263,.F.);
#4542=ORIENTED_EDGE('',*,*,#3258,.T.);
#4543=ORIENTED_EDGE('',*,*,#3231,.T.);
#4544=ORIENTED_EDGE('',*,*,#3261,.F.);
#4545=ORIENTED_EDGE('',*,*,#3264,.F.);
#4546=ORIENTED_EDGE('',*,*,#3265,.T.);
#4547=ORIENTED_EDGE('',*,*,#3219,.T.);
#4548=ORIENTED_EDGE('',*,*,#3266,.F.);
#4549=ORIENTED_EDGE('',*,*,#3267,.F.);
#4550=ORIENTED_EDGE('',*,*,#3262,.T.);
#4551=ORIENTED_EDGE('',*,*,#3232,.T.);
#4552=ORIENTED_EDGE('',*,*,#3265,.F.);
#4553=ORIENTED_EDGE('',*,*,#3268,.F.);
#4554=ORIENTED_EDGE('',*,*,#3269,.T.);
#4555=ORIENTED_EDGE('',*,*,#3218,.T.);
#4556=ORIENTED_EDGE('',*,*,#3270,.F.);
#4557=ORIENTED_EDGE('',*,*,#3271,.F.);
#4558=ORIENTED_EDGE('',*,*,#3266,.T.);
#4559=ORIENTED_EDGE('',*,*,#3233,.T.);
#4560=ORIENTED_EDGE('',*,*,#3269,.F.);
#4561=ORIENTED_EDGE('',*,*,#3272,.F.);
#4562=ORIENTED_EDGE('',*,*,#3273,.T.);
#4563=ORIENTED_EDGE('',*,*,#3217,.T.);
#4564=ORIENTED_EDGE('',*,*,#3274,.F.);
#4565=ORIENTED_EDGE('',*,*,#3275,.F.);
#4566=ORIENTED_EDGE('',*,*,#3270,.T.);
#4567=ORIENTED_EDGE('',*,*,#3234,.T.);
#4568=ORIENTED_EDGE('',*,*,#3273,.F.);
#4569=ORIENTED_EDGE('',*,*,#3276,.F.);
#4570=ORIENTED_EDGE('',*,*,#3277,.T.);
#4571=ORIENTED_EDGE('',*,*,#3216,.T.);
#4572=ORIENTED_EDGE('',*,*,#3278,.F.);
#4573=ORIENTED_EDGE('',*,*,#3279,.F.);
#4574=ORIENTED_EDGE('',*,*,#3274,.T.);
#4575=ORIENTED_EDGE('',*,*,#3235,.T.);
#4576=ORIENTED_EDGE('',*,*,#3277,.F.);
#4577=ORIENTED_EDGE('',*,*,#3280,.F.);
#4578=ORIENTED_EDGE('',*,*,#3281,.T.);
#4579=ORIENTED_EDGE('',*,*,#3215,.T.);
#4580=ORIENTED_EDGE('',*,*,#3282,.F.);
#4581=ORIENTED_EDGE('',*,*,#3283,.F.);
#4582=ORIENTED_EDGE('',*,*,#3278,.T.);
#4583=ORIENTED_EDGE('',*,*,#3236,.T.);
#4584=ORIENTED_EDGE('',*,*,#3281,.F.);
#4585=ORIENTED_EDGE('',*,*,#3284,.F.);
#4586=ORIENTED_EDGE('',*,*,#3285,.T.);
#4587=ORIENTED_EDGE('',*,*,#3214,.T.);
#4588=ORIENTED_EDGE('',*,*,#3286,.F.);
#4589=ORIENTED_EDGE('',*,*,#3287,.F.);
#4590=ORIENTED_EDGE('',*,*,#3282,.T.);
#4591=ORIENTED_EDGE('',*,*,#3237,.T.);
#4592=ORIENTED_EDGE('',*,*,#3285,.F.);
#4593=ORIENTED_EDGE('',*,*,#3288,.F.);
#4594=ORIENTED_EDGE('',*,*,#3289,.T.);
#4595=ORIENTED_EDGE('',*,*,#3213,.T.);
#4596=ORIENTED_EDGE('',*,*,#3290,.F.);
#4597=ORIENTED_EDGE('',*,*,#3291,.F.);
#4598=ORIENTED_EDGE('',*,*,#3286,.T.);
#4599=ORIENTED_EDGE('',*,*,#3238,.T.);
#4600=ORIENTED_EDGE('',*,*,#3289,.F.);
#4601=ORIENTED_EDGE('',*,*,#3292,.F.);
#4602=ORIENTED_EDGE('',*,*,#3293,.T.);
#4603=ORIENTED_EDGE('',*,*,#3212,.T.);
#4604=ORIENTED_EDGE('',*,*,#3294,.F.);
#4605=ORIENTED_EDGE('',*,*,#3295,.F.);
#4606=ORIENTED_EDGE('',*,*,#3290,.T.);
#4607=ORIENTED_EDGE('',*,*,#3239,.T.);
#4608=ORIENTED_EDGE('',*,*,#3293,.F.);
#4609=ORIENTED_EDGE('',*,*,#3296,.F.);
#4610=ORIENTED_EDGE('',*,*,#3297,.T.);
#4611=ORIENTED_EDGE('',*,*,#3211,.T.);
#4612=ORIENTED_EDGE('',*,*,#3298,.F.);
#4613=ORIENTED_EDGE('',*,*,#3299,.F.);
#4614=ORIENTED_EDGE('',*,*,#3294,.T.);
#4615=ORIENTED_EDGE('',*,*,#3240,.T.);
#4616=ORIENTED_EDGE('',*,*,#3297,.F.);
#4617=ORIENTED_EDGE('',*,*,#3300,.F.);
#4618=ORIENTED_EDGE('',*,*,#3301,.T.);
#4619=ORIENTED_EDGE('',*,*,#3210,.T.);
#4620=ORIENTED_EDGE('',*,*,#3302,.F.);
#4621=ORIENTED_EDGE('',*,*,#3303,.F.);
#4622=ORIENTED_EDGE('',*,*,#3298,.T.);
#4623=ORIENTED_EDGE('',*,*,#3209,.T.);
#4624=ORIENTED_EDGE('',*,*,#3301,.F.);
#4625=ORIENTED_EDGE('',*,*,#3304,.F.);
#4626=ORIENTED_EDGE('',*,*,#3302,.T.);
#4627=ORIENTED_EDGE('',*,*,#3193,.T.);
#4628=ORIENTED_EDGE('',*,*,#3305,.F.);
#4629=ORIENTED_EDGE('',*,*,#3080,.T.);
#4630=ORIENTED_EDGE('',*,*,#3306,.F.);
#4631=ORIENTED_EDGE('',*,*,#3194,.T.);
#4632=ORIENTED_EDGE('',*,*,#3306,.T.);
#4633=ORIENTED_EDGE('',*,*,#3111,.T.);
#4634=ORIENTED_EDGE('',*,*,#3307,.T.);
#4635=ORIENTED_EDGE('',*,*,#3192,.T.);
#4636=ORIENTED_EDGE('',*,*,#3308,.F.);
#4637=ORIENTED_EDGE('',*,*,#3081,.T.);
#4638=ORIENTED_EDGE('',*,*,#3305,.T.);
#4639=ORIENTED_EDGE('',*,*,#3195,.T.);
#4640=ORIENTED_EDGE('',*,*,#3307,.F.);
#4641=ORIENTED_EDGE('',*,*,#3110,.T.);
#4642=ORIENTED_EDGE('',*,*,#3309,.T.);
#4643=ORIENTED_EDGE('',*,*,#3191,.T.);
#4644=ORIENTED_EDGE('',*,*,#3310,.F.);
#4645=ORIENTED_EDGE('',*,*,#3082,.T.);
#4646=ORIENTED_EDGE('',*,*,#3308,.T.);
#4647=ORIENTED_EDGE('',*,*,#3196,.T.);
#4648=ORIENTED_EDGE('',*,*,#3309,.F.);
#4649=ORIENTED_EDGE('',*,*,#3109,.T.);
#4650=ORIENTED_EDGE('',*,*,#3311,.T.);
#4651=ORIENTED_EDGE('',*,*,#3190,.T.);
#4652=ORIENTED_EDGE('',*,*,#3312,.F.);
#4653=ORIENTED_EDGE('',*,*,#3083,.T.);
#4654=ORIENTED_EDGE('',*,*,#3310,.T.);
#4655=ORIENTED_EDGE('',*,*,#3197,.T.);
#4656=ORIENTED_EDGE('',*,*,#3311,.F.);
#4657=ORIENTED_EDGE('',*,*,#3108,.T.);
#4658=ORIENTED_EDGE('',*,*,#3313,.T.);
#4659=ORIENTED_EDGE('',*,*,#3189,.T.);
#4660=ORIENTED_EDGE('',*,*,#3314,.F.);
#4661=ORIENTED_EDGE('',*,*,#3084,.T.);
#4662=ORIENTED_EDGE('',*,*,#3312,.T.);
#4663=ORIENTED_EDGE('',*,*,#3198,.T.);
#4664=ORIENTED_EDGE('',*,*,#3313,.F.);
#4665=ORIENTED_EDGE('',*,*,#3107,.T.);
#4666=ORIENTED_EDGE('',*,*,#3315,.T.);
#4667=ORIENTED_EDGE('',*,*,#3188,.T.);
#4668=ORIENTED_EDGE('',*,*,#3316,.F.);
#4669=ORIENTED_EDGE('',*,*,#3085,.T.);
#4670=ORIENTED_EDGE('',*,*,#3314,.T.);
#4671=ORIENTED_EDGE('',*,*,#3199,.T.);
#4672=ORIENTED_EDGE('',*,*,#3315,.F.);
#4673=ORIENTED_EDGE('',*,*,#3106,.T.);
#4674=ORIENTED_EDGE('',*,*,#3317,.T.);
#4675=ORIENTED_EDGE('',*,*,#3187,.T.);
#4676=ORIENTED_EDGE('',*,*,#3318,.F.);
#4677=ORIENTED_EDGE('',*,*,#3086,.T.);
#4678=ORIENTED_EDGE('',*,*,#3316,.T.);
#4679=ORIENTED_EDGE('',*,*,#3200,.T.);
#4680=ORIENTED_EDGE('',*,*,#3317,.F.);
#4681=ORIENTED_EDGE('',*,*,#3105,.T.);
#4682=ORIENTED_EDGE('',*,*,#3319,.T.);
#4683=ORIENTED_EDGE('',*,*,#3186,.T.);
#4684=ORIENTED_EDGE('',*,*,#3320,.F.);
#4685=ORIENTED_EDGE('',*,*,#3087,.T.);
#4686=ORIENTED_EDGE('',*,*,#3318,.T.);
#4687=ORIENTED_EDGE('',*,*,#3201,.T.);
#4688=ORIENTED_EDGE('',*,*,#3319,.F.);
#4689=ORIENTED_EDGE('',*,*,#3104,.T.);
#4690=ORIENTED_EDGE('',*,*,#3321,.T.);
#4691=ORIENTED_EDGE('',*,*,#3185,.T.);
#4692=ORIENTED_EDGE('',*,*,#3322,.F.);
#4693=ORIENTED_EDGE('',*,*,#3088,.T.);
#4694=ORIENTED_EDGE('',*,*,#3320,.T.);
#4695=ORIENTED_EDGE('',*,*,#3202,.T.);
#4696=ORIENTED_EDGE('',*,*,#3321,.F.);
#4697=ORIENTED_EDGE('',*,*,#3103,.T.);
#4698=ORIENTED_EDGE('',*,*,#3323,.T.);
#4699=ORIENTED_EDGE('',*,*,#3184,.T.);
#4700=ORIENTED_EDGE('',*,*,#3324,.F.);
#4701=ORIENTED_EDGE('',*,*,#3089,.T.);
#4702=ORIENTED_EDGE('',*,*,#3322,.T.);
#4703=ORIENTED_EDGE('',*,*,#3203,.T.);
#4704=ORIENTED_EDGE('',*,*,#3323,.F.);
#4705=ORIENTED_EDGE('',*,*,#3102,.T.);
#4706=ORIENTED_EDGE('',*,*,#3325,.T.);
#4707=ORIENTED_EDGE('',*,*,#3183,.T.);
#4708=ORIENTED_EDGE('',*,*,#3326,.F.);
#4709=ORIENTED_EDGE('',*,*,#3090,.T.);
#4710=ORIENTED_EDGE('',*,*,#3324,.T.);
#4711=ORIENTED_EDGE('',*,*,#3204,.T.);
#4712=ORIENTED_EDGE('',*,*,#3325,.F.);
#4713=ORIENTED_EDGE('',*,*,#3101,.T.);
#4714=ORIENTED_EDGE('',*,*,#3327,.T.);
#4715=ORIENTED_EDGE('',*,*,#3182,.T.);
#4716=ORIENTED_EDGE('',*,*,#3328,.F.);
#4717=ORIENTED_EDGE('',*,*,#3091,.T.);
#4718=ORIENTED_EDGE('',*,*,#3326,.T.);
#4719=ORIENTED_EDGE('',*,*,#3205,.T.);
#4720=ORIENTED_EDGE('',*,*,#3327,.F.);
#4721=ORIENTED_EDGE('',*,*,#3100,.T.);
#4722=ORIENTED_EDGE('',*,*,#3329,.T.);
#4723=ORIENTED_EDGE('',*,*,#3181,.T.);
#4724=ORIENTED_EDGE('',*,*,#3330,.F.);
#4725=ORIENTED_EDGE('',*,*,#3092,.T.);
#4726=ORIENTED_EDGE('',*,*,#3328,.T.);
#4727=ORIENTED_EDGE('',*,*,#3206,.T.);
#4728=ORIENTED_EDGE('',*,*,#3329,.F.);
#4729=ORIENTED_EDGE('',*,*,#3099,.T.);
#4730=ORIENTED_EDGE('',*,*,#3331,.T.);
#4731=ORIENTED_EDGE('',*,*,#3180,.T.);
#4732=ORIENTED_EDGE('',*,*,#3332,.F.);
#4733=ORIENTED_EDGE('',*,*,#3093,.T.);
#4734=ORIENTED_EDGE('',*,*,#3330,.T.);
#4735=ORIENTED_EDGE('',*,*,#3207,.T.);
#4736=ORIENTED_EDGE('',*,*,#3331,.F.);
#4737=ORIENTED_EDGE('',*,*,#3098,.T.);
#4738=ORIENTED_EDGE('',*,*,#3333,.T.);
#4739=ORIENTED_EDGE('',*,*,#3179,.T.);
#4740=ORIENTED_EDGE('',*,*,#3334,.F.);
#4741=ORIENTED_EDGE('',*,*,#3094,.T.);
#4742=ORIENTED_EDGE('',*,*,#3332,.T.);
#4743=ORIENTED_EDGE('',*,*,#3208,.T.);
#4744=ORIENTED_EDGE('',*,*,#3333,.F.);
#4745=ORIENTED_EDGE('',*,*,#3097,.T.);
#4746=ORIENTED_EDGE('',*,*,#3335,.T.);
#4747=ORIENTED_EDGE('',*,*,#3178,.T.);
#4748=ORIENTED_EDGE('',*,*,#3336,.F.);
#4749=ORIENTED_EDGE('',*,*,#3095,.T.);
#4750=ORIENTED_EDGE('',*,*,#3334,.T.);
#4751=ORIENTED_EDGE('',*,*,#3177,.T.);
#4752=ORIENTED_EDGE('',*,*,#3335,.F.);
#4753=ORIENTED_EDGE('',*,*,#3096,.T.);
#4754=ORIENTED_EDGE('',*,*,#3336,.T.);
#4755=ORIENTED_EDGE('',*,*,#2834,.T.);
#4756=ORIENTED_EDGE('',*,*,#3337,.F.);
#4757=ORIENTED_EDGE('',*,*,#3076,.T.);
#4758=ORIENTED_EDGE('',*,*,#3338,.F.);
#4759=ORIENTED_EDGE('',*,*,#2833,.T.);
#4760=ORIENTED_EDGE('',*,*,#3339,.T.);
#4761=ORIENTED_EDGE('',*,*,#3077,.T.);
#4762=ORIENTED_EDGE('',*,*,#3337,.T.);
#4763=ORIENTED_EDGE('',*,*,#2832,.T.);
#4764=ORIENTED_EDGE('',*,*,#3340,.T.);
#4765=ORIENTED_EDGE('',*,*,#3078,.T.);
#4766=ORIENTED_EDGE('',*,*,#3339,.F.);
#4767=ORIENTED_EDGE('',*,*,#2831,.T.);
#4768=ORIENTED_EDGE('',*,*,#3025,.T.);
#4769=ORIENTED_EDGE('',*,*,#3079,.T.);
#4770=ORIENTED_EDGE('',*,*,#3340,.F.);
#4771=ORIENTED_EDGE('',*,*,#2823,.T.);
#4772=ORIENTED_EDGE('',*,*,#3341,.T.);
#4773=ORIENTED_EDGE('',*,*,#3052,.T.);
#4774=ORIENTED_EDGE('',*,*,#3046,.F.);
#4775=ORIENTED_EDGE('',*,*,#2822,.T.);
#4776=ORIENTED_EDGE('',*,*,#3342,.T.);
#4777=ORIENTED_EDGE('',*,*,#3053,.T.);
#4778=ORIENTED_EDGE('',*,*,#3341,.F.);
#4779=ORIENTED_EDGE('',*,*,#2821,.T.);
#4780=ORIENTED_EDGE('',*,*,#3343,.T.);
#4781=ORIENTED_EDGE('',*,*,#3054,.T.);
#4782=ORIENTED_EDGE('',*,*,#3342,.F.);
#4783=ORIENTED_EDGE('',*,*,#2956,.T.);
#4784=ORIENTED_EDGE('',*,*,#3344,.T.);
#4785=ORIENTED_EDGE('',*,*,#3055,.T.);
#4786=ORIENTED_EDGE('',*,*,#3343,.F.);
#4787=ORIENTED_EDGE('',*,*,#2820,.T.);
#4788=ORIENTED_EDGE('',*,*,#2966,.T.);
#4789=ORIENTED_EDGE('',*,*,#2940,.T.);
#4790=ORIENTED_EDGE('',*,*,#2952,.T.);
#4791=ORIENTED_EDGE('',*,*,#2949,.T.);
#4792=ORIENTED_EDGE('',*,*,#2965,.T.);
#4793=ORIENTED_EDGE('',*,*,#3056,.T.);
#4794=ORIENTED_EDGE('',*,*,#3344,.F.);
#4795=ORIENTED_EDGE('',*,*,#2955,.T.);
#4796=ORIENTED_EDGE('',*,*,#2960,.T.);
#4797=ORIENTED_EDGE('',*,*,#2817,.T.);
#4798=ORIENTED_EDGE('',*,*,#3345,.T.);
#4799=ORIENTED_EDGE('',*,*,#3057,.T.);
#4800=ORIENTED_EDGE('',*,*,#2963,.F.);
#4801=ORIENTED_EDGE('',*,*,#2816,.T.);
#4802=ORIENTED_EDGE('',*,*,#3346,.T.);
#4803=ORIENTED_EDGE('',*,*,#3058,.T.);
#4804=ORIENTED_EDGE('',*,*,#3345,.F.);
#4805=ORIENTED_EDGE('',*,*,#2815,.T.);
#4806=ORIENTED_EDGE('',*,*,#3347,.T.);
#4807=ORIENTED_EDGE('',*,*,#3059,.T.);
#4808=ORIENTED_EDGE('',*,*,#3346,.F.);
#4809=ORIENTED_EDGE('',*,*,#2814,.T.);
#4810=ORIENTED_EDGE('',*,*,#3348,.T.);
#4811=ORIENTED_EDGE('',*,*,#3060,.T.);
#4812=ORIENTED_EDGE('',*,*,#3347,.F.);
#4813=ORIENTED_EDGE('',*,*,#3349,.F.);
#4814=ORIENTED_EDGE('',*,*,#3350,.F.);
#4815=ORIENTED_EDGE('',*,*,#3351,.F.);
#4816=ORIENTED_EDGE('',*,*,#3352,.F.);
#4817=ORIENTED_EDGE('',*,*,#3353,.F.);
#4818=ORIENTED_EDGE('',*,*,#3354,.F.);
#4819=ORIENTED_EDGE('',*,*,#3355,.F.);
#4820=ORIENTED_EDGE('',*,*,#3356,.F.);
#4821=ORIENTED_EDGE('',*,*,#3357,.F.);
#4822=ORIENTED_EDGE('',*,*,#3358,.F.);
#4823=ORIENTED_EDGE('',*,*,#3359,.F.);
#4824=ORIENTED_EDGE('',*,*,#3360,.F.);
#4825=ORIENTED_EDGE('',*,*,#3361,.F.);
#4826=ORIENTED_EDGE('',*,*,#3362,.F.);
#4827=ORIENTED_EDGE('',*,*,#3363,.F.);
#4828=ORIENTED_EDGE('',*,*,#3364,.F.);
#4829=ORIENTED_EDGE('',*,*,#2970,.F.);
#4830=ORIENTED_EDGE('',*,*,#3365,.F.);
#4831=ORIENTED_EDGE('',*,*,#3366,.F.);
#4832=ORIENTED_EDGE('',*,*,#3367,.F.);
#4833=ORIENTED_EDGE('',*,*,#3368,.F.);
#4834=ORIENTED_EDGE('',*,*,#3369,.F.);
#4835=ORIENTED_EDGE('',*,*,#3370,.F.);
#4836=ORIENTED_EDGE('',*,*,#3371,.F.);
#4837=ORIENTED_EDGE('',*,*,#3372,.F.);
#4838=ORIENTED_EDGE('',*,*,#3373,.F.);
#4839=ORIENTED_EDGE('',*,*,#3374,.F.);
#4840=ORIENTED_EDGE('',*,*,#3116,.T.);
#4841=ORIENTED_EDGE('',*,*,#3176,.T.);
#4842=ORIENTED_EDGE('',*,*,#3174,.T.);
#4843=ORIENTED_EDGE('',*,*,#3172,.T.);
#4844=ORIENTED_EDGE('',*,*,#2805,.T.);
#4845=ORIENTED_EDGE('',*,*,#3171,.T.);
#4846=ORIENTED_EDGE('',*,*,#3169,.T.);
#4847=ORIENTED_EDGE('',*,*,#3167,.T.);
#4848=ORIENTED_EDGE('',*,*,#3165,.T.);
#4849=ORIENTED_EDGE('',*,*,#3163,.T.);
#4850=ORIENTED_EDGE('',*,*,#3161,.T.);
#4851=ORIENTED_EDGE('',*,*,#3159,.T.);
#4852=ORIENTED_EDGE('',*,*,#3157,.T.);
#4853=ORIENTED_EDGE('',*,*,#3155,.T.);
#4854=ORIENTED_EDGE('',*,*,#3153,.T.);
#4855=ORIENTED_EDGE('',*,*,#3151,.T.);
#4856=ORIENTED_EDGE('',*,*,#3149,.T.);
#4857=ORIENTED_EDGE('',*,*,#3147,.T.);
#4858=ORIENTED_EDGE('',*,*,#3145,.T.);
#4859=ORIENTED_EDGE('',*,*,#3143,.T.);
#4860=ORIENTED_EDGE('',*,*,#3141,.T.);
#4861=ORIENTED_EDGE('',*,*,#3139,.T.);
#4862=ORIENTED_EDGE('',*,*,#3137,.T.);
#4863=ORIENTED_EDGE('',*,*,#3135,.T.);
#4864=ORIENTED_EDGE('',*,*,#3133,.T.);
#4865=ORIENTED_EDGE('',*,*,#3131,.T.);
#4866=ORIENTED_EDGE('',*,*,#3129,.T.);
#4867=ORIENTED_EDGE('',*,*,#3127,.T.);
#4868=ORIENTED_EDGE('',*,*,#3125,.T.);
#4869=ORIENTED_EDGE('',*,*,#3123,.T.);
#4870=ORIENTED_EDGE('',*,*,#3121,.T.);
#4871=ORIENTED_EDGE('',*,*,#3119,.T.);
#4872=ORIENTED_EDGE('',*,*,#2847,.T.);
#4873=ORIENTED_EDGE('',*,*,#3375,.T.);
#4874=ORIENTED_EDGE('',*,*,#3063,.T.);
#4875=ORIENTED_EDGE('',*,*,#3042,.F.);
#4876=ORIENTED_EDGE('',*,*,#2846,.T.);
#4877=ORIENTED_EDGE('',*,*,#3376,.T.);
#4878=ORIENTED_EDGE('',*,*,#3064,.T.);
#4879=ORIENTED_EDGE('',*,*,#3375,.F.);
#4880=ORIENTED_EDGE('',*,*,#2845,.T.);
#4881=ORIENTED_EDGE('',*,*,#3377,.T.);
#4882=ORIENTED_EDGE('',*,*,#3065,.T.);
#4883=ORIENTED_EDGE('',*,*,#3376,.F.);
#4884=ORIENTED_EDGE('',*,*,#2844,.T.);
#4885=ORIENTED_EDGE('',*,*,#3378,.T.);
#4886=ORIENTED_EDGE('',*,*,#3066,.T.);
#4887=ORIENTED_EDGE('',*,*,#3377,.F.);
#4888=ORIENTED_EDGE('',*,*,#2843,.T.);
#4889=ORIENTED_EDGE('',*,*,#3379,.T.);
#4890=ORIENTED_EDGE('',*,*,#3067,.T.);
#4891=ORIENTED_EDGE('',*,*,#3378,.F.);
#4892=ORIENTED_EDGE('',*,*,#2842,.T.);
#4893=ORIENTED_EDGE('',*,*,#3380,.T.);
#4894=ORIENTED_EDGE('',*,*,#3068,.T.);
#4895=ORIENTED_EDGE('',*,*,#3379,.F.);
#4896=ORIENTED_EDGE('',*,*,#2841,.T.);
#4897=ORIENTED_EDGE('',*,*,#3381,.T.);
#4898=ORIENTED_EDGE('',*,*,#3069,.T.);
#4899=ORIENTED_EDGE('',*,*,#3380,.F.);
#4900=ORIENTED_EDGE('',*,*,#2840,.T.);
#4901=ORIENTED_EDGE('',*,*,#3382,.T.);
#4902=ORIENTED_EDGE('',*,*,#3070,.T.);
#4903=ORIENTED_EDGE('',*,*,#3381,.F.);
#4904=ORIENTED_EDGE('',*,*,#2839,.T.);
#4905=ORIENTED_EDGE('',*,*,#3383,.T.);
#4906=ORIENTED_EDGE('',*,*,#3071,.T.);
#4907=ORIENTED_EDGE('',*,*,#3382,.F.);
#4908=ORIENTED_EDGE('',*,*,#2838,.T.);
#4909=ORIENTED_EDGE('',*,*,#3384,.T.);
#4910=ORIENTED_EDGE('',*,*,#3072,.T.);
#4911=ORIENTED_EDGE('',*,*,#3383,.F.);
#4912=ORIENTED_EDGE('',*,*,#2837,.T.);
#4913=ORIENTED_EDGE('',*,*,#3385,.T.);
#4914=ORIENTED_EDGE('',*,*,#3073,.T.);
#4915=ORIENTED_EDGE('',*,*,#3384,.F.);
#4916=ORIENTED_EDGE('',*,*,#2836,.T.);
#4917=ORIENTED_EDGE('',*,*,#3386,.T.);
#4918=ORIENTED_EDGE('',*,*,#3074,.T.);
#4919=ORIENTED_EDGE('',*,*,#3385,.F.);
#4920=ORIENTED_EDGE('',*,*,#2835,.T.);
#4921=ORIENTED_EDGE('',*,*,#3338,.T.);
#4922=ORIENTED_EDGE('',*,*,#3075,.T.);
#4923=ORIENTED_EDGE('',*,*,#3386,.F.);
#4924=ORIENTED_EDGE('',*,*,#3363,.T.);
#4925=ORIENTED_EDGE('',*,*,#3387,.T.);
#4926=ORIENTED_EDGE('',*,*,#3388,.F.);
#4927=ORIENTED_EDGE('',*,*,#3389,.F.);
#4928=ORIENTED_EDGE('',*,*,#3362,.T.);
#4929=ORIENTED_EDGE('',*,*,#3390,.T.);
#4930=ORIENTED_EDGE('',*,*,#3391,.F.);
#4931=ORIENTED_EDGE('',*,*,#3387,.F.);
#4932=ORIENTED_EDGE('',*,*,#3361,.T.);
#4933=ORIENTED_EDGE('',*,*,#3392,.T.);
#4934=ORIENTED_EDGE('',*,*,#3393,.F.);
#4935=ORIENTED_EDGE('',*,*,#3390,.F.);
#4936=ORIENTED_EDGE('',*,*,#3360,.T.);
#4937=ORIENTED_EDGE('',*,*,#3394,.T.);
#4938=ORIENTED_EDGE('',*,*,#3395,.F.);
#4939=ORIENTED_EDGE('',*,*,#3392,.F.);
#4940=ORIENTED_EDGE('',*,*,#2898,.T.);
#4941=ORIENTED_EDGE('',*,*,#2895,.T.);
#4942=ORIENTED_EDGE('',*,*,#2892,.T.);
#4943=ORIENTED_EDGE('',*,*,#2889,.T.);
#4944=ORIENTED_EDGE('',*,*,#2886,.T.);
#4945=ORIENTED_EDGE('',*,*,#2907,.T.);
#4946=ORIENTED_EDGE('',*,*,#2904,.T.);
#4947=ORIENTED_EDGE('',*,*,#2901,.T.);
#4948=ORIENTED_EDGE('',*,*,#2922,.T.);
#4949=ORIENTED_EDGE('',*,*,#2919,.T.);
#4950=ORIENTED_EDGE('',*,*,#2916,.T.);
#4951=ORIENTED_EDGE('',*,*,#2913,.T.);
#4952=ORIENTED_EDGE('',*,*,#2910,.T.);
#4953=ORIENTED_EDGE('',*,*,#2931,.T.);
#4954=ORIENTED_EDGE('',*,*,#2928,.T.);
#4955=ORIENTED_EDGE('',*,*,#2925,.T.);
#4956=ORIENTED_EDGE('',*,*,#3359,.T.);
#4957=ORIENTED_EDGE('',*,*,#3396,.T.);
#4958=ORIENTED_EDGE('',*,*,#3397,.F.);
#4959=ORIENTED_EDGE('',*,*,#3394,.F.);
#4960=ORIENTED_EDGE('',*,*,#3358,.T.);
#4961=ORIENTED_EDGE('',*,*,#3398,.T.);
#4962=ORIENTED_EDGE('',*,*,#3399,.F.);
#4963=ORIENTED_EDGE('',*,*,#3396,.F.);
#4964=ORIENTED_EDGE('',*,*,#3357,.T.);
#4965=ORIENTED_EDGE('',*,*,#3400,.T.);
#4966=ORIENTED_EDGE('',*,*,#3401,.F.);
#4967=ORIENTED_EDGE('',*,*,#3398,.F.);
#4968=ORIENTED_EDGE('',*,*,#3356,.T.);
#4969=ORIENTED_EDGE('',*,*,#3402,.T.);
#4970=ORIENTED_EDGE('',*,*,#3403,.F.);
#4971=ORIENTED_EDGE('',*,*,#3400,.F.);
#4972=ORIENTED_EDGE('',*,*,#3355,.T.);
#4973=ORIENTED_EDGE('',*,*,#3404,.T.);
#4974=ORIENTED_EDGE('',*,*,#3405,.F.);
#4975=ORIENTED_EDGE('',*,*,#3402,.F.);
#4976=ORIENTED_EDGE('',*,*,#3354,.T.);
#4977=ORIENTED_EDGE('',*,*,#3406,.T.);
#4978=ORIENTED_EDGE('',*,*,#3407,.F.);
#4979=ORIENTED_EDGE('',*,*,#3404,.F.);
#4980=ORIENTED_EDGE('',*,*,#3353,.T.);
#4981=ORIENTED_EDGE('',*,*,#3408,.T.);
#4982=ORIENTED_EDGE('',*,*,#3409,.F.);
#4983=ORIENTED_EDGE('',*,*,#3406,.F.);
#4984=ORIENTED_EDGE('',*,*,#3352,.T.);
#4985=ORIENTED_EDGE('',*,*,#3410,.T.);
#4986=ORIENTED_EDGE('',*,*,#3411,.F.);
#4987=ORIENTED_EDGE('',*,*,#3408,.F.);
#4988=ORIENTED_EDGE('',*,*,#3351,.T.);
#4989=ORIENTED_EDGE('',*,*,#3412,.T.);
#4990=ORIENTED_EDGE('',*,*,#3413,.F.);
#4991=ORIENTED_EDGE('',*,*,#3410,.F.);
#4992=ORIENTED_EDGE('',*,*,#2651,.T.);
#4993=ORIENTED_EDGE('',*,*,#2978,.T.);
#4994=ORIENTED_EDGE('',*,*,#2648,.F.);
#4995=ORIENTED_EDGE('',*,*,#2976,.T.);
#4996=ORIENTED_EDGE('',*,*,#2977,.T.);
#4997=ORIENTED_EDGE('',*,*,#2726,.T.);
#4998=ORIENTED_EDGE('',*,*,#2974,.T.);
#4999=ORIENTED_EDGE('',*,*,#2637,.F.);
#5000=ORIENTED_EDGE('',*,*,#2631,.T.);
#5001=ORIENTED_EDGE('',*,*,#2994,.T.);
#5002=ORIENTED_EDGE('',*,*,#2628,.F.);
#5003=ORIENTED_EDGE('',*,*,#2992,.T.);
#5004=ORIENTED_EDGE('',*,*,#2993,.T.);
#5005=ORIENTED_EDGE('',*,*,#2680,.T.);
#5006=ORIENTED_EDGE('',*,*,#2990,.T.);
#5007=ORIENTED_EDGE('',*,*,#2617,.F.);
#5008=ORIENTED_EDGE('',*,*,#2611,.T.);
#5009=ORIENTED_EDGE('',*,*,#3002,.T.);
#5010=ORIENTED_EDGE('',*,*,#2608,.F.);
#5011=ORIENTED_EDGE('',*,*,#3000,.T.);
#5012=ORIENTED_EDGE('',*,*,#3001,.T.);
#5013=ORIENTED_EDGE('',*,*,#2657,.T.);
#5014=ORIENTED_EDGE('',*,*,#2998,.T.);
#5015=ORIENTED_EDGE('',*,*,#2597,.F.);
#5016=ORIENTED_EDGE('',*,*,#2591,.T.);
#5017=ORIENTED_EDGE('',*,*,#2986,.T.);
#5018=ORIENTED_EDGE('',*,*,#2588,.F.);
#5019=ORIENTED_EDGE('',*,*,#2984,.T.);
#5020=ORIENTED_EDGE('',*,*,#2985,.T.);
#5021=ORIENTED_EDGE('',*,*,#2703,.T.);
#5022=ORIENTED_EDGE('',*,*,#2982,.T.);
#5023=ORIENTED_EDGE('',*,*,#2577,.F.);
#5024=ORIENTED_EDGE('',*,*,#3007,.T.);
#5025=ORIENTED_EDGE('',*,*,#3414,.T.);
#5026=ORIENTED_EDGE('',*,*,#3115,.F.);
#5027=ORIENTED_EDGE('',*,*,#3414,.F.);
#5028=ORIENTED_EDGE('',*,*,#3004,.T.);
#5029=ORIENTED_EDGE('',*,*,#3415,.T.);
#5030=ORIENTED_EDGE('',*,*,#3114,.F.);
#5031=ORIENTED_EDGE('',*,*,#3415,.F.);
#5032=ORIENTED_EDGE('',*,*,#3006,.T.);
#5033=ORIENTED_EDGE('',*,*,#3416,.T.);
#5034=ORIENTED_EDGE('',*,*,#3113,.F.);
#5035=ORIENTED_EDGE('',*,*,#3416,.F.);
#5036=ORIENTED_EDGE('',*,*,#3005,.T.);
#5037=ORIENTED_EDGE('',*,*,#3417,.T.);
#5038=ORIENTED_EDGE('',*,*,#3112,.F.);
#5039=ORIENTED_EDGE('',*,*,#3417,.F.);
#5040=ORIENTED_EDGE('',*,*,#2813,.T.);
#5041=ORIENTED_EDGE('',*,*,#3418,.T.);
#5042=ORIENTED_EDGE('',*,*,#3061,.T.);
#5043=ORIENTED_EDGE('',*,*,#3348,.F.);
#5044=ORIENTED_EDGE('',*,*,#3051,.T.);
#5045=ORIENTED_EDGE('',*,*,#3062,.T.);
#5046=ORIENTED_EDGE('',*,*,#3418,.F.);
#5047=ORIENTED_EDGE('',*,*,#2812,.T.);
#5048=ORIENTED_EDGE('',*,*,#3419,.T.);
#5049=ORIENTED_EDGE('',*,*,#3420,.T.);
#5050=ORIENTED_EDGE('',*,*,#3421,.T.);
#5051=ORIENTED_EDGE('',*,*,#3422,.T.);
#5052=ORIENTED_EDGE('',*,*,#3423,.T.);
#5053=ORIENTED_EDGE('',*,*,#3424,.T.);
#5054=ORIENTED_EDGE('',*,*,#3425,.T.);
#5055=ORIENTED_EDGE('',*,*,#3426,.T.);
#5056=ORIENTED_EDGE('',*,*,#3427,.T.);
#5057=ORIENTED_EDGE('',*,*,#3428,.T.);
#5058=ORIENTED_EDGE('',*,*,#3429,.T.);
#5059=ORIENTED_EDGE('',*,*,#2968,.T.);
#5060=ORIENTED_EDGE('',*,*,#3430,.T.);
#5061=ORIENTED_EDGE('',*,*,#3388,.T.);
#5062=ORIENTED_EDGE('',*,*,#3391,.T.);
#5063=ORIENTED_EDGE('',*,*,#3393,.T.);
#5064=ORIENTED_EDGE('',*,*,#3395,.T.);
#5065=ORIENTED_EDGE('',*,*,#3397,.T.);
#5066=ORIENTED_EDGE('',*,*,#3399,.T.);
#5067=ORIENTED_EDGE('',*,*,#3401,.T.);
#5068=ORIENTED_EDGE('',*,*,#3403,.T.);
#5069=ORIENTED_EDGE('',*,*,#3405,.T.);
#5070=ORIENTED_EDGE('',*,*,#3407,.T.);
#5071=ORIENTED_EDGE('',*,*,#3409,.T.);
#5072=ORIENTED_EDGE('',*,*,#3411,.T.);
#5073=ORIENTED_EDGE('',*,*,#3413,.T.);
#5074=ORIENTED_EDGE('',*,*,#3431,.T.);
#5075=ORIENTED_EDGE('',*,*,#3247,.T.);
#5076=ORIENTED_EDGE('',*,*,#3251,.T.);
#5077=ORIENTED_EDGE('',*,*,#3255,.T.);
#5078=ORIENTED_EDGE('',*,*,#3259,.T.);
#5079=ORIENTED_EDGE('',*,*,#3263,.T.);
#5080=ORIENTED_EDGE('',*,*,#3267,.T.);
#5081=ORIENTED_EDGE('',*,*,#3271,.T.);
#5082=ORIENTED_EDGE('',*,*,#3275,.T.);
#5083=ORIENTED_EDGE('',*,*,#3279,.T.);
#5084=ORIENTED_EDGE('',*,*,#3283,.T.);
#5085=ORIENTED_EDGE('',*,*,#3287,.T.);
#5086=ORIENTED_EDGE('',*,*,#3291,.T.);
#5087=ORIENTED_EDGE('',*,*,#3295,.T.);
#5088=ORIENTED_EDGE('',*,*,#3299,.T.);
#5089=ORIENTED_EDGE('',*,*,#3303,.T.);
#5090=ORIENTED_EDGE('',*,*,#3304,.T.);
#5091=ORIENTED_EDGE('',*,*,#3300,.T.);
#5092=ORIENTED_EDGE('',*,*,#3296,.T.);
#5093=ORIENTED_EDGE('',*,*,#3292,.T.);
#5094=ORIENTED_EDGE('',*,*,#3288,.T.);
#5095=ORIENTED_EDGE('',*,*,#3284,.T.);
#5096=ORIENTED_EDGE('',*,*,#3280,.T.);
#5097=ORIENTED_EDGE('',*,*,#3276,.T.);
#5098=ORIENTED_EDGE('',*,*,#3272,.T.);
#5099=ORIENTED_EDGE('',*,*,#3268,.T.);
#5100=ORIENTED_EDGE('',*,*,#3264,.T.);
#5101=ORIENTED_EDGE('',*,*,#3260,.T.);
#5102=ORIENTED_EDGE('',*,*,#3256,.T.);
#5103=ORIENTED_EDGE('',*,*,#3252,.T.);
#5104=ORIENTED_EDGE('',*,*,#3248,.T.);
#5105=ORIENTED_EDGE('',*,*,#3244,.T.);
#5106=ORIENTED_EDGE('',*,*,#3242,.T.);
#5107=ORIENTED_EDGE('',*,*,#3374,.T.);
#5108=ORIENTED_EDGE('',*,*,#3432,.T.);
#5109=ORIENTED_EDGE('',*,*,#3420,.F.);
#5110=ORIENTED_EDGE('',*,*,#3433,.F.);
#5111=ORIENTED_EDGE('',*,*,#3373,.T.);
#5112=ORIENTED_EDGE('',*,*,#3434,.T.);
#5113=ORIENTED_EDGE('',*,*,#3421,.F.);
#5114=ORIENTED_EDGE('',*,*,#3432,.F.);
#5115=ORIENTED_EDGE('',*,*,#3372,.T.);
#5116=ORIENTED_EDGE('',*,*,#3435,.T.);
#5117=ORIENTED_EDGE('',*,*,#3422,.F.);
#5118=ORIENTED_EDGE('',*,*,#3434,.F.);
#5119=ORIENTED_EDGE('',*,*,#3371,.T.);
#5120=ORIENTED_EDGE('',*,*,#3436,.T.);
#5121=ORIENTED_EDGE('',*,*,#3423,.F.);
#5122=ORIENTED_EDGE('',*,*,#3435,.F.);
#5123=ORIENTED_EDGE('',*,*,#3370,.T.);
#5124=ORIENTED_EDGE('',*,*,#3437,.T.);
#5125=ORIENTED_EDGE('',*,*,#3424,.F.);
#5126=ORIENTED_EDGE('',*,*,#3436,.F.);
#5127=ORIENTED_EDGE('',*,*,#2763,.T.);
#5128=ORIENTED_EDGE('',*,*,#2774,.T.);
#5129=ORIENTED_EDGE('',*,*,#2771,.T.);
#5130=ORIENTED_EDGE('',*,*,#2757,.T.);
#5131=ORIENTED_EDGE('',*,*,#2754,.T.);
#5132=ORIENTED_EDGE('',*,*,#2749,.T.);
#5133=ORIENTED_EDGE('',*,*,#2769,.T.);
#5134=ORIENTED_EDGE('',*,*,#2766,.T.);
#5135=ORIENTED_EDGE('',*,*,#2791,.T.);
#5136=ORIENTED_EDGE('',*,*,#2802,.T.);
#5137=ORIENTED_EDGE('',*,*,#2799,.T.);
#5138=ORIENTED_EDGE('',*,*,#2785,.T.);
#5139=ORIENTED_EDGE('',*,*,#2782,.T.);
#5140=ORIENTED_EDGE('',*,*,#2777,.T.);
#5141=ORIENTED_EDGE('',*,*,#2797,.T.);
#5142=ORIENTED_EDGE('',*,*,#2794,.T.);
#5143=ORIENTED_EDGE('',*,*,#3369,.T.);
#5144=ORIENTED_EDGE('',*,*,#3438,.T.);
#5145=ORIENTED_EDGE('',*,*,#3425,.F.);
#5146=ORIENTED_EDGE('',*,*,#3437,.F.);
#5147=ORIENTED_EDGE('',*,*,#3368,.T.);
#5148=ORIENTED_EDGE('',*,*,#3439,.T.);
#5149=ORIENTED_EDGE('',*,*,#3426,.F.);
#5150=ORIENTED_EDGE('',*,*,#3438,.F.);
#5151=ORIENTED_EDGE('',*,*,#3367,.T.);
#5152=ORIENTED_EDGE('',*,*,#3440,.T.);
#5153=ORIENTED_EDGE('',*,*,#3427,.F.);
#5154=ORIENTED_EDGE('',*,*,#3439,.F.);
#5155=ORIENTED_EDGE('',*,*,#3366,.T.);
#5156=ORIENTED_EDGE('',*,*,#3441,.T.);
#5157=ORIENTED_EDGE('',*,*,#3428,.F.);
#5158=ORIENTED_EDGE('',*,*,#3440,.F.);
#5159=ORIENTED_EDGE('',*,*,#3365,.T.);
#5160=ORIENTED_EDGE('',*,*,#2969,.T.);
#5161=ORIENTED_EDGE('',*,*,#3429,.F.);
#5162=ORIENTED_EDGE('',*,*,#3441,.F.);
#5163=ORIENTED_EDGE('',*,*,#2938,.T.);
#5164=ORIENTED_EDGE('',*,*,#2971,.F.);
#5165=ORIENTED_EDGE('',*,*,#3364,.T.);
#5166=ORIENTED_EDGE('',*,*,#3389,.T.);
#5167=ORIENTED_EDGE('',*,*,#3430,.F.);
#5168=ORIENTED_EDGE('',*,*,#2967,.F.);
#5169=ORIENTED_EDGE('',*,*,#2957,.T.);
#5170=ORIENTED_EDGE('',*,*,#2953,.T.);
#5171=ORIENTED_EDGE('',*,*,#3350,.T.);
#5172=ORIENTED_EDGE('',*,*,#3442,.F.);
#5173=ORIENTED_EDGE('',*,*,#3431,.F.);
#5174=ORIENTED_EDGE('',*,*,#3412,.F.);
#5175=ORIENTED_EDGE('',*,*,#3349,.T.);
#5176=ORIENTED_EDGE('',*,*,#3433,.T.);
#5177=ORIENTED_EDGE('',*,*,#3419,.F.);
#5178=ORIENTED_EDGE('',*,*,#3442,.T.);
#5179=CYLINDRICAL_SURFACE('',#5705,1.03775);
#5180=CYLINDRICAL_SURFACE('',#5707,1.03775);
#5181=CYLINDRICAL_SURFACE('',#5708,1.03775);
#5182=CYLINDRICAL_SURFACE('',#5709,1.03775);
#5183=CYLINDRICAL_SURFACE('',#5710,1.03775);
#5184=CYLINDRICAL_SURFACE('',#5711,1.03775);
#5185=CYLINDRICAL_SURFACE('',#5713,1.03775);
#5186=CYLINDRICAL_SURFACE('',#5715,1.03775);
#5187=CYLINDRICAL_SURFACE('',#5716,1.03775);
#5188=CYLINDRICAL_SURFACE('',#5717,1.03775);
#5189=CYLINDRICAL_SURFACE('',#5718,1.03775);
#5190=CYLINDRICAL_SURFACE('',#5719,1.03775);
#5191=CYLINDRICAL_SURFACE('',#5721,1.03775);
#5192=CYLINDRICAL_SURFACE('',#5723,1.03775);
#5193=CYLINDRICAL_SURFACE('',#5724,1.03775);
#5194=CYLINDRICAL_SURFACE('',#5725,1.03775);
#5195=CYLINDRICAL_SURFACE('',#5726,1.03775);
#5196=CYLINDRICAL_SURFACE('',#5727,1.03775);
#5197=CYLINDRICAL_SURFACE('',#5729,1.03775);
#5198=CYLINDRICAL_SURFACE('',#5731,1.03775);
#5199=CYLINDRICAL_SURFACE('',#5732,1.03775);
#5200=CYLINDRICAL_SURFACE('',#5733,1.03775);
#5201=CYLINDRICAL_SURFACE('',#5734,1.03775);
#5202=CYLINDRICAL_SURFACE('',#5735,1.03775);
#5203=CYLINDRICAL_SURFACE('',#5737,1.29);
#5204=CYLINDRICAL_SURFACE('',#5739,1.29);
#5205=CYLINDRICAL_SURFACE('',#5740,1.29);
#5206=CYLINDRICAL_SURFACE('',#5741,1.29);
#5207=CYLINDRICAL_SURFACE('',#5742,1.29);
#5208=CYLINDRICAL_SURFACE('',#5743,1.29);
#5209=CYLINDRICAL_SURFACE('',#5744,1.29);
#5210=CYLINDRICAL_SURFACE('',#5746,1.29);
#5211=CYLINDRICAL_SURFACE('',#5748,1.29);
#5212=CYLINDRICAL_SURFACE('',#5749,1.29);
#5213=CYLINDRICAL_SURFACE('',#5750,1.29);
#5214=CYLINDRICAL_SURFACE('',#5751,1.29);
#5215=CYLINDRICAL_SURFACE('',#5752,1.29);
#5216=CYLINDRICAL_SURFACE('',#5753,1.29);
#5217=CYLINDRICAL_SURFACE('',#5755,1.29);
#5218=CYLINDRICAL_SURFACE('',#5757,1.29);
#5219=CYLINDRICAL_SURFACE('',#5758,1.29);
#5220=CYLINDRICAL_SURFACE('',#5759,1.29);
#5221=CYLINDRICAL_SURFACE('',#5760,1.29);
#5222=CYLINDRICAL_SURFACE('',#5761,1.29);
#5223=CYLINDRICAL_SURFACE('',#5762,1.29);
#5224=CYLINDRICAL_SURFACE('',#5764,1.29);
#5225=CYLINDRICAL_SURFACE('',#5766,1.29);
#5226=CYLINDRICAL_SURFACE('',#5767,1.29);
#5227=CYLINDRICAL_SURFACE('',#5768,1.29);
#5228=CYLINDRICAL_SURFACE('',#5769,1.29);
#5229=CYLINDRICAL_SURFACE('',#5770,1.29);
#5230=CYLINDRICAL_SURFACE('',#5771,1.29);
#5231=CYLINDRICAL_SURFACE('',#5773,1.70000000000002);
#5232=CYLINDRICAL_SURFACE('',#5778,1.70000000000003);
#5233=CYLINDRICAL_SURFACE('',#5783,1.70000000000002);
#5234=CYLINDRICAL_SURFACE('',#5788,1.699999999999);
#5235=CYLINDRICAL_SURFACE('',#5791,1.70000000000002);
#5236=CYLINDRICAL_SURFACE('',#5796,1.70000000000003);
#5237=CYLINDRICAL_SURFACE('',#5801,1.70000000000002);
#5238=CYLINDRICAL_SURFACE('',#5806,1.699999999999);
#5239=CYLINDRICAL_SURFACE('',#5859,2.74999999999999);
#5240=CYLINDRICAL_SURFACE('',#5863,2.75);
#5241=CYLINDRICAL_SURFACE('',#5867,2.75);
#5242=CYLINDRICAL_SURFACE('',#5871,2.74999999999999);
#5243=CYLINDRICAL_SURFACE('',#5875,2.75);
#5244=CYLINDRICAL_SURFACE('',#5879,2.74999999999999);
#5245=CYLINDRICAL_SURFACE('',#5883,2.74999999999999);
#5246=CYLINDRICAL_SURFACE('',#5887,2.75);
#5247=CYLINDRICAL_SURFACE('',#5898,33.2940250226957);
#5248=CYLINDRICAL_SURFACE('',#5900,31.808441422158);
#5249=CYLINDRICAL_SURFACE('',#5901,34.308441422158);
#5250=CYLINDRICAL_SURFACE('',#5904,1.29);
#5251=CYLINDRICAL_SURFACE('',#5905,1.29);
#5252=CYLINDRICAL_SURFACE('',#5906,1.29);
#5253=CYLINDRICAL_SURFACE('',#5907,1.29);
#5254=CYLINDRICAL_SURFACE('',#5936,2.5);
#5255=CYLINDRICAL_SURFACE('',#5939,2.5);
#5256=CYLINDRICAL_SURFACE('',#5941,2.5);
#5257=CYLINDRICAL_SURFACE('',#5943,2.5);
#5258=CYLINDRICAL_SURFACE('',#6005,33.7429610920685);
#5259=CYLINDRICAL_SURFACE('',#6007,29.7660837078826);
#5260=CYLINDRICAL_SURFACE('',#6009,45.1498637564527);
#5261=CYLINDRICAL_SURFACE('',#6011,25.5458574031856);
#5262=CYLINDRICAL_SURFACE('',#6013,25.8964537582652);
#5263=CYLINDRICAL_SURFACE('',#6015,47.6354579217658);
#5264=CYLINDRICAL_SURFACE('',#6017,39.2903431022071);
#5265=CYLINDRICAL_SURFACE('',#6019,27.873036225302);
#5266=CYLINDRICAL_SURFACE('',#6021,28.4961889551929);
#5267=CYLINDRICAL_SURFACE('',#6023,42.9922986001653);
#5268=CYLINDRICAL_SURFACE('',#6025,21.1587918636251);
#5269=CYLINDRICAL_SURFACE('',#6027,53.9655644381533);
#5270=CYLINDRICAL_SURFACE('',#6034,303.456993472093);
#5271=CYLINDRICAL_SURFACE('',#6036,33.8039181708056);
#5272=CYLINDRICAL_SURFACE('',#6038,32.4583100668837);
#5273=CYLINDRICAL_SURFACE('',#6040,32.5084414221604);
#5274=CYLINDRICAL_SURFACE('',#6042,33.9940250226955);
#5275=CYLINDRICAL_SURFACE('',#6044,26.6606050820702);
#5276=CYLINDRICAL_SURFACE('',#6046,41.7663998676506);
#5277=CYLINDRICAL_SURFACE('',#6048,40.4389863490851);
#5278=CYLINDRICAL_SURFACE('',#6050,236.277766620904);
#5279=CYLINDRICAL_SURFACE('',#6056,35.672876856911);
#5280=CYLINDRICAL_SURFACE('',#6123,10.9416973360941);
#5281=CYLINDRICAL_SURFACE('',#6125,15.8214543080602);
#5282=CYLINDRICAL_SURFACE('',#6127,11.6566796849458);
#5283=CYLINDRICAL_SURFACE('',#6129,13.6973009090851);
#5284=CYLINDRICAL_SURFACE('',#6131,19.9614871659195);
#5285=CYLINDRICAL_SURFACE('',#6133,14.1448619056018);
#5286=CYLINDRICAL_SURFACE('',#6135,16.4568656384068);
#5287=CYLINDRICAL_SURFACE('',#6137,14.1297656412053);
#5288=CYLINDRICAL_SURFACE('',#6139,12.129458143872);
#5289=CYLINDRICAL_SURFACE('',#6141,13.6317369987694);
#5290=CYLINDRICAL_SURFACE('',#6143,12.0770439188753);
#5291=CYLINDRICAL_SURFACE('',#6145,14.9567416184909);
#5292=CYLINDRICAL_SURFACE('',#6147,16.1942998620542);
#5293=CYLINDRICAL_SURFACE('',#6149,12.7100327533697);
#5294=CYLINDRICAL_SURFACE('',#6151,15.7641856921839);
#5295=CYLINDRICAL_SURFACE('',#6153,12.94783990462);
#5296=CYLINDRICAL_SURFACE('',#6155,10.3971765518178);
#5297=CYLINDRICAL_SURFACE('',#6157,16.0658288155387);
#5298=CYLINDRICAL_SURFACE('',#6159,11.3178690268068);
#5299=CYLINDRICAL_SURFACE('',#6161,15.9271938169595);
#5300=CYLINDRICAL_SURFACE('',#6163,21.033657648859);
#5301=CYLINDRICAL_SURFACE('',#6165,11.5586188589707);
#5302=CYLINDRICAL_SURFACE('',#6167,20.3728831119719);
#5303=CYLINDRICAL_SURFACE('',#6169,11.9143732603513);
#5304=CYLINDRICAL_SURFACE('',#6171,10.111548535889);
#5305=CYLINDRICAL_SURFACE('',#6173,17.7916103999096);
#5306=CYLINDRICAL_SURFACE('',#6175,9.70708571118354);
#5307=CYLINDRICAL_SURFACE('',#6177,16.1729224643541);
#5308=CYLINDRICAL_SURFACE('',#6179,17.9000699812599);
#5309=CYLINDRICAL_SURFACE('',#6181,11.349506727982);
#5310=CYLINDRICAL_SURFACE('',#6183,17.7562352555479);
#5311=CYLINDRICAL_SURFACE('',#6185,11.6471151960156);
#5312=CYLINDRICAL_SURFACE('',#6187,16.131736998769);
#5313=CYLINDRICAL_SURFACE('',#6188,16.6297656412038);
#5314=CYLINDRICAL_SURFACE('',#6189,17.4567416184883);
#5315=CYLINDRICAL_SURFACE('',#6190,16.6448619056);
#5316=CYLINDRICAL_SURFACE('',#6191,15.2100327533645);
#5317=CYLINDRICAL_SURFACE('',#6192,16.1973009090847);
#5318=CYLINDRICAL_SURFACE('',#6193,15.4478399046101);
#5319=CYLINDRICAL_SURFACE('',#6194,18.32145430806);
#5320=CYLINDRICAL_SURFACE('',#6195,18.5658288155316);
#5321=CYLINDRICAL_SURFACE('',#6196,13.4416973360941);
#5322=CYLINDRICAL_SURFACE('',#6197,18.427193816959);
#5323=CYLINDRICAL_SURFACE('',#6198,14.15667968495);
#5324=CYLINDRICAL_SURFACE('',#6199,14.0586188589594);
#5325=CYLINDRICAL_SURFACE('',#6200,22.4614871659153);
#5326=CYLINDRICAL_SURFACE('',#6201,14.4143732603537);
#5327=CYLINDRICAL_SURFACE('',#6202,18.9568656383936);
#5328=CYLINDRICAL_SURFACE('',#6203,20.2916103999081);
#5329=CYLINDRICAL_SURFACE('',#6204,14.6294581438709);
#5330=CYLINDRICAL_SURFACE('',#6205,18.6729224643433);
#5331=CYLINDRICAL_SURFACE('',#6206,14.5770439188654);
#5332=CYLINDRICAL_SURFACE('',#6207,13.8495067279704);
#5333=CYLINDRICAL_SURFACE('',#6208,18.694299862048);
#5334=CYLINDRICAL_SURFACE('',#6209,14.1471151960055);
#5335=CYLINDRICAL_SURFACE('',#6210,18.2641856921788);
#5336=CYLINDRICAL_SURFACE('',#6211,20.2562352555409);
#5337=CYLINDRICAL_SURFACE('',#6212,12.8971765518171);
#5338=CYLINDRICAL_SURFACE('',#6213,20.4000699812598);
#5339=CYLINDRICAL_SURFACE('',#6214,13.8178690268043);
#5340=CYLINDRICAL_SURFACE('',#6215,12.2070857111827);
#5341=CYLINDRICAL_SURFACE('',#6216,23.5336576488586);
#5342=CYLINDRICAL_SURFACE('',#6217,12.6115485358827);
#5343=CYLINDRICAL_SURFACE('',#6218,22.8728831119679);
#5344=CYLINDRICAL_SURFACE('',#6219,53.2655644381523);
#5345=CYLINDRICAL_SURFACE('',#6220,53.494016233792);
#5346=CYLINDRICAL_SURFACE('',#6221,295.290269247771);
#5347=CYLINDRICAL_SURFACE('',#6224,304.156993472686);
#5348=CYLINDRICAL_SURFACE('',#6225,33.1039181708054);
#5349=CYLINDRICAL_SURFACE('',#6226,31.758310066888);
#5350=CYLINDRICAL_SURFACE('',#6227,31.808441422158);
#5351=CYLINDRICAL_SURFACE('',#6228,25.9606050820737);
#5352=CYLINDRICAL_SURFACE('',#6229,41.0663998676448);
#5353=CYLINDRICAL_SURFACE('',#6230,39.7389863490861);
#5354=CYLINDRICAL_SURFACE('',#6231,236.977766615816);
#5355=CYLINDRICAL_SURFACE('',#6250,34.972876856911);
#5356=CYLINDRICAL_SURFACE('',#6251,33.0429610920601);
#5357=CYLINDRICAL_SURFACE('',#6252,29.0660837078842);
#5358=CYLINDRICAL_SURFACE('',#6253,44.4498637564538);
#5359=CYLINDRICAL_SURFACE('',#6254,24.8458574031879);
#5360=CYLINDRICAL_SURFACE('',#6255,25.1964537582611);
#5361=CYLINDRICAL_SURFACE('',#6256,46.9354579217658);
#5362=CYLINDRICAL_SURFACE('',#6257,38.5903431022031);
#5363=CYLINDRICAL_SURFACE('',#6258,27.1730362253039);
#5364=CYLINDRICAL_SURFACE('',#6259,27.796188955193);
#5365=CYLINDRICAL_SURFACE('',#6260,42.2922986001656);
#5366=CYLINDRICAL_SURFACE('',#6261,20.4587918636275);
#5367=CYLINDRICAL_SURFACE('',#6262,35.6039181708054);
#5368=CYLINDRICAL_SURFACE('',#6269,22.9587918636252);
#5369=CYLINDRICAL_SURFACE('',#6271,44.7922986001656);
#5370=CYLINDRICAL_SURFACE('',#6273,30.2961889551954);
#5371=CYLINDRICAL_SURFACE('',#6275,29.6730362253038);
#5372=CYLINDRICAL_SURFACE('',#6277,41.090343102203);
#5373=CYLINDRICAL_SURFACE('',#6279,49.4354579217656);
#5374=CYLINDRICAL_SURFACE('',#6281,27.6964537582578);
#5375=CYLINDRICAL_SURFACE('',#6283,1.03775);
#5376=CYLINDRICAL_SURFACE('',#6285,1.03775);
#5377=CYLINDRICAL_SURFACE('',#6287,1.03775);
#5378=CYLINDRICAL_SURFACE('',#6289,1.03775);
#5379=CYLINDRICAL_SURFACE('',#6291,4.);
#5380=CYLINDRICAL_SURFACE('',#6292,4.);
#5381=CYLINDRICAL_SURFACE('',#6293,4.);
#5382=CYLINDRICAL_SURFACE('',#6294,4.);
#5383=CYLINDRICAL_SURFACE('',#6306,31.5660837078852);
#5384=CYLINDRICAL_SURFACE('',#6307,35.5429610920678);
#5385=CYLINDRICAL_SURFACE('',#6313,43.5663998676506);
#5386=CYLINDRICAL_SURFACE('',#6314,28.4606050820736);
#5387=CYLINDRICAL_SURFACE('',#6315,35.7940250226956);
#5388=CYLINDRICAL_SURFACE('',#6316,34.2583100668879);
#5389=CYLINDRICAL_SURFACE('',#6317,27.3458574031877);
#5390=CYLINDRICAL_SURFACE('',#6318,46.9498637564531);
#5391=ADVANCED_FACE('',(#121),#5179,.F.);
#5392=ADVANCED_FACE('',(#122),#5180,.F.);
#5393=ADVANCED_FACE('',(#123),#5181,.F.);
#5394=ADVANCED_FACE('',(#124),#5182,.F.);
#5395=ADVANCED_FACE('',(#125),#5183,.F.);
#5396=ADVANCED_FACE('',(#126),#5184,.F.);
#5397=ADVANCED_FACE('',(#127),#5185,.F.);
#5398=ADVANCED_FACE('',(#128),#5186,.F.);
#5399=ADVANCED_FACE('',(#129),#5187,.F.);
#5400=ADVANCED_FACE('',(#130),#5188,.F.);
#5401=ADVANCED_FACE('',(#131),#5189,.F.);
#5402=ADVANCED_FACE('',(#132),#5190,.F.);
#5403=ADVANCED_FACE('',(#133),#5191,.F.);
#5404=ADVANCED_FACE('',(#134),#5192,.F.);
#5405=ADVANCED_FACE('',(#135),#5193,.F.);
#5406=ADVANCED_FACE('',(#136),#5194,.F.);
#5407=ADVANCED_FACE('',(#137),#5195,.F.);
#5408=ADVANCED_FACE('',(#138),#5196,.F.);
#5409=ADVANCED_FACE('',(#139),#5197,.F.);
#5410=ADVANCED_FACE('',(#140),#5198,.F.);
#5411=ADVANCED_FACE('',(#141),#5199,.F.);
#5412=ADVANCED_FACE('',(#142),#5200,.F.);
#5413=ADVANCED_FACE('',(#143),#5201,.F.);
#5414=ADVANCED_FACE('',(#144),#5202,.F.);
#5415=ADVANCED_FACE('',(#145),#5203,.F.);
#5416=ADVANCED_FACE('',(#146),#5204,.F.);
#5417=ADVANCED_FACE('',(#147),#5205,.F.);
#5418=ADVANCED_FACE('',(#148),#5206,.F.);
#5419=ADVANCED_FACE('',(#149),#5207,.F.);
#5420=ADVANCED_FACE('',(#150),#5208,.F.);
#5421=ADVANCED_FACE('',(#151),#5209,.F.);
#5422=ADVANCED_FACE('',(#152),#5210,.F.);
#5423=ADVANCED_FACE('',(#153),#5211,.F.);
#5424=ADVANCED_FACE('',(#154),#5212,.F.);
#5425=ADVANCED_FACE('',(#155),#5213,.F.);
#5426=ADVANCED_FACE('',(#156),#5214,.F.);
#5427=ADVANCED_FACE('',(#157),#5215,.F.);
#5428=ADVANCED_FACE('',(#158),#5216,.F.);
#5429=ADVANCED_FACE('',(#159),#5217,.F.);
#5430=ADVANCED_FACE('',(#160),#5218,.F.);
#5431=ADVANCED_FACE('',(#161),#5219,.F.);
#5432=ADVANCED_FACE('',(#162),#5220,.F.);
#5433=ADVANCED_FACE('',(#163),#5221,.F.);
#5434=ADVANCED_FACE('',(#164),#5222,.F.);
#5435=ADVANCED_FACE('',(#165),#5223,.F.);
#5436=ADVANCED_FACE('',(#166),#5224,.F.);
#5437=ADVANCED_FACE('',(#167),#5225,.F.);
#5438=ADVANCED_FACE('',(#168),#5226,.F.);
#5439=ADVANCED_FACE('',(#169),#5227,.F.);
#5440=ADVANCED_FACE('',(#170),#5228,.F.);
#5441=ADVANCED_FACE('',(#171),#5229,.F.);
#5442=ADVANCED_FACE('',(#172),#5230,.F.);
#5443=ADVANCED_FACE('',(#173),#5231,.F.);
#5444=ADVANCED_FACE('',(#174),#45,.F.);
#5445=ADVANCED_FACE('',(#175),#5232,.F.);
#5446=ADVANCED_FACE('',(#176),#46,.F.);
#5447=ADVANCED_FACE('',(#177),#5233,.F.);
#5448=ADVANCED_FACE('',(#178),#47,.F.);
#5449=ADVANCED_FACE('',(#179),#48,.F.);
#5450=ADVANCED_FACE('',(#180),#5234,.F.);
#5451=ADVANCED_FACE('',(#181),#5235,.F.);
#5452=ADVANCED_FACE('',(#182),#49,.F.);
#5453=ADVANCED_FACE('',(#183),#5236,.F.);
#5454=ADVANCED_FACE('',(#184),#50,.F.);
#5455=ADVANCED_FACE('',(#185),#5237,.F.);
#5456=ADVANCED_FACE('',(#186),#51,.F.);
#5457=ADVANCED_FACE('',(#187),#52,.F.);
#5458=ADVANCED_FACE('',(#188),#5238,.F.);
#5459=ADVANCED_FACE('',(#189),#53,.F.);
#5460=ADVANCED_FACE('',(#190),#54,.T.);
#5461=ADVANCED_FACE('',(#191),#55,.T.);
#5462=ADVANCED_FACE('',(#192),#56,.F.);
#5463=ADVANCED_FACE('',(#193),#5239,.F.);
#5464=ADVANCED_FACE('',(#194),#57,.F.);
#5465=ADVANCED_FACE('',(#195),#5240,.F.);
#5466=ADVANCED_FACE('',(#196),#58,.F.);
#5467=ADVANCED_FACE('',(#197),#5241,.F.);
#5468=ADVANCED_FACE('',(#198),#59,.F.);
#5469=ADVANCED_FACE('',(#199),#5242,.F.);
#5470=ADVANCED_FACE('',(#200),#60,.F.);
#5471=ADVANCED_FACE('',(#201),#5243,.F.);
#5472=ADVANCED_FACE('',(#202),#61,.F.);
#5473=ADVANCED_FACE('',(#203),#5244,.F.);
#5474=ADVANCED_FACE('',(#204),#62,.F.);
#5475=ADVANCED_FACE('',(#205),#5245,.F.);
#5476=ADVANCED_FACE('',(#206),#63,.F.);
#5477=ADVANCED_FACE('',(#207),#5246,.F.);
#5478=ADVANCED_FACE('',(#208),#64,.F.);
#5479=ADVANCED_FACE('',(#209),#33,.F.);
#5480=ADVANCED_FACE('',(#210),#34,.F.);
#5481=ADVANCED_FACE('',(#211),#65,.F.);
#5482=ADVANCED_FACE('',(#212),#35,.F.);
#5483=ADVANCED_FACE('',(#213),#66,.F.);
#5484=ADVANCED_FACE('',(#214),#36,.F.);
#5485=ADVANCED_FACE('',(#215),#67,.F.);
#5486=ADVANCED_FACE('',(#216),#5247,.F.);
#5487=ADVANCED_FACE('',(#217),#5248,.F.);
#5488=ADVANCED_FACE('',(#218),#5249,.T.);
#5489=ADVANCED_FACE('',(#219),#5250,.F.);
#5490=ADVANCED_FACE('',(#220),#37,.F.);
#5491=ADVANCED_FACE('',(#221),#38,.F.);
#5492=ADVANCED_FACE('',(#222),#5251,.F.);
#5493=ADVANCED_FACE('',(#223),#39,.F.);
#5494=ADVANCED_FACE('',(#224),#40,.F.);
#5495=ADVANCED_FACE('',(#225),#5252,.F.);
#5496=ADVANCED_FACE('',(#226),#41,.F.);
#5497=ADVANCED_FACE('',(#227),#42,.F.);
#5498=ADVANCED_FACE('',(#228),#5253,.F.);
#5499=ADVANCED_FACE('',(#229),#43,.F.);
#5500=ADVANCED_FACE('',(#230),#44,.F.);
#5501=ADVANCED_FACE('',(#231,#15),#68,.T.);
#5502=ADVANCED_FACE('',(#232,#16),#69,.T.);
#5503=ADVANCED_FACE('',(#233,#17),#70,.T.);
#5504=ADVANCED_FACE('',(#234,#18),#71,.T.);
#5505=ADVANCED_FACE('',(#235),#72,.T.);
#5506=ADVANCED_FACE('',(#236),#73,.T.);
#5507=ADVANCED_FACE('',(#237),#74,.T.);
#5508=ADVANCED_FACE('',(#238),#75,.T.);
#5509=ADVANCED_FACE('',(#239),#76,.T.);
#5510=ADVANCED_FACE('',(#240),#77,.T.);
#5511=ADVANCED_FACE('',(#241),#78,.T.);
#5512=ADVANCED_FACE('',(#242),#79,.T.);
#5513=ADVANCED_FACE('',(#243),#80,.T.);
#5514=ADVANCED_FACE('',(#244),#81,.T.);
#5515=ADVANCED_FACE('',(#245),#82,.T.);
#5516=ADVANCED_FACE('',(#246,#19,#20),#83,.T.);
#5517=ADVANCED_FACE('',(#247),#84,.T.);
#5518=ADVANCED_FACE('',(#248),#85,.T.);
#5519=ADVANCED_FACE('',(#249),#86,.T.);
#5520=ADVANCED_FACE('',(#250),#87,.T.);
#5521=ADVANCED_FACE('',(#251),#5254,.T.);
#5522=ADVANCED_FACE('',(#252),#88,.T.);
#5523=ADVANCED_FACE('',(#253),#5255,.T.);
#5524=ADVANCED_FACE('',(#254),#5256,.T.);
#5525=ADVANCED_FACE('',(#255),#5257,.T.);
#5526=ADVANCED_FACE('',(#256,#21,#22,#23,#24,#25),#89,.T.);
#5527=ADVANCED_FACE('',(#257),#5258,.F.);
#5528=ADVANCED_FACE('',(#258),#5259,.F.);
#5529=ADVANCED_FACE('',(#259),#5260,.F.);
#5530=ADVANCED_FACE('',(#260),#5261,.F.);
#5531=ADVANCED_FACE('',(#261),#5262,.F.);
#5532=ADVANCED_FACE('',(#262),#5263,.F.);
#5533=ADVANCED_FACE('',(#263),#5264,.F.);
#5534=ADVANCED_FACE('',(#264),#5265,.F.);
#5535=ADVANCED_FACE('',(#265),#5266,.F.);
#5536=ADVANCED_FACE('',(#266),#5267,.F.);
#5537=ADVANCED_FACE('',(#267),#5268,.F.);
#5538=ADVANCED_FACE('',(#268),#5269,.F.);
#5539=ADVANCED_FACE('',(#269),#90,.F.);
#5540=ADVANCED_FACE('',(#270),#91,.F.);
#5541=ADVANCED_FACE('',(#271),#92,.F.);
#5542=ADVANCED_FACE('',(#272),#93,.F.);
#5543=ADVANCED_FACE('',(#273),#94,.F.);
#5544=ADVANCED_FACE('',(#274),#5270,.T.);
#5545=ADVANCED_FACE('',(#275),#5271,.F.);
#5546=ADVANCED_FACE('',(#276),#5272,.F.);
#5547=ADVANCED_FACE('',(#277),#5273,.F.);
#5548=ADVANCED_FACE('',(#278),#5274,.F.);
#5549=ADVANCED_FACE('',(#279),#5275,.F.);
#5550=ADVANCED_FACE('',(#280),#5276,.F.);
#5551=ADVANCED_FACE('',(#281),#5277,.F.);
#5552=ADVANCED_FACE('',(#282),#5278,.T.);
#5553=ADVANCED_FACE('',(#283),#95,.F.);
#5554=ADVANCED_FACE('',(#284),#96,.F.);
#5555=ADVANCED_FACE('',(#285),#97,.F.);
#5556=ADVANCED_FACE('',(#286),#98,.F.);
#5557=ADVANCED_FACE('',(#287),#5279,.F.);
#5558=ADVANCED_FACE('',(#288,#26),#99,.T.);
#5559=ADVANCED_FACE('',(#289),#5280,.F.);
#5560=ADVANCED_FACE('',(#290),#5281,.F.);
#5561=ADVANCED_FACE('',(#291),#5282,.F.);
#5562=ADVANCED_FACE('',(#292),#5283,.F.);
#5563=ADVANCED_FACE('',(#293),#5284,.F.);
#5564=ADVANCED_FACE('',(#294),#5285,.F.);
#5565=ADVANCED_FACE('',(#295),#5286,.F.);
#5566=ADVANCED_FACE('',(#296),#5287,.F.);
#5567=ADVANCED_FACE('',(#297),#5288,.F.);
#5568=ADVANCED_FACE('',(#298),#5289,.F.);
#5569=ADVANCED_FACE('',(#299),#5290,.F.);
#5570=ADVANCED_FACE('',(#300),#5291,.F.);
#5571=ADVANCED_FACE('',(#301),#5292,.F.);
#5572=ADVANCED_FACE('',(#302),#5293,.F.);
#5573=ADVANCED_FACE('',(#303),#5294,.F.);
#5574=ADVANCED_FACE('',(#304),#5295,.F.);
#5575=ADVANCED_FACE('',(#305),#5296,.F.);
#5576=ADVANCED_FACE('',(#306),#5297,.F.);
#5577=ADVANCED_FACE('',(#307),#5298,.F.);
#5578=ADVANCED_FACE('',(#308),#5299,.F.);
#5579=ADVANCED_FACE('',(#309),#5300,.F.);
#5580=ADVANCED_FACE('',(#310),#5301,.F.);
#5581=ADVANCED_FACE('',(#311),#5302,.F.);
#5582=ADVANCED_FACE('',(#312),#5303,.F.);
#5583=ADVANCED_FACE('',(#313),#5304,.F.);
#5584=ADVANCED_FACE('',(#314),#5305,.F.);
#5585=ADVANCED_FACE('',(#315),#5306,.F.);
#5586=ADVANCED_FACE('',(#316),#5307,.F.);
#5587=ADVANCED_FACE('',(#317),#5308,.F.);
#5588=ADVANCED_FACE('',(#318),#5309,.F.);
#5589=ADVANCED_FACE('',(#319),#5310,.F.);
#5590=ADVANCED_FACE('',(#320),#5311,.F.);
#5591=ADVANCED_FACE('',(#321),#5312,.T.);
#5592=ADVANCED_FACE('',(#322),#5313,.T.);
#5593=ADVANCED_FACE('',(#323),#5314,.T.);
#5594=ADVANCED_FACE('',(#324),#5315,.T.);
#5595=ADVANCED_FACE('',(#325),#5316,.T.);
#5596=ADVANCED_FACE('',(#326),#5317,.T.);
#5597=ADVANCED_FACE('',(#327),#5318,.T.);
#5598=ADVANCED_FACE('',(#328),#5319,.T.);
#5599=ADVANCED_FACE('',(#329),#5320,.T.);
#5600=ADVANCED_FACE('',(#330),#5321,.T.);
#5601=ADVANCED_FACE('',(#331),#5322,.T.);
#5602=ADVANCED_FACE('',(#332),#5323,.T.);
#5603=ADVANCED_FACE('',(#333),#5324,.T.);
#5604=ADVANCED_FACE('',(#334),#5325,.T.);
#5605=ADVANCED_FACE('',(#335),#5326,.T.);
#5606=ADVANCED_FACE('',(#336),#5327,.T.);
#5607=ADVANCED_FACE('',(#337),#5328,.T.);
#5608=ADVANCED_FACE('',(#338),#5329,.T.);
#5609=ADVANCED_FACE('',(#339),#5330,.T.);
#5610=ADVANCED_FACE('',(#340),#5331,.T.);
#5611=ADVANCED_FACE('',(#341),#5332,.T.);
#5612=ADVANCED_FACE('',(#342),#5333,.T.);
#5613=ADVANCED_FACE('',(#343),#5334,.T.);
#5614=ADVANCED_FACE('',(#344),#5335,.T.);
#5615=ADVANCED_FACE('',(#345),#5336,.T.);
#5616=ADVANCED_FACE('',(#346),#5337,.T.);
#5617=ADVANCED_FACE('',(#347),#5338,.T.);
#5618=ADVANCED_FACE('',(#348),#5339,.T.);
#5619=ADVANCED_FACE('',(#349),#5340,.T.);
#5620=ADVANCED_FACE('',(#350),#5341,.T.);
#5621=ADVANCED_FACE('',(#351),#5342,.T.);
#5622=ADVANCED_FACE('',(#352),#5343,.T.);
#5623=ADVANCED_FACE('',(#353),#5344,.F.);
#5624=ADVANCED_FACE('',(#354),#5345,.F.);
#5625=ADVANCED_FACE('',(#355),#5346,.T.);
#5626=ADVANCED_FACE('',(#356),#100,.T.);
#5627=ADVANCED_FACE('',(#357),#101,.T.);
#5628=ADVANCED_FACE('',(#358),#5347,.T.);
#5629=ADVANCED_FACE('',(#359),#5348,.F.);
#5630=ADVANCED_FACE('',(#360),#5349,.F.);
#5631=ADVANCED_FACE('',(#361),#5350,.F.);
#5632=ADVANCED_FACE('',(#362),#5351,.F.);
#5633=ADVANCED_FACE('',(#363),#5352,.F.);
#5634=ADVANCED_FACE('',(#364),#5353,.F.);
#5635=ADVANCED_FACE('',(#365),#5354,.T.);
#5636=ADVANCED_FACE('',(#366,#27),#102,.F.);
#5637=ADVANCED_FACE('',(#367),#103,.T.);
#5638=ADVANCED_FACE('',(#368),#5355,.F.);
#5639=ADVANCED_FACE('',(#369),#5356,.F.);
#5640=ADVANCED_FACE('',(#370),#5357,.F.);
#5641=ADVANCED_FACE('',(#371),#5358,.F.);
#5642=ADVANCED_FACE('',(#372),#5359,.F.);
#5643=ADVANCED_FACE('',(#373),#5360,.F.);
#5644=ADVANCED_FACE('',(#374),#5361,.F.);
#5645=ADVANCED_FACE('',(#375),#5362,.F.);
#5646=ADVANCED_FACE('',(#376),#5363,.F.);
#5647=ADVANCED_FACE('',(#377),#5364,.F.);
#5648=ADVANCED_FACE('',(#378),#5365,.F.);
#5649=ADVANCED_FACE('',(#379),#5366,.F.);
#5650=ADVANCED_FACE('',(#380),#5367,.T.);
#5651=ADVANCED_FACE('',(#381),#104,.T.);
#5652=ADVANCED_FACE('',(#382),#105,.T.);
#5653=ADVANCED_FACE('',(#383,#28,#29),#106,.T.);
#5654=ADVANCED_FACE('',(#384),#107,.T.);
#5655=ADVANCED_FACE('',(#385),#108,.T.);
#5656=ADVANCED_FACE('',(#386),#5368,.T.);
#5657=ADVANCED_FACE('',(#387),#5369,.T.);
#5658=ADVANCED_FACE('',(#388),#5370,.T.);
#5659=ADVANCED_FACE('',(#389),#5371,.T.);
#5660=ADVANCED_FACE('',(#390),#5372,.T.);
#5661=ADVANCED_FACE('',(#391),#5373,.T.);
#5662=ADVANCED_FACE('',(#392),#5374,.T.);
#5663=ADVANCED_FACE('',(#393),#5375,.F.);
#5664=ADVANCED_FACE('',(#394),#109,.T.);
#5665=ADVANCED_FACE('',(#395),#5376,.F.);
#5666=ADVANCED_FACE('',(#396),#110,.T.);
#5667=ADVANCED_FACE('',(#397),#5377,.F.);
#5668=ADVANCED_FACE('',(#398),#111,.T.);
#5669=ADVANCED_FACE('',(#399),#5378,.F.);
#5670=ADVANCED_FACE('',(#400),#112,.T.);
#5671=ADVANCED_FACE('',(#401),#5379,.T.);
#5672=ADVANCED_FACE('',(#402),#5380,.T.);
#5673=ADVANCED_FACE('',(#403),#5381,.T.);
#5674=ADVANCED_FACE('',(#404),#5382,.T.);
#5675=ADVANCED_FACE('',(#405),#113,.T.);
#5676=ADVANCED_FACE('',(#406),#114,.T.);
#5677=ADVANCED_FACE('',(#407,#30),#115,.T.);
#5678=ADVANCED_FACE('',(#408),#5383,.T.);
#5679=ADVANCED_FACE('',(#409),#5384,.T.);
#5680=ADVANCED_FACE('',(#410),#116,.T.);
#5681=ADVANCED_FACE('',(#411),#117,.T.);
#5682=ADVANCED_FACE('',(#412,#31,#32),#118,.T.);
#5683=ADVANCED_FACE('',(#413),#119,.T.);
#5684=ADVANCED_FACE('',(#414),#120,.T.);
#5685=ADVANCED_FACE('',(#415),#5385,.T.);
#5686=ADVANCED_FACE('',(#416),#5386,.T.);
#5687=ADVANCED_FACE('',(#417),#5387,.T.);
#5688=ADVANCED_FACE('',(#418),#5388,.T.);
#5689=ADVANCED_FACE('',(#419),#5389,.T.);
#5690=ADVANCED_FACE('',(#420),#5390,.T.);
#5691=CLOSED_SHELL('',(#5391,#5392,#5393,#5394,#5395,#5396,#5397,#5398,
#5399,#5400,#5401,#5402,#5403,#5404,#5405,#5406,#5407,#5408,#5409,#5410,
#5411,#5412,#5413,#5414,#5415,#5416,#5417,#5418,#5419,#5420,#5421,#5422,
#5423,#5424,#5425,#5426,#5427,#5428,#5429,#5430,#5431,#5432,#5433,#5434,
#5435,#5436,#5437,#5438,#5439,#5440,#5441,#5442,#5443,#5444,#5445,#5446,
#5447,#5448,#5449,#5450,#5451,#5452,#5453,#5454,#5455,#5456,#5457,#5458,
#5459,#5460,#5461,#5462,#5463,#5464,#5465,#5466,#5467,#5468,#5469,#5470,
#5471,#5472,#5473,#5474,#5475,#5476,#5477,#5478,#5479,#5480,#5481,#5482,
#5483,#5484,#5485,#5486,#5487,#5488,#5489,#5490,#5491,#5492,#5493,#5494,
#5495,#5496,#5497,#5498,#5499,#5500,#5501,#5502,#5503,#5504,#5505,#5506,
#5507,#5508,#5509,#5510,#5511,#5512,#5513,#5514,#5515,#5516,#5517,#5518,
#5519,#5520,#5521,#5522,#5523,#5524,#5525,#5526,#5527,#5528,#5529,#5530,
#5531,#5532,#5533,#5534,#5535,#5536,#5537,#5538,#5539,#5540,#5541,#5542,
#5543,#5544,#5545,#5546,#5547,#5548,#5549,#5550,#5551,#5552,#5553,#5554,
#5555,#5556,#5557,#5558,#5559,#5560,#5561,#5562,#5563,#5564,#5565,#5566,
#5567,#5568,#5569,#5570,#5571,#5572,#5573,#5574,#5575,#5576,#5577,#5578,
#5579,#5580,#5581,#5582,#5583,#5584,#5585,#5586,#5587,#5588,#5589,#5590,
#5591,#5592,#5593,#5594,#5595,#5596,#5597,#5598,#5599,#5600,#5601,#5602,
#5603,#5604,#5605,#5606,#5607,#5608,#5609,#5610,#5611,#5612,#5613,#5614,
#5615,#5616,#5617,#5618,#5619,#5620,#5621,#5622,#5623,#5624,#5625,#5626,
#5627,#5628,#5629,#5630,#5631,#5632,#5633,#5634,#5635,#5636,#5637,#5638,
#5639,#5640,#5641,#5642,#5643,#5644,#5645,#5646,#5647,#5648,#5649,#5650,
#5651,#5652,#5653,#5654,#5655,#5656,#5657,#5658,#5659,#5660,#5661,#5662,
#5663,#5664,#5665,#5666,#5667,#5668,#5669,#5670,#5671,#5672,#5673,#5674,
#5675,#5676,#5677,#5678,#5679,#5680,#5681,#5682,#5683,#5684,#5685,#5686,
#5687,#5688,#5689,#5690));
#5692=DERIVED_UNIT_ELEMENT(#5694,1.);
#5693=DERIVED_UNIT_ELEMENT(#14287,-3.);
#5694=(
MASS_UNIT()
NAMED_UNIT(*)
SI_UNIT(.KILO.,.GRAM.)
);
#5695=DERIVED_UNIT((#5692,#5693));
#5696=MEASURE_REPRESENTATION_ITEM('density measure',
POSITIVE_RATIO_MEASURE(7850.),#5695);
#5697=PROPERTY_DEFINITION_REPRESENTATION(#5702,#5699);
#5698=PROPERTY_DEFINITION_REPRESENTATION(#5703,#5700);
#5699=REPRESENTATION('material name',(#5701),#14284);
#5700=REPRESENTATION('density',(#5696),#14284);
#5701=DESCRIPTIVE_REPRESENTATION_ITEM('Steel','Steel');
#5702=PROPERTY_DEFINITION('material property','material name',#14294);
#5703=PROPERTY_DEFINITION('material property','density of part',#14294);
#5704=AXIS2_PLACEMENT_3D('',#7941,#6319,#6320);
#5705=AXIS2_PLACEMENT_3D('',#7942,#6321,#6322);
#5706=AXIS2_PLACEMENT_3D('',#7961,#6324,#6325);
#5707=AXIS2_PLACEMENT_3D('',#7981,#6326,#6327);
#5708=AXIS2_PLACEMENT_3D('',#8032,#6329,#6330);
#5709=AXIS2_PLACEMENT_3D('',#8083,#6332,#6333);
#5710=AXIS2_PLACEMENT_3D('',#8131,#6335,#6336);
#5711=AXIS2_PLACEMENT_3D('',#8182,#6338,#6339);
#5712=AXIS2_PLACEMENT_3D('',#8201,#6341,#6342);
#5713=AXIS2_PLACEMENT_3D('',#8221,#6343,#6344);
#5714=AXIS2_PLACEMENT_3D('',#8240,#6346,#6347);
#5715=AXIS2_PLACEMENT_3D('',#8260,#6348,#6349);
#5716=AXIS2_PLACEMENT_3D('',#8311,#6351,#6352);
#5717=AXIS2_PLACEMENT_3D('',#8362,#6354,#6355);
#5718=AXIS2_PLACEMENT_3D('',#8410,#6357,#6358);
#5719=AXIS2_PLACEMENT_3D('',#8461,#6360,#6361);
#5720=AXIS2_PLACEMENT_3D('',#8480,#6363,#6364);
#5721=AXIS2_PLACEMENT_3D('',#8500,#6365,#6366);
#5722=AXIS2_PLACEMENT_3D('',#8519,#6368,#6369);
#5723=AXIS2_PLACEMENT_3D('',#8539,#6370,#6371);
#5724=AXIS2_PLACEMENT_3D('',#8590,#6373,#6374);
#5725=AXIS2_PLACEMENT_3D('',#8641,#6376,#6377);
#5726=AXIS2_PLACEMENT_3D('',#8689,#6379,#6380);
#5727=AXIS2_PLACEMENT_3D('',#8740,#6382,#6383);
#5728=AXIS2_PLACEMENT_3D('',#8759,#6385,#6386);
#5729=AXIS2_PLACEMENT_3D('',#8779,#6387,#6388);
#5730=AXIS2_PLACEMENT_3D('',#8798,#6390,#6391);
#5731=AXIS2_PLACEMENT_3D('',#8818,#6392,#6393);
#5732=AXIS2_PLACEMENT_3D('',#8869,#6395,#6396);
#5733=AXIS2_PLACEMENT_3D('',#8920,#6398,#6399);
#5734=AXIS2_PLACEMENT_3D('',#8968,#6401,#6402);
#5735=AXIS2_PLACEMENT_3D('',#9019,#6404,#6405);
#5736=AXIS2_PLACEMENT_3D('',#9038,#6407,#6408);
#5737=AXIS2_PLACEMENT_3D('',#9058,#6409,#6410);
#5738=AXIS2_PLACEMENT_3D('',#9069,#6412,#6413);
#5739=AXIS2_PLACEMENT_3D('',#9075,#6414,#6415);
#5740=AXIS2_PLACEMENT_3D('',#9100,#6417,#6418);
#5741=AXIS2_PLACEMENT_3D('',#9124,#6420,#6421);
#5742=AXIS2_PLACEMENT_3D('',#9149,#6423,#6424);
#5743=AXIS2_PLACEMENT_3D('',#9174,#6426,#6427);
#5744=AXIS2_PLACEMENT_3D('',#9198,#6429,#6430);
#5745=AXIS2_PLACEMENT_3D('',#9209,#6432,#6433);
#5746=AXIS2_PLACEMENT_3D('',#9215,#6434,#6435);
#5747=AXIS2_PLACEMENT_3D('',#9226,#6437,#6438);
#5748=AXIS2_PLACEMENT_3D('',#9232,#6439,#6440);
#5749=AXIS2_PLACEMENT_3D('',#9257,#6442,#6443);
#5750=AXIS2_PLACEMENT_3D('',#9281,#6445,#6446);
#5751=AXIS2_PLACEMENT_3D('',#9306,#6448,#6449);
#5752=AXIS2_PLACEMENT_3D('',#9331,#6451,#6452);
#5753=AXIS2_PLACEMENT_3D('',#9355,#6454,#6455);
#5754=AXIS2_PLACEMENT_3D('',#9366,#6457,#6458);
#5755=AXIS2_PLACEMENT_3D('',#9372,#6459,#6460);
#5756=AXIS2_PLACEMENT_3D('',#9383,#6462,#6463);
#5757=AXIS2_PLACEMENT_3D('',#9389,#6464,#6465);
#5758=AXIS2_PLACEMENT_3D('',#9414,#6467,#6468);
#5759=AXIS2_PLACEMENT_3D('',#9438,#6470,#6471);
#5760=AXIS2_PLACEMENT_3D('',#9463,#6473,#6474);
#5761=AXIS2_PLACEMENT_3D('',#9488,#6476,#6477);
#5762=AXIS2_PLACEMENT_3D('',#9512,#6479,#6480);
#5763=AXIS2_PLACEMENT_3D('',#9523,#6482,#6483);
#5764=AXIS2_PLACEMENT_3D('',#9529,#6484,#6485);
#5765=AXIS2_PLACEMENT_3D('',#9540,#6487,#6488);
#5766=AXIS2_PLACEMENT_3D('',#9546,#6489,#6490);
#5767=AXIS2_PLACEMENT_3D('',#9571,#6492,#6493);
#5768=AXIS2_PLACEMENT_3D('',#9595,#6495,#6496);
#5769=AXIS2_PLACEMENT_3D('',#9620,#6498,#6499);
#5770=AXIS2_PLACEMENT_3D('',#9645,#6501,#6502);
#5771=AXIS2_PLACEMENT_3D('',#9669,#6504,#6505);
#5772=AXIS2_PLACEMENT_3D('',#9680,#6507,#6508);
#5773=AXIS2_PLACEMENT_3D('',#9686,#6509,#6510);
#5774=AXIS2_PLACEMENT_3D('',#9689,#6511,#6512);
#5775=AXIS2_PLACEMENT_3D('',#9693,#6514,#6515);
#5776=AXIS2_PLACEMENT_3D('',#9697,#6517,#6518);
#5777=AXIS2_PLACEMENT_3D('',#9699,#6520,#6521);
#5778=AXIS2_PLACEMENT_3D('',#9705,#6525,#6526);
#5779=AXIS2_PLACEMENT_3D('',#9707,#6527,#6528);
#5780=AXIS2_PLACEMENT_3D('',#9709,#6529,#6530);
#5781=AXIS2_PLACEMENT_3D('',#9713,#6532,#6533);
#5782=AXIS2_PLACEMENT_3D('',#9715,#6535,#6536);
#5783=AXIS2_PLACEMENT_3D('',#9724,#6541,#6542);
#5784=AXIS2_PLACEMENT_3D('',#9726,#6543,#6544);
#5785=AXIS2_PLACEMENT_3D('',#9728,#6545,#6546);
#5786=AXIS2_PLACEMENT_3D('',#9730,#6548,#6549);
#5787=AXIS2_PLACEMENT_3D('',#9733,#6552,#6553);
#5788=AXIS2_PLACEMENT_3D('',#9739,#6557,#6558);
#5789=AXIS2_PLACEMENT_3D('',#9740,#6559,#6560);
#5790=AXIS2_PLACEMENT_3D('',#9741,#6561,#6562);
#5791=AXIS2_PLACEMENT_3D('',#9742,#6563,#6564);
#5792=AXIS2_PLACEMENT_3D('',#9745,#6565,#6566);
#5793=AXIS2_PLACEMENT_3D('',#9749,#6568,#6569);
#5794=AXIS2_PLACEMENT_3D('',#9753,#6571,#6572);
#5795=AXIS2_PLACEMENT_3D('',#9755,#6574,#6575);
#5796=AXIS2_PLACEMENT_3D('',#9761,#6579,#6580);
#5797=AXIS2_PLACEMENT_3D('',#9763,#6581,#6582);
#5798=AXIS2_PLACEMENT_3D('',#9765,#6583,#6584);
#5799=AXIS2_PLACEMENT_3D('',#9769,#6586,#6587);
#5800=AXIS2_PLACEMENT_3D('',#9771,#6589,#6590);
#5801=AXIS2_PLACEMENT_3D('',#9780,#6595,#6596);
#5802=AXIS2_PLACEMENT_3D('',#9782,#6597,#6598);
#5803=AXIS2_PLACEMENT_3D('',#9784,#6599,#6600);
#5804=AXIS2_PLACEMENT_3D('',#9786,#6602,#6603);
#5805=AXIS2_PLACEMENT_3D('',#9789,#6606,#6607);
#5806=AXIS2_PLACEMENT_3D('',#9795,#6611,#6612);
#5807=AXIS2_PLACEMENT_3D('',#9796,#6613,#6614);
#5808=AXIS2_PLACEMENT_3D('',#9797,#6615,#6616);
#5809=AXIS2_PLACEMENT_3D('',#9798,#6617,#6618);
#5810=AXIS2_PLACEMENT_3D('',#9809,#6625,#6626);
#5811=AXIS2_PLACEMENT_3D('',#9821,#6632,#6633);
#5812=AXIS2_PLACEMENT_3D('',#9823,#6634,#6635);
#5813=AXIS2_PLACEMENT_3D('',#9825,#6636,#6637);
#5814=AXIS2_PLACEMENT_3D('',#9827,#6638,#6639);
#5815=AXIS2_PLACEMENT_3D('',#9829,#6640,#6641);
#5816=AXIS2_PLACEMENT_3D('',#9831,#6642,#6643);
#5817=AXIS2_PLACEMENT_3D('',#9833,#6644,#6645);
#5818=AXIS2_PLACEMENT_3D('',#9835,#6646,#6647);
#5819=AXIS2_PLACEMENT_3D('',#9837,#6648,#6649);
#5820=AXIS2_PLACEMENT_3D('',#9857,#6659,#6660);
#5821=AXIS2_PLACEMENT_3D('',#9859,#6661,#6662);
#5822=AXIS2_PLACEMENT_3D('',#9861,#6663,#6664);
#5823=AXIS2_PLACEMENT_3D('',#9863,#6665,#6666);
#5824=AXIS2_PLACEMENT_3D('',#9865,#6667,#6668);
#5825=AXIS2_PLACEMENT_3D('',#9867,#6669,#6670);
#5826=AXIS2_PLACEMENT_3D('',#9869,#6671,#6672);
#5827=AXIS2_PLACEMENT_3D('',#9871,#6673,#6674);
#5828=AXIS2_PLACEMENT_3D('',#9873,#6675,#6676);
#5829=AXIS2_PLACEMENT_3D('',#9875,#6677,#6678);
#5830=AXIS2_PLACEMENT_3D('',#9877,#6679,#6680);
#5831=AXIS2_PLACEMENT_3D('',#9879,#6681,#6682);
#5832=AXIS2_PLACEMENT_3D('',#9881,#6683,#6684);
#5833=AXIS2_PLACEMENT_3D('',#9883,#6685,#6686);
#5834=AXIS2_PLACEMENT_3D('',#9885,#6687,#6688);
#5835=AXIS2_PLACEMENT_3D('',#9900,#6696,#6697);
#5836=AXIS2_PLACEMENT_3D('',#9902,#6698,#6699);
#5837=AXIS2_PLACEMENT_3D('',#9904,#6700,#6701);
#5838=AXIS2_PLACEMENT_3D('',#9906,#6702,#6703);
#5839=AXIS2_PLACEMENT_3D('',#9908,#6704,#6705);
#5840=AXIS2_PLACEMENT_3D('',#9910,#6706,#6707);
#5841=AXIS2_PLACEMENT_3D('',#9912,#6708,#6709);
#5842=AXIS2_PLACEMENT_3D('',#9914,#6710,#6711);
#5843=AXIS2_PLACEMENT_3D('',#9916,#6712,#6713);
#5844=AXIS2_PLACEMENT_3D('',#9918,#6714,#6715);
#5845=AXIS2_PLACEMENT_3D('',#9920,#6716,#6717);
#5846=AXIS2_PLACEMENT_3D('',#9922,#6718,#6719);
#5847=AXIS2_PLACEMENT_3D('',#9924,#6720,#6721);
#5848=AXIS2_PLACEMENT_3D('',#9936,#6727,#6728);
#5849=AXIS2_PLACEMENT_3D('',#9938,#6729,#6730);
#5850=AXIS2_PLACEMENT_3D('',#9940,#6731,#6732);
#5851=AXIS2_PLACEMENT_3D('',#9942,#6733,#6734);
#5852=AXIS2_PLACEMENT_3D('',#9944,#6735,#6736);
#5853=AXIS2_PLACEMENT_3D('',#9946,#6737,#6738);
#5854=AXIS2_PLACEMENT_3D('',#9948,#6739,#6740);
#5855=AXIS2_PLACEMENT_3D('',#9950,#6741,#6742);
#5856=AXIS2_PLACEMENT_3D('',#9952,#6743,#6744);
#5857=AXIS2_PLACEMENT_3D('',#9956,#6747,#6748);
#5858=AXIS2_PLACEMENT_3D('',#9958,#6750,#6751);
#5859=AXIS2_PLACEMENT_3D('',#9967,#6756,#6757);
#5860=AXIS2_PLACEMENT_3D('',#9969,#6758,#6759);
#5861=AXIS2_PLACEMENT_3D('',#9971,#6760,#6761);
#5862=AXIS2_PLACEMENT_3D('',#9973,#6763,#6764);
#5863=AXIS2_PLACEMENT_3D('',#9979,#6768,#6769);
#5864=AXIS2_PLACEMENT_3D('',#9981,#6770,#6771);
#5865=AXIS2_PLACEMENT_3D('',#9983,#6772,#6773);
#5866=AXIS2_PLACEMENT_3D('',#9985,#6775,#6776);
#5867=AXIS2_PLACEMENT_3D('',#9991,#6780,#6781);
#5868=AXIS2_PLACEMENT_3D('',#9993,#6782,#6783);
#5869=AXIS2_PLACEMENT_3D('',#9995,#6784,#6785);
#5870=AXIS2_PLACEMENT_3D('',#9997,#6787,#6788);
#5871=AXIS2_PLACEMENT_3D('',#10003,#6792,#6793);
#5872=AXIS2_PLACEMENT_3D('',#10004,#6794,#6795);
#5873=AXIS2_PLACEMENT_3D('',#10005,#6796,#6797);
#5874=AXIS2_PLACEMENT_3D('',#10006,#6798,#6799);
#5875=AXIS2_PLACEMENT_3D('',#10015,#6804,#6805);
#5876=AXIS2_PLACEMENT_3D('',#10017,#6806,#6807);
#5877=AXIS2_PLACEMENT_3D('',#10019,#6808,#6809);
#5878=AXIS2_PLACEMENT_3D('',#10021,#6811,#6812);
#5879=AXIS2_PLACEMENT_3D('',#10027,#6816,#6817);
#5880=AXIS2_PLACEMENT_3D('',#10029,#6818,#6819);
#5881=AXIS2_PLACEMENT_3D('',#10031,#6820,#6821);
#5882=AXIS2_PLACEMENT_3D('',#10033,#6823,#6824);
#5883=AXIS2_PLACEMENT_3D('',#10039,#6828,#6829);
#5884=AXIS2_PLACEMENT_3D('',#10041,#6830,#6831);
#5885=AXIS2_PLACEMENT_3D('',#10043,#6832,#6833);
#5886=AXIS2_PLACEMENT_3D('',#10045,#6835,#6836);
#5887=AXIS2_PLACEMENT_3D('',#10051,#6840,#6841);
#5888=AXIS2_PLACEMENT_3D('',#10052,#6842,#6843);
#5889=AXIS2_PLACEMENT_3D('',#10053,#6844,#6845);
#5890=AXIS2_PLACEMENT_3D('',#10054,#6846,#6847);
#5891=AXIS2_PLACEMENT_3D('',#10057,#6848,#6849);
#5892=AXIS2_PLACEMENT_3D('',#10061,#6851,#6852);
#5893=AXIS2_PLACEMENT_3D('',#10224,#6856,#6857);
#5894=AXIS2_PLACEMENT_3D('',#10286,#6862,#6863);
#5895=AXIS2_PLACEMENT_3D('',#10367,#6868,#6869);
#5896=AXIS2_PLACEMENT_3D('',#10368,#6870,#6871);
#5897=AXIS2_PLACEMENT_3D('',#10369,#6872,#6873);
#5898=AXIS2_PLACEMENT_3D('',#10370,#6874,#6875);
#5899=AXIS2_PLACEMENT_3D('',#10375,#6878,#6879);
#5900=AXIS2_PLACEMENT_3D('',#10377,#6881,#6882);
#5901=AXIS2_PLACEMENT_3D('',#10379,#6884,#6885);
#5902=AXIS2_PLACEMENT_3D('',#10383,#6887,#6888);
#5903=AXIS2_PLACEMENT_3D('',#10387,#6890,#6891);
#5904=AXIS2_PLACEMENT_3D('',#10389,#6893,#6894);
#5905=AXIS2_PLACEMENT_3D('',#11139,#6895,#6896);
#5906=AXIS2_PLACEMENT_3D('',#11889,#6897,#6898);
#5907=AXIS2_PLACEMENT_3D('',#12639,#6899,#6900);
#5908=AXIS2_PLACEMENT_3D('',#13389,#6901,#6902);
#5909=AXIS2_PLACEMENT_3D('',#13391,#6903,#6904);
#5910=AXIS2_PLACEMENT_3D('',#13392,#6905,#6906);
#5911=AXIS2_PLACEMENT_3D('',#13394,#6907,#6908);
#5912=AXIS2_PLACEMENT_3D('',#13395,#6909,#6910);
#5913=AXIS2_PLACEMENT_3D('',#13397,#6911,#6912);
#5914=AXIS2_PLACEMENT_3D('',#13398,#6913,#6914);
#5915=AXIS2_PLACEMENT_3D('',#13400,#6915,#6916);
#5916=AXIS2_PLACEMENT_3D('',#13401,#6917,#6918);
#5917=AXIS2_PLACEMENT_3D('',#13407,#6922,#6923);
#5918=AXIS2_PLACEMENT_3D('',#13411,#6926,#6927);
#5919=AXIS2_PLACEMENT_3D('',#13412,#6928,#6929);
#5920=AXIS2_PLACEMENT_3D('',#13413,#6930,#6931);
#5921=AXIS2_PLACEMENT_3D('',#13419,#6935,#6936);
#5922=AXIS2_PLACEMENT_3D('',#13425,#6940,#6941);
#5923=AXIS2_PLACEMENT_3D('',#13429,#6944,#6945);
#5924=AXIS2_PLACEMENT_3D('',#13430,#6946,#6947);
#5925=AXIS2_PLACEMENT_3D('',#13431,#6948,#6949);
#5926=AXIS2_PLACEMENT_3D('',#13437,#6953,#6954);
#5927=AXIS2_PLACEMENT_3D('',#13443,#6958,#6959);
#5928=AXIS2_PLACEMENT_3D('',#13447,#6962,#6963);
#5929=AXIS2_PLACEMENT_3D('',#13448,#6964,#6965);
#5930=AXIS2_PLACEMENT_3D('',#13449,#6966,#6967);
#5931=AXIS2_PLACEMENT_3D('',#13455,#6971,#6972);
#5932=AXIS2_PLACEMENT_3D('',#13461,#6976,#6977);
#5933=AXIS2_PLACEMENT_3D('',#13465,#6980,#6981);
#5934=AXIS2_PLACEMENT_3D('',#13466,#6982,#6983);
#5935=AXIS2_PLACEMENT_3D('',#13467,#6984,#6985);
#5936=AXIS2_PLACEMENT_3D('',#13473,#6989,#6990);
#5937=AXIS2_PLACEMENT_3D('',#13476,#6992,#6993);
#5938=AXIS2_PLACEMENT_3D('',#13477,#6994,#6995);
#5939=AXIS2_PLACEMENT_3D('',#13481,#6998,#6999);
#5940=AXIS2_PLACEMENT_3D('',#13482,#7000,#7001);
#5941=AXIS2_PLACEMENT_3D('',#13483,#7002,#7003);
#5942=AXIS2_PLACEMENT_3D('',#13484,#7004,#7005);
#5943=AXIS2_PLACEMENT_3D('',#13485,#7006,#7007);
#5944=AXIS2_PLACEMENT_3D('',#13487,#7008,#7009);
#5945=AXIS2_PLACEMENT_3D('',#13489,#7011,#7012);
#5946=AXIS2_PLACEMENT_3D('',#13493,#7014,#7015);
#5947=AXIS2_PLACEMENT_3D('',#13495,#7016,#7017);
#5948=AXIS2_PLACEMENT_3D('',#13497,#7018,#7019);
#5949=AXIS2_PLACEMENT_3D('',#13498,#7020,#7021);
#5950=AXIS2_PLACEMENT_3D('',#13500,#7022,#7023);
#5951=AXIS2_PLACEMENT_3D('',#13502,#7024,#7025);
#5952=AXIS2_PLACEMENT_3D('',#13504,#7026,#7027);
#5953=AXIS2_PLACEMENT_3D('',#13506,#7028,#7029);
#5954=AXIS2_PLACEMENT_3D('',#13513,#7033,#7034);
#5955=AXIS2_PLACEMENT_3D('',#13515,#7035,#7036);
#5956=AXIS2_PLACEMENT_3D('',#13517,#7037,#7038);
#5957=AXIS2_PLACEMENT_3D('',#13519,#7039,#7040);
#5958=AXIS2_PLACEMENT_3D('',#13521,#7041,#7042);
#5959=AXIS2_PLACEMENT_3D('',#13523,#7043,#7044);
#5960=AXIS2_PLACEMENT_3D('',#13525,#7045,#7046);
#5961=AXIS2_PLACEMENT_3D('',#13527,#7047,#7048);
#5962=AXIS2_PLACEMENT_3D('',#13529,#7049,#7050);
#5963=AXIS2_PLACEMENT_3D('',#13531,#7051,#7052);
#5964=AXIS2_PLACEMENT_3D('',#13533,#7053,#7054);
#5965=AXIS2_PLACEMENT_3D('',#13535,#7055,#7056);
#5966=AXIS2_PLACEMENT_3D('',#13537,#7057,#7058);
#5967=AXIS2_PLACEMENT_3D('',#13539,#7059,#7060);
#5968=AXIS2_PLACEMENT_3D('',#13541,#7061,#7062);
#5969=AXIS2_PLACEMENT_3D('',#13545,#7064,#7065);
#5970=AXIS2_PLACEMENT_3D('',#13547,#7066,#7067);
#5971=AXIS2_PLACEMENT_3D('',#13549,#7068,#7069);
#5972=AXIS2_PLACEMENT_3D('',#13551,#7070,#7071);
#5973=AXIS2_PLACEMENT_3D('',#13553,#7072,#7073);
#5974=AXIS2_PLACEMENT_3D('',#13555,#7074,#7075);
#5975=AXIS2_PLACEMENT_3D('',#13557,#7076,#7077);
#5976=AXIS2_PLACEMENT_3D('',#13559,#7078,#7079);
#5977=AXIS2_PLACEMENT_3D('',#13561,#7080,#7081);
#5978=AXIS2_PLACEMENT_3D('',#13563,#7082,#7083);
#5979=AXIS2_PLACEMENT_3D('',#13565,#7084,#7085);
#5980=AXIS2_PLACEMENT_3D('',#13567,#7086,#7087);
#5981=AXIS2_PLACEMENT_3D('',#13569,#7088,#7089);
#5982=AXIS2_PLACEMENT_3D('',#13571,#7090,#7091);
#5983=AXIS2_PLACEMENT_3D('',#13573,#7092,#7093);
#5984=AXIS2_PLACEMENT_3D('',#13575,#7094,#7095);
#5985=AXIS2_PLACEMENT_3D('',#13577,#7096,#7097);
#5986=AXIS2_PLACEMENT_3D('',#13579,#7098,#7099);
#5987=AXIS2_PLACEMENT_3D('',#13581,#7100,#7101);
#5988=AXIS2_PLACEMENT_3D('',#13583,#7102,#7103);
#5989=AXIS2_PLACEMENT_3D('',#13585,#7104,#7105);
#5990=AXIS2_PLACEMENT_3D('',#13587,#7106,#7107);
#5991=AXIS2_PLACEMENT_3D('',#13589,#7108,#7109);
#5992=AXIS2_PLACEMENT_3D('',#13591,#7110,#7111);
#5993=AXIS2_PLACEMENT_3D('',#13593,#7112,#7113);
#5994=AXIS2_PLACEMENT_3D('',#13595,#7114,#7115);
#5995=AXIS2_PLACEMENT_3D('',#13597,#7116,#7117);
#5996=AXIS2_PLACEMENT_3D('',#13599,#7118,#7119);
#5997=AXIS2_PLACEMENT_3D('',#13601,#7120,#7121);
#5998=AXIS2_PLACEMENT_3D('',#13603,#7122,#7123);
#5999=AXIS2_PLACEMENT_3D('',#13605,#7124,#7125);
#6000=AXIS2_PLACEMENT_3D('',#13606,#7126,#7127);
#6001=AXIS2_PLACEMENT_3D('',#13608,#7128,#7129);
#6002=AXIS2_PLACEMENT_3D('',#13610,#7130,#7131);
#6003=AXIS2_PLACEMENT_3D('',#13612,#7132,#7133);
#6004=AXIS2_PLACEMENT_3D('',#13614,#7134,#7135);
#6005=AXIS2_PLACEMENT_3D('',#13615,#7136,#7137);
#6006=AXIS2_PLACEMENT_3D('',#13618,#7138,#7139);
#6007=AXIS2_PLACEMENT_3D('',#13621,#7142,#7143);
#6008=AXIS2_PLACEMENT_3D('',#13623,#7144,#7145);
#6009=AXIS2_PLACEMENT_3D('',#13625,#7147,#7148);
#6010=AXIS2_PLACEMENT_3D('',#13627,#7149,#7150);
#6011=AXIS2_PLACEMENT_3D('',#13629,#7152,#7153);
#6012=AXIS2_PLACEMENT_3D('',#13631,#7154,#7155);
#6013=AXIS2_PLACEMENT_3D('',#13633,#7157,#7158);
#6014=AXIS2_PLACEMENT_3D('',#13635,#7159,#7160);
#6015=AXIS2_PLACEMENT_3D('',#13637,#7162,#7163);
#6016=AXIS2_PLACEMENT_3D('',#13639,#7164,#7165);
#6017=AXIS2_PLACEMENT_3D('',#13641,#7167,#7168);
#6018=AXIS2_PLACEMENT_3D('',#13643,#7169,#7170);
#6019=AXIS2_PLACEMENT_3D('',#13645,#7172,#7173);
#6020=AXIS2_PLACEMENT_3D('',#13647,#7174,#7175);
#6021=AXIS2_PLACEMENT_3D('',#13649,#7177,#7178);
#6022=AXIS2_PLACEMENT_3D('',#13651,#7179,#7180);
#6023=AXIS2_PLACEMENT_3D('',#13653,#7182,#7183);
#6024=AXIS2_PLACEMENT_3D('',#13655,#7184,#7185);
#6025=AXIS2_PLACEMENT_3D('',#13657,#7187,#7188);
#6026=AXIS2_PLACEMENT_3D('',#13659,#7189,#7190);
#6027=AXIS2_PLACEMENT_3D('',#13661,#7192,#7193);
#6028=AXIS2_PLACEMENT_3D('',#13663,#7194,#7195);
#6029=AXIS2_PLACEMENT_3D('',#13665,#7197,#7198);
#6030=AXIS2_PLACEMENT_3D('',#13669,#7201,#7202);
#6031=AXIS2_PLACEMENT_3D('',#13673,#7205,#7206);
#6032=AXIS2_PLACEMENT_3D('',#13677,#7209,#7210);
#6033=AXIS2_PLACEMENT_3D('',#13681,#7213,#7214);
#6034=AXIS2_PLACEMENT_3D('',#13685,#7217,#7218);
#6035=AXIS2_PLACEMENT_3D('',#13687,#7219,#7220);
#6036=AXIS2_PLACEMENT_3D('',#13689,#7222,#7223);
#6037=AXIS2_PLACEMENT_3D('',#13691,#7224,#7225);
#6038=AXIS2_PLACEMENT_3D('',#13693,#7227,#7228);
#6039=AXIS2_PLACEMENT_3D('',#13695,#7229,#7230);
#6040=AXIS2_PLACEMENT_3D('',#13697,#7232,#7233);
#6041=AXIS2_PLACEMENT_3D('',#13699,#7234,#7235);
#6042=AXIS2_PLACEMENT_3D('',#13701,#7237,#7238);
#6043=AXIS2_PLACEMENT_3D('',#13703,#7239,#7240);
#6044=AXIS2_PLACEMENT_3D('',#13705,#7242,#7243);
#6045=AXIS2_PLACEMENT_3D('',#13707,#7244,#7245);
#6046=AXIS2_PLACEMENT_3D('',#13709,#7247,#7248);
#6047=AXIS2_PLACEMENT_3D('',#13711,#7249,#7250);
#6048=AXIS2_PLACEMENT_3D('',#13713,#7252,#7253);
#6049=AXIS2_PLACEMENT_3D('',#13715,#7254,#7255);
#6050=AXIS2_PLACEMENT_3D('',#13717,#7257,#7258);
#6051=AXIS2_PLACEMENT_3D('',#13719,#7259,#7260);
#6052=AXIS2_PLACEMENT_3D('',#13721,#7262,#7263);
#6053=AXIS2_PLACEMENT_3D('',#13725,#7266,#7267);
#6054=AXIS2_PLACEMENT_3D('',#13727,#7269,#7270);
#6055=AXIS2_PLACEMENT_3D('',#13731,#7273,#7274);
#6056=AXIS2_PLACEMENT_3D('',#13735,#7277,#7278);
#6057=AXIS2_PLACEMENT_3D('',#13736,#7279,#7280);
#6058=AXIS2_PLACEMENT_3D('',#13737,#7281,#7282);
#6059=AXIS2_PLACEMENT_3D('',#13740,#7283,#7284);
#6060=AXIS2_PLACEMENT_3D('',#13742,#7285,#7286);
#6061=AXIS2_PLACEMENT_3D('',#13744,#7287,#7288);
#6062=AXIS2_PLACEMENT_3D('',#13746,#7289,#7290);
#6063=AXIS2_PLACEMENT_3D('',#13748,#7291,#7292);
#6064=AXIS2_PLACEMENT_3D('',#13750,#7293,#7294);
#6065=AXIS2_PLACEMENT_3D('',#13752,#7295,#7296);
#6066=AXIS2_PLACEMENT_3D('',#13754,#7297,#7298);
#6067=AXIS2_PLACEMENT_3D('',#13756,#7299,#7300);
#6068=AXIS2_PLACEMENT_3D('',#13758,#7301,#7302);
#6069=AXIS2_PLACEMENT_3D('',#13760,#7303,#7304);
#6070=AXIS2_PLACEMENT_3D('',#13762,#7305,#7306);
#6071=AXIS2_PLACEMENT_3D('',#13764,#7307,#7308);
#6072=AXIS2_PLACEMENT_3D('',#13766,#7309,#7310);
#6073=AXIS2_PLACEMENT_3D('',#13768,#7311,#7312);
#6074=AXIS2_PLACEMENT_3D('',#13770,#7313,#7314);
#6075=AXIS2_PLACEMENT_3D('',#13772,#7315,#7316);
#6076=AXIS2_PLACEMENT_3D('',#13774,#7317,#7318);
#6077=AXIS2_PLACEMENT_3D('',#13776,#7319,#7320);
#6078=AXIS2_PLACEMENT_3D('',#13778,#7321,#7322);
#6079=AXIS2_PLACEMENT_3D('',#13780,#7323,#7324);
#6080=AXIS2_PLACEMENT_3D('',#13782,#7325,#7326);
#6081=AXIS2_PLACEMENT_3D('',#13784,#7327,#7328);
#6082=AXIS2_PLACEMENT_3D('',#13786,#7329,#7330);
#6083=AXIS2_PLACEMENT_3D('',#13788,#7331,#7332);
#6084=AXIS2_PLACEMENT_3D('',#13790,#7333,#7334);
#6085=AXIS2_PLACEMENT_3D('',#13792,#7335,#7336);
#6086=AXIS2_PLACEMENT_3D('',#13794,#7337,#7338);
#6087=AXIS2_PLACEMENT_3D('',#13796,#7339,#7340);
#6088=AXIS2_PLACEMENT_3D('',#13798,#7341,#7342);
#6089=AXIS2_PLACEMENT_3D('',#13800,#7343,#7344);
#6090=AXIS2_PLACEMENT_3D('',#13801,#7345,#7346);
#6091=AXIS2_PLACEMENT_3D('',#13804,#7347,#7348);
#6092=AXIS2_PLACEMENT_3D('',#13806,#7349,#7350);
#6093=AXIS2_PLACEMENT_3D('',#13808,#7351,#7352);
#6094=AXIS2_PLACEMENT_3D('',#13810,#7353,#7354);
#6095=AXIS2_PLACEMENT_3D('',#13812,#7355,#7356);
#6096=AXIS2_PLACEMENT_3D('',#13814,#7357,#7358);
#6097=AXIS2_PLACEMENT_3D('',#13816,#7359,#7360);
#6098=AXIS2_PLACEMENT_3D('',#13818,#7361,#7362);
#6099=AXIS2_PLACEMENT_3D('',#13820,#7363,#7364);
#6100=AXIS2_PLACEMENT_3D('',#13822,#7365,#7366);
#6101=AXIS2_PLACEMENT_3D('',#13824,#7367,#7368);
#6102=AXIS2_PLACEMENT_3D('',#13826,#7369,#7370);
#6103=AXIS2_PLACEMENT_3D('',#13828,#7371,#7372);
#6104=AXIS2_PLACEMENT_3D('',#13830,#7373,#7374);
#6105=AXIS2_PLACEMENT_3D('',#13832,#7375,#7376);
#6106=AXIS2_PLACEMENT_3D('',#13834,#7377,#7378);
#6107=AXIS2_PLACEMENT_3D('',#13836,#7379,#7380);
#6108=AXIS2_PLACEMENT_3D('',#13838,#7381,#7382);
#6109=AXIS2_PLACEMENT_3D('',#13840,#7383,#7384);
#6110=AXIS2_PLACEMENT_3D('',#13842,#7385,#7386);
#6111=AXIS2_PLACEMENT_3D('',#13844,#7387,#7388);
#6112=AXIS2_PLACEMENT_3D('',#13846,#7389,#7390);
#6113=AXIS2_PLACEMENT_3D('',#13848,#7391,#7392);
#6114=AXIS2_PLACEMENT_3D('',#13850,#7393,#7394);
#6115=AXIS2_PLACEMENT_3D('',#13852,#7395,#7396);
#6116=AXIS2_PLACEMENT_3D('',#13854,#7397,#7398);
#6117=AXIS2_PLACEMENT_3D('',#13856,#7399,#7400);
#6118=AXIS2_PLACEMENT_3D('',#13858,#7401,#7402);
#6119=AXIS2_PLACEMENT_3D('',#13860,#7403,#7404);
#6120=AXIS2_PLACEMENT_3D('',#13862,#7405,#7406);
#6121=AXIS2_PLACEMENT_3D('',#13864,#7407,#7408);
#6122=AXIS2_PLACEMENT_3D('',#13865,#7409,#7410);
#6123=AXIS2_PLACEMENT_3D('',#13866,#7411,#7412);
#6124=AXIS2_PLACEMENT_3D('',#13870,#7414,#7415);
#6125=AXIS2_PLACEMENT_3D('',#13872,#7417,#7418);
#6126=AXIS2_PLACEMENT_3D('',#13874,#7419,#7420);
#6127=AXIS2_PLACEMENT_3D('',#13876,#7422,#7423);
#6128=AXIS2_PLACEMENT_3D('',#13879,#7425,#7426);
#6129=AXIS2_PLACEMENT_3D('',#13880,#7427,#7428);
#6130=AXIS2_PLACEMENT_3D('',#13882,#7429,#7430);
#6131=AXIS2_PLACEMENT_3D('',#13884,#7432,#7433);
#6132=AXIS2_PLACEMENT_3D('',#13887,#7435,#7436);
#6133=AXIS2_PLACEMENT_3D('',#13888,#7437,#7438);
#6134=AXIS2_PLACEMENT_3D('',#13890,#7439,#7440);
#6135=AXIS2_PLACEMENT_3D('',#13892,#7442,#7443);
#6136=AXIS2_PLACEMENT_3D('',#13895,#7445,#7446);
#6137=AXIS2_PLACEMENT_3D('',#13896,#7447,#7448);
#6138=AXIS2_PLACEMENT_3D('',#13898,#7449,#7450);
#6139=AXIS2_PLACEMENT_3D('',#13900,#7452,#7453);
#6140=AXIS2_PLACEMENT_3D('',#13903,#7455,#7456);
#6141=AXIS2_PLACEMENT_3D('',#13904,#7457,#7458);
#6142=AXIS2_PLACEMENT_3D('',#13906,#7459,#7460);
#6143=AXIS2_PLACEMENT_3D('',#13908,#7462,#7463);
#6144=AXIS2_PLACEMENT_3D('',#13911,#7465,#7466);
#6145=AXIS2_PLACEMENT_3D('',#13912,#7467,#7468);
#6146=AXIS2_PLACEMENT_3D('',#13914,#7469,#7470);
#6147=AXIS2_PLACEMENT_3D('',#13916,#7472,#7473);
#6148=AXIS2_PLACEMENT_3D('',#13919,#7475,#7476);
#6149=AXIS2_PLACEMENT_3D('',#13920,#7477,#7478);
#6150=AXIS2_PLACEMENT_3D('',#13922,#7479,#7480);
#6151=AXIS2_PLACEMENT_3D('',#13924,#7482,#7483);
#6152=AXIS2_PLACEMENT_3D('',#13927,#7485,#7486);
#6153=AXIS2_PLACEMENT_3D('',#13928,#7487,#7488);
#6154=AXIS2_PLACEMENT_3D('',#13930,#7489,#7490);
#6155=AXIS2_PLACEMENT_3D('',#13932,#7492,#7493);
#6156=AXIS2_PLACEMENT_3D('',#13935,#7495,#7496);
#6157=AXIS2_PLACEMENT_3D('',#13936,#7497,#7498);
#6158=AXIS2_PLACEMENT_3D('',#13938,#7499,#7500);
#6159=AXIS2_PLACEMENT_3D('',#13940,#7502,#7503);
#6160=AXIS2_PLACEMENT_3D('',#13943,#7505,#7506);
#6161=AXIS2_PLACEMENT_3D('',#13944,#7507,#7508);
#6162=AXIS2_PLACEMENT_3D('',#13946,#7509,#7510);
#6163=AXIS2_PLACEMENT_3D('',#13948,#7512,#7513);
#6164=AXIS2_PLACEMENT_3D('',#13951,#7515,#7516);
#6165=AXIS2_PLACEMENT_3D('',#13952,#7517,#7518);
#6166=AXIS2_PLACEMENT_3D('',#13954,#7519,#7520);
#6167=AXIS2_PLACEMENT_3D('',#13956,#7522,#7523);
#6168=AXIS2_PLACEMENT_3D('',#13959,#7525,#7526);
#6169=AXIS2_PLACEMENT_3D('',#13960,#7527,#7528);
#6170=AXIS2_PLACEMENT_3D('',#13962,#7529,#7530);
#6171=AXIS2_PLACEMENT_3D('',#13964,#7532,#7533);
#6172=AXIS2_PLACEMENT_3D('',#13967,#7535,#7536);
#6173=AXIS2_PLACEMENT_3D('',#13968,#7537,#7538);
#6174=AXIS2_PLACEMENT_3D('',#13970,#7539,#7540);
#6175=AXIS2_PLACEMENT_3D('',#13972,#7542,#7543);
#6176=AXIS2_PLACEMENT_3D('',#13975,#7545,#7546);
#6177=AXIS2_PLACEMENT_3D('',#13976,#7547,#7548);
#6178=AXIS2_PLACEMENT_3D('',#13978,#7549,#7550);
#6179=AXIS2_PLACEMENT_3D('',#13980,#7552,#7553);
#6180=AXIS2_PLACEMENT_3D('',#13983,#7555,#7556);
#6181=AXIS2_PLACEMENT_3D('',#13984,#7557,#7558);
#6182=AXIS2_PLACEMENT_3D('',#13986,#7559,#7560);
#6183=AXIS2_PLACEMENT_3D('',#13988,#7562,#7563);
#6184=AXIS2_PLACEMENT_3D('',#13991,#7565,#7566);
#6185=AXIS2_PLACEMENT_3D('',#13992,#7567,#7568);
#6186=AXIS2_PLACEMENT_3D('',#13993,#7569,#7570);
#6187=AXIS2_PLACEMENT_3D('',#13994,#7571,#7572);
#6188=AXIS2_PLACEMENT_3D('',#13997,#7575,#7576);
#6189=AXIS2_PLACEMENT_3D('',#13999,#7578,#7579);
#6190=AXIS2_PLACEMENT_3D('',#14001,#7581,#7582);
#6191=AXIS2_PLACEMENT_3D('',#14003,#7584,#7585);
#6192=AXIS2_PLACEMENT_3D('',#14005,#7587,#7588);
#6193=AXIS2_PLACEMENT_3D('',#14007,#7590,#7591);
#6194=AXIS2_PLACEMENT_3D('',#14009,#7593,#7594);
#6195=AXIS2_PLACEMENT_3D('',#14011,#7596,#7597);
#6196=AXIS2_PLACEMENT_3D('',#14013,#7599,#7600);
#6197=AXIS2_PLACEMENT_3D('',#14015,#7602,#7603);
#6198=AXIS2_PLACEMENT_3D('',#14017,#7605,#7606);
#6199=AXIS2_PLACEMENT_3D('',#14019,#7608,#7609);
#6200=AXIS2_PLACEMENT_3D('',#14021,#7611,#7612);
#6201=AXIS2_PLACEMENT_3D('',#14023,#7614,#7615);
#6202=AXIS2_PLACEMENT_3D('',#14025,#7617,#7618);
#6203=AXIS2_PLACEMENT_3D('',#14027,#7620,#7621);
#6204=AXIS2_PLACEMENT_3D('',#14029,#7623,#7624);
#6205=AXIS2_PLACEMENT_3D('',#14031,#7626,#7627);
#6206=AXIS2_PLACEMENT_3D('',#14033,#7629,#7630);
#6207=AXIS2_PLACEMENT_3D('',#14035,#7632,#7633);
#6208=AXIS2_PLACEMENT_3D('',#14037,#7635,#7636);
#6209=AXIS2_PLACEMENT_3D('',#14039,#7638,#7639);
#6210=AXIS2_PLACEMENT_3D('',#14041,#7641,#7642);
#6211=AXIS2_PLACEMENT_3D('',#14043,#7644,#7645);
#6212=AXIS2_PLACEMENT_3D('',#14045,#7647,#7648);
#6213=AXIS2_PLACEMENT_3D('',#14047,#7650,#7651);
#6214=AXIS2_PLACEMENT_3D('',#14049,#7653,#7654);
#6215=AXIS2_PLACEMENT_3D('',#14051,#7656,#7657);
#6216=AXIS2_PLACEMENT_3D('',#14053,#7659,#7660);
#6217=AXIS2_PLACEMENT_3D('',#14055,#7662,#7663);
#6218=AXIS2_PLACEMENT_3D('',#14057,#7665,#7666);
#6219=AXIS2_PLACEMENT_3D('',#14058,#7667,#7668);
#6220=AXIS2_PLACEMENT_3D('',#14061,#7671,#7672);
#6221=AXIS2_PLACEMENT_3D('',#14063,#7674,#7675);
#6222=AXIS2_PLACEMENT_3D('',#14065,#7677,#7678);
#6223=AXIS2_PLACEMENT_3D('',#14066,#7679,#7680);
#6224=AXIS2_PLACEMENT_3D('',#14068,#7682,#7683);
#6225=AXIS2_PLACEMENT_3D('',#14070,#7685,#7686);
#6226=AXIS2_PLACEMENT_3D('',#14072,#7688,#7689);
#6227=AXIS2_PLACEMENT_3D('',#14074,#7691,#7692);
#6228=AXIS2_PLACEMENT_3D('',#14075,#7693,#7694);
#6229=AXIS2_PLACEMENT_3D('',#14077,#7696,#7697);
#6230=AXIS2_PLACEMENT_3D('',#14079,#7699,#7700);
#6231=AXIS2_PLACEMENT_3D('',#14081,#7702,#7703);
#6232=AXIS2_PLACEMENT_3D('',#14083,#7705,#7706);
#6233=AXIS2_PLACEMENT_3D('',#14086,#7707,#7708);
#6234=AXIS2_PLACEMENT_3D('',#14088,#7709,#7710);
#6235=AXIS2_PLACEMENT_3D('',#14090,#7711,#7712);
#6236=AXIS2_PLACEMENT_3D('',#14092,#7713,#7714);
#6237=AXIS2_PLACEMENT_3D('',#14094,#7715,#7716);
#6238=AXIS2_PLACEMENT_3D('',#14096,#7717,#7718);
#6239=AXIS2_PLACEMENT_3D('',#14098,#7719,#7720);
#6240=AXIS2_PLACEMENT_3D('',#14100,#7721,#7722);
#6241=AXIS2_PLACEMENT_3D('',#14102,#7723,#7724);
#6242=AXIS2_PLACEMENT_3D('',#14114,#7730,#7731);
#6243=AXIS2_PLACEMENT_3D('',#14115,#7732,#7733);
#6244=AXIS2_PLACEMENT_3D('',#14117,#7734,#7735);
#6245=AXIS2_PLACEMENT_3D('',#14119,#7736,#7737);
#6246=AXIS2_PLACEMENT_3D('',#14121,#7738,#7739);
#6247=AXIS2_PLACEMENT_3D('',#14133,#7745,#7746);
#6248=AXIS2_PLACEMENT_3D('',#14134,#7747,#7748);
#6249=AXIS2_PLACEMENT_3D('',#14135,#7749,#7750);
#6250=AXIS2_PLACEMENT_3D('',#14137,#7752,#7753);
#6251=AXIS2_PLACEMENT_3D('',#14139,#7755,#7756);
#6252=AXIS2_PLACEMENT_3D('',#14141,#7758,#7759);
#6253=AXIS2_PLACEMENT_3D('',#14143,#7761,#7762);
#6254=AXIS2_PLACEMENT_3D('',#14145,#7764,#7765);
#6255=AXIS2_PLACEMENT_3D('',#14147,#7767,#7768);
#6256=AXIS2_PLACEMENT_3D('',#14149,#7770,#7771);
#6257=AXIS2_PLACEMENT_3D('',#14151,#7773,#7774);
#6258=AXIS2_PLACEMENT_3D('',#14153,#7776,#7777);
#6259=AXIS2_PLACEMENT_3D('',#14155,#7779,#7780);
#6260=AXIS2_PLACEMENT_3D('',#14157,#7782,#7783);
#6261=AXIS2_PLACEMENT_3D('',#14159,#7785,#7786);
#6262=AXIS2_PLACEMENT_3D('',#14160,#7787,#7788);
#6263=AXIS2_PLACEMENT_3D('',#14164,#7790,#7791);
#6264=AXIS2_PLACEMENT_3D('',#14166,#7793,#7794);
#6265=AXIS2_PLACEMENT_3D('',#14170,#7797,#7798);
#6266=AXIS2_PLACEMENT_3D('',#14174,#7801,#7802);
#6267=AXIS2_PLACEMENT_3D('',#14178,#7805,#7806);
#6268=AXIS2_PLACEMENT_3D('',#14182,#7809,#7810);
#6269=AXIS2_PLACEMENT_3D('',#14186,#7813,#7814);
#6270=AXIS2_PLACEMENT_3D('',#14189,#7816,#7817);
#6271=AXIS2_PLACEMENT_3D('',#14190,#7818,#7819);
#6272=AXIS2_PLACEMENT_3D('',#14193,#7821,#7822);
#6273=AXIS2_PLACEMENT_3D('',#14194,#7823,#7824);
#6274=AXIS2_PLACEMENT_3D('',#14197,#7826,#7827);
#6275=AXIS2_PLACEMENT_3D('',#14198,#7828,#7829);
#6276=AXIS2_PLACEMENT_3D('',#14201,#7831,#7832);
#6277=AXIS2_PLACEMENT_3D('',#14202,#7833,#7834);
#6278=AXIS2_PLACEMENT_3D('',#14205,#7836,#7837);
#6279=AXIS2_PLACEMENT_3D('',#14206,#7838,#7839);
#6280=AXIS2_PLACEMENT_3D('',#14209,#7841,#7842);
#6281=AXIS2_PLACEMENT_3D('',#14210,#7843,#7844);
#6282=AXIS2_PLACEMENT_3D('',#14213,#7846,#7847);
#6283=AXIS2_PLACEMENT_3D('',#14214,#7848,#7849);
#6284=AXIS2_PLACEMENT_3D('',#14215,#7850,#7851);
#6285=AXIS2_PLACEMENT_3D('',#14216,#7852,#7853);
#6286=AXIS2_PLACEMENT_3D('',#14217,#7854,#7855);
#6287=AXIS2_PLACEMENT_3D('',#14218,#7856,#7857);
#6288=AXIS2_PLACEMENT_3D('',#14219,#7858,#7859);
#6289=AXIS2_PLACEMENT_3D('',#14220,#7860,#7861);
#6290=AXIS2_PLACEMENT_3D('',#14221,#7862,#7863);
#6291=AXIS2_PLACEMENT_3D('',#14222,#7864,#7865);
#6292=AXIS2_PLACEMENT_3D('',#14224,#7867,#7868);
#6293=AXIS2_PLACEMENT_3D('',#14226,#7870,#7871);
#6294=AXIS2_PLACEMENT_3D('',#14228,#7873,#7874);
#6295=AXIS2_PLACEMENT_3D('',#14230,#7876,#7877);
#6296=AXIS2_PLACEMENT_3D('',#14232,#7879,#7880);
#6297=AXIS2_PLACEMENT_3D('',#14233,#7881,#7882);
#6298=AXIS2_PLACEMENT_3D('',#14236,#7883,#7884);
#6299=AXIS2_PLACEMENT_3D('',#14238,#7885,#7886);
#6300=AXIS2_PLACEMENT_3D('',#14240,#7887,#7888);
#6301=AXIS2_PLACEMENT_3D('',#14252,#7894,#7895);
#6302=AXIS2_PLACEMENT_3D('',#14254,#7896,#7897);
#6303=AXIS2_PLACEMENT_3D('',#14255,#7898,#7899);
#6304=AXIS2_PLACEMENT_3D('',#14256,#7900,#7901);
#6305=AXIS2_PLACEMENT_3D('',#14257,#7902,#7903);
#6306=AXIS2_PLACEMENT_3D('',#14258,#7904,#7905);
#6307=AXIS2_PLACEMENT_3D('',#14261,#7908,#7909);
#6308=AXIS2_PLACEMENT_3D('',#14263,#7911,#7912);
#6309=AXIS2_PLACEMENT_3D('',#14265,#7914,#7915);
#6310=AXIS2_PLACEMENT_3D('',#14267,#7917,#7918);
#6311=AXIS2_PLACEMENT_3D('',#14269,#7920,#7921);
#6312=AXIS2_PLACEMENT_3D('',#14271,#7923,#7924);
#6313=AXIS2_PLACEMENT_3D('',#14273,#7926,#7927);
#6314=AXIS2_PLACEMENT_3D('',#14275,#7929,#7930);
#6315=AXIS2_PLACEMENT_3D('',#14277,#7932,#7933);
#6316=AXIS2_PLACEMENT_3D('',#14278,#7934,#7935);
#6317=AXIS2_PLACEMENT_3D('',#14279,#7936,#7937);
#6318=AXIS2_PLACEMENT_3D('',#14281,#7939,#7940);
#6319=DIRECTION('axis',(0.,0.,1.));
#6320=DIRECTION('refdir',(1.,0.,0.));
#6321=DIRECTION('center_axis',(0.,0.,-1.));
#6322=DIRECTION('ref_axis',(-0.892447035006128,-0.451152180210592,0.));
#6323=DIRECTION('',(0.,0.,-1.));
#6324=DIRECTION('center_axis',(0.,0.,-1.));
#6325=DIRECTION('ref_axis',(-1.,0.,0.));
#6326=DIRECTION('center_axis',(0.,0.,-1.));
#6327=DIRECTION('ref_axis',(-1.,0.,0.));
#6328=DIRECTION('',(0.,0.,-1.));
#6329=DIRECTION('center_axis',(0.,0.,-1.));
#6330=DIRECTION('ref_axis',(-1.,0.,0.));
#6331=DIRECTION('',(0.,0.,-1.));
#6332=DIRECTION('center_axis',(0.,0.,-1.));
#6333=DIRECTION('ref_axis',(-1.,0.,0.));
#6334=DIRECTION('',(0.,0.,-1.));
#6335=DIRECTION('center_axis',(0.,0.,-1.));
#6336=DIRECTION('ref_axis',(-1.,0.,0.));
#6337=DIRECTION('',(0.,0.,-1.));
#6338=DIRECTION('center_axis',(0.,0.,-1.));
#6339=DIRECTION('ref_axis',(-0.934845491356551,0.355054794771636,0.));
#6340=DIRECTION('',(0.,0.,-1.));
#6341=DIRECTION('center_axis',(0.,0.,-1.));
#6342=DIRECTION('ref_axis',(-1.,0.,0.));
#6343=DIRECTION('center_axis',(0.,0.,-1.));
#6344=DIRECTION('ref_axis',(-0.892444274770535,-0.451157640331286,0.));
#6345=DIRECTION('',(0.,0.,-1.));
#6346=DIRECTION('center_axis',(0.,0.,-1.));
#6347=DIRECTION('ref_axis',(-1.,0.,0.));
#6348=DIRECTION('center_axis',(0.,0.,-1.));
#6349=DIRECTION('ref_axis',(-1.,0.,0.));
#6350=DIRECTION('',(0.,0.,-1.));
#6351=DIRECTION('center_axis',(0.,0.,-1.));
#6352=DIRECTION('ref_axis',(-1.,0.,0.));
#6353=DIRECTION('',(0.,0.,-1.));
#6354=DIRECTION('center_axis',(0.,0.,-1.));
#6355=DIRECTION('ref_axis',(-1.,0.,0.));
#6356=DIRECTION('',(0.,0.,-1.));
#6357=DIRECTION('center_axis',(0.,0.,-1.));
#6358=DIRECTION('ref_axis',(-1.,0.,0.));
#6359=DIRECTION('',(0.,0.,-1.));
#6360=DIRECTION('center_axis',(0.,0.,-1.));
#6361=DIRECTION('ref_axis',(-0.934842998542615,0.355061358184543,0.));
#6362=DIRECTION('',(0.,0.,-1.));
#6363=DIRECTION('center_axis',(0.,0.,-1.));
#6364=DIRECTION('ref_axis',(-1.,0.,0.));
#6365=DIRECTION('center_axis',(0.,0.,-1.));
#6366=DIRECTION('ref_axis',(-0.892446761632244,-0.451152720984947,0.));
#6367=DIRECTION('',(0.,0.,-1.));
#6368=DIRECTION('center_axis',(0.,0.,-1.));
#6369=DIRECTION('ref_axis',(-1.,0.,0.));
#6370=DIRECTION('center_axis',(0.,0.,-1.));
#6371=DIRECTION('ref_axis',(-1.,0.,0.));
#6372=DIRECTION('',(0.,0.,-1.));
#6373=DIRECTION('center_axis',(0.,0.,-1.));
#6374=DIRECTION('ref_axis',(-1.,0.,0.));
#6375=DIRECTION('',(0.,0.,-1.));
#6376=DIRECTION('center_axis',(0.,0.,-1.));
#6377=DIRECTION('ref_axis',(-1.,0.,0.));
#6378=DIRECTION('',(0.,0.,-1.));
#6379=DIRECTION('center_axis',(0.,0.,-1.));
#6380=DIRECTION('ref_axis',(-1.,0.,0.));
#6381=DIRECTION('',(0.,0.,-1.));
#6382=DIRECTION('center_axis',(0.,0.,-1.));
#6383=DIRECTION('ref_axis',(-0.934845204789136,0.355055549291597,0.));
#6384=DIRECTION('',(0.,0.,-1.));
#6385=DIRECTION('center_axis',(0.,0.,-1.));
#6386=DIRECTION('ref_axis',(-1.,0.,0.));
#6387=DIRECTION('center_axis',(0.,0.,-1.));
#6388=DIRECTION('ref_axis',(-0.892446154566361,-0.45115392184898,0.));
#6389=DIRECTION('',(0.,0.,-1.));
#6390=DIRECTION('center_axis',(0.,0.,-1.));
#6391=DIRECTION('ref_axis',(-1.,0.,0.));
#6392=DIRECTION('center_axis',(0.,0.,-1.));
#6393=DIRECTION('ref_axis',(-1.,0.,0.));
#6394=DIRECTION('',(0.,0.,-1.));
#6395=DIRECTION('center_axis',(0.,0.,-1.));
#6396=DIRECTION('ref_axis',(-1.,0.,0.));
#6397=DIRECTION('',(0.,0.,-1.));
#6398=DIRECTION('center_axis',(0.,0.,-1.));
#6399=DIRECTION('ref_axis',(-1.,0.,0.));
#6400=DIRECTION('',(0.,0.,-1.));
#6401=DIRECTION('center_axis',(0.,0.,-1.));
#6402=DIRECTION('ref_axis',(-1.,0.,0.));
#6403=DIRECTION('',(0.,0.,-1.));
#6404=DIRECTION('center_axis',(0.,0.,-1.));
#6405=DIRECTION('ref_axis',(-0.934844653746356,0.355057000158926,0.));
#6406=DIRECTION('',(0.,0.,-1.));
#6407=DIRECTION('center_axis',(0.,0.,-1.));
#6408=DIRECTION('ref_axis',(-1.,0.,0.));
#6409=DIRECTION('center_axis',(0.,0.,-1.));
#6410=DIRECTION('ref_axis',(0.688397673192884,-0.725333470579308,0.));
#6411=DIRECTION('',(-1.22464679914735E-16,1.7013617199313E-30,-1.));
#6412=DIRECTION('center_axis',(0.,0.,1.));
#6413=DIRECTION('ref_axis',(-1.,1.37702080573663E-14,0.));
#6414=DIRECTION('center_axis',(0.,0.,-1.));
#6415=DIRECTION('ref_axis',(-1.,1.37702080573663E-14,0.));
#6416=DIRECTION('',(-1.22464679914735E-16,1.7013617199313E-30,-1.));
#6417=DIRECTION('center_axis',(0.,0.,-1.));
#6418=DIRECTION('ref_axis',(-1.,1.37702080573663E-14,0.));
#6419=DIRECTION('',(-1.22464679914735E-16,1.7013617199313E-30,-1.));
#6420=DIRECTION('center_axis',(0.,0.,-1.));
#6421=DIRECTION('ref_axis',(-1.,1.37702080573663E-14,0.));
#6422=DIRECTION('',(-1.22464679914735E-16,1.7013617199313E-30,-1.));
#6423=DIRECTION('center_axis',(0.,0.,-1.));
#6424=DIRECTION('ref_axis',(-1.,1.37702080573663E-14,0.));
#6425=DIRECTION('',(-1.22464679914735E-16,1.7013617199313E-30,-1.));
#6426=DIRECTION('center_axis',(0.,0.,-1.));
#6427=DIRECTION('ref_axis',(-1.,1.37702080573663E-14,0.));
#6428=DIRECTION('',(-1.22464679914735E-16,1.7013617199313E-30,-1.));
#6429=DIRECTION('center_axis',(0.,0.,-1.));
#6430=DIRECTION('ref_axis',(0.608459051976567,0.793585270823355,0.));
#6431=DIRECTION('',(-1.22464679914735E-16,1.7013617199313E-30,-1.));
#6432=DIRECTION('center_axis',(0.,0.,-1.));
#6433=DIRECTION('ref_axis',(-1.,1.37702080573663E-14,0.));
#6434=DIRECTION('center_axis',(0.,0.,-1.));
#6435=DIRECTION('ref_axis',(0.688393673143394,-0.725337266915293,0.));
#6436=DIRECTION('',(-1.22464679914735E-16,8.58179658878957E-31,-1.));
#6437=DIRECTION('center_axis',(0.,0.,1.));
#6438=DIRECTION('ref_axis',(-1.,6.88510402868316E-15,0.));
#6439=DIRECTION('center_axis',(0.,0.,-1.));
#6440=DIRECTION('ref_axis',(-1.,6.88510402868316E-15,0.));
#6441=DIRECTION('',(-1.22464679914735E-16,8.58179658878957E-31,-1.));
#6442=DIRECTION('center_axis',(0.,0.,-1.));
#6443=DIRECTION('ref_axis',(-1.,6.88510402868316E-15,0.));
#6444=DIRECTION('',(-1.22464679914735E-16,8.58179658878957E-31,-1.));
#6445=DIRECTION('center_axis',(0.,0.,-1.));
#6446=DIRECTION('ref_axis',(-1.,6.88510402868316E-15,0.));
#6447=DIRECTION('',(-1.22464679914735E-16,8.58179658878957E-31,-1.));
#6448=DIRECTION('center_axis',(0.,0.,-1.));
#6449=DIRECTION('ref_axis',(-1.,6.88510402868316E-15,0.));
#6450=DIRECTION('',(-1.22464679914735E-16,8.58179658878957E-31,-1.));
#6451=DIRECTION('center_axis',(0.,0.,-1.));
#6452=DIRECTION('ref_axis',(-1.,6.88510402868316E-15,0.));
#6453=DIRECTION('',(-1.22464679914735E-16,8.58179658878957E-31,-1.));
#6454=DIRECTION('center_axis',(0.,0.,-1.));
#6455=DIRECTION('ref_axis',(0.60845352052054,0.793589511880141,0.));
#6456=DIRECTION('',(-1.22464679914735E-16,8.58179658878957E-31,-1.));
#6457=DIRECTION('center_axis',(0.,0.,-1.));
#6458=DIRECTION('ref_axis',(-1.,6.88510402868316E-15,0.));
#6459=DIRECTION('center_axis',(0.,0.,-1.));
#6460=DIRECTION('ref_axis',(0.688393232403704,-0.725337685206539,0.));
#6461=DIRECTION('',(-1.22464679914735E-16,8.58179658878957E-31,-1.));
#6462=DIRECTION('center_axis',(0.,0.,1.));
#6463=DIRECTION('ref_axis',(-1.,6.88510402868316E-15,0.));
#6464=DIRECTION('center_axis',(0.,0.,-1.));
#6465=DIRECTION('ref_axis',(-1.,6.88510402868316E-15,0.));
#6466=DIRECTION('',(-1.22464679914735E-16,8.58179658878957E-31,-1.));
#6467=DIRECTION('center_axis',(0.,0.,-1.));
#6468=DIRECTION('ref_axis',(-1.,6.88510402868316E-15,0.));
#6469=DIRECTION('',(-1.22464679914735E-16,8.58179658878957E-31,-1.));
#6470=DIRECTION('center_axis',(0.,0.,-1.));
#6471=DIRECTION('ref_axis',(-1.,6.88510402868316E-15,0.));
#6472=DIRECTION('',(-1.22464679914735E-16,8.58179658878957E-31,-1.));
#6473=DIRECTION('center_axis',(0.,0.,-1.));
#6474=DIRECTION('ref_axis',(-1.,6.88510402868316E-15,0.));
#6475=DIRECTION('',(-1.22464679914735E-16,8.58179658878957E-31,-1.));
#6476=DIRECTION('center_axis',(0.,0.,-1.));
#6477=DIRECTION('ref_axis',(-1.,6.88510402868316E-15,0.));
#6478=DIRECTION('',(-1.22464679914735E-16,8.58179658878957E-31,-1.));
#6479=DIRECTION('center_axis',(0.,0.,-1.));
#6480=DIRECTION('ref_axis',(0.608452422197507,0.793590353974887,0.));
#6481=DIRECTION('',(-1.22464679914735E-16,8.58179658878957E-31,-1.));
#6482=DIRECTION('center_axis',(0.,0.,-1.));
#6483=DIRECTION('ref_axis',(-1.,6.88510402868316E-15,0.));
#6484=DIRECTION('center_axis',(0.,0.,-1.));
#6485=DIRECTION('ref_axis',(0.688394649948027,-0.725336339860987,0.));
#6486=DIRECTION('',(-1.22464679914735E-16,1.7013617199313E-30,-1.));
#6487=DIRECTION('center_axis',(0.,0.,1.));
#6488=DIRECTION('ref_axis',(-1.,1.37702080573663E-14,0.));
#6489=DIRECTION('center_axis',(0.,0.,-1.));
#6490=DIRECTION('ref_axis',(-1.,1.37702080573663E-14,0.));
#6491=DIRECTION('',(-1.22464679914735E-16,1.7013617199313E-30,-1.));
#6492=DIRECTION('center_axis',(0.,0.,-1.));
#6493=DIRECTION('ref_axis',(-1.,1.37702080573663E-14,0.));
#6494=DIRECTION('',(-1.22464679914735E-16,1.7013617199313E-30,-1.));
#6495=DIRECTION('center_axis',(0.,0.,-1.));
#6496=DIRECTION('ref_axis',(-1.,1.37702080573663E-14,0.));
#6497=DIRECTION('',(-1.22464679914735E-16,1.7013617199313E-30,-1.));
#6498=DIRECTION('center_axis',(0.,0.,-1.));
#6499=DIRECTION('ref_axis',(-1.,1.37702080573663E-14,0.));
#6500=DIRECTION('',(-1.22464679914735E-16,1.7013617199313E-30,-1.));
#6501=DIRECTION('center_axis',(0.,0.,-1.));
#6502=DIRECTION('ref_axis',(-1.,1.37702080573663E-14,0.));
#6503=DIRECTION('',(-1.22464679914735E-16,1.7013617199313E-30,-1.));
#6504=DIRECTION('center_axis',(0.,0.,-1.));
#6505=DIRECTION('ref_axis',(0.608455041734366,0.793588345547004,0.));
#6506=DIRECTION('',(-1.22464679914735E-16,1.7013617199313E-30,-1.));
#6507=DIRECTION('center_axis',(0.,0.,-1.));
#6508=DIRECTION('ref_axis',(-1.,1.37702080573663E-14,0.));
#6509=DIRECTION('center_axis',(0.,-1.,0.));
#6510=DIRECTION('ref_axis',(-1.,0.,-1.39757486629283E-13));
#6511=DIRECTION('center_axis',(0.,1.,0.));
#6512=DIRECTION('ref_axis',(-1.,0.,-1.39757486629283E-13));
#6513=DIRECTION('',(0.,-1.,0.));
#6514=DIRECTION('center_axis',(0.,-1.,0.));
#6515=DIRECTION('ref_axis',(-1.,0.,-1.39757486629283E-13));
#6516=DIRECTION('',(0.,-1.,0.));
#6517=DIRECTION('center_axis',(0.,1.,0.));
#6518=DIRECTION('ref_axis',(-1.,0.,-1.39757486629283E-13));
#6519=DIRECTION('',(0.,1.,0.));
#6520=DIRECTION('center_axis',(3.64007549057427E-16,0.,1.));
#6521=DIRECTION('ref_axis',(-1.,0.,3.64007549057427E-16));
#6522=DIRECTION('',(1.,0.,-3.64007549057427E-16));
#6523=DIRECTION('',(-1.,0.,3.64007549057427E-16));
#6524=DIRECTION('',(0.,-1.,0.));
#6525=DIRECTION('center_axis',(0.,-1.,0.));
#6526=DIRECTION('ref_axis',(2.08983157576497E-14,0.,1.));
#6527=DIRECTION('center_axis',(0.,1.,0.));
#6528=DIRECTION('ref_axis',(2.08983157576497E-14,0.,1.));
#6529=DIRECTION('center_axis',(0.,-1.,0.));
#6530=DIRECTION('ref_axis',(2.08983157576497E-14,0.,1.));
#6531=DIRECTION('',(0.,-1.,0.));
#6532=DIRECTION('center_axis',(0.,1.,0.));
#6533=DIRECTION('ref_axis',(2.08983157576497E-14,0.,1.));
#6534=DIRECTION('',(0.,-1.,0.));
#6535=DIRECTION('center_axis',(8.14466891016E-14,0.,-1.));
#6536=DIRECTION('ref_axis',(1.,0.,8.14466891016E-14));
#6537=DIRECTION('',(-1.,0.,-8.14466891016E-14));
#6538=DIRECTION('',(0.,-1.,0.));
#6539=DIRECTION('',(1.,0.,8.14466891016E-14));
#6540=DIRECTION('',(0.,-1.,0.));
#6541=DIRECTION('center_axis',(0.,-1.,0.));
#6542=DIRECTION('ref_axis',(4.17966315152994E-14,0.,-1.));
#6543=DIRECTION('center_axis',(0.,1.,0.));
#6544=DIRECTION('ref_axis',(4.17966315152994E-14,0.,-1.));
#6545=DIRECTION('center_axis',(0.,-1.,0.));
#6546=DIRECTION('ref_axis',(4.17966315152994E-14,0.,-1.));
#6547=DIRECTION('',(0.,-1.,0.));
#6548=DIRECTION('center_axis',(-1.,0.,0.));
#6549=DIRECTION('ref_axis',(0.,0.,-1.));
#6550=DIRECTION('',(0.,0.,1.));
#6551=DIRECTION('',(0.,0.,-1.));
#6552=DIRECTION('center_axis',(1.,0.,-2.19209992947138E-13));
#6553=DIRECTION('ref_axis',(2.19209992947138E-13,0.,1.));
#6554=DIRECTION('',(-2.19209992947138E-13,0.,-1.));
#6555=DIRECTION('',(2.19209992947138E-13,0.,1.));
#6556=DIRECTION('',(0.,-1.,0.));
#6557=DIRECTION('center_axis',(0.,-1.,0.));
#6558=DIRECTION('ref_axis',(1.,0.,-1.55431223447613E-13));
#6559=DIRECTION('center_axis',(0.,1.,0.));
#6560=DIRECTION('ref_axis',(1.,0.,-1.55431223447613E-13));
#6561=DIRECTION('center_axis',(0.,-1.,0.));
#6562=DIRECTION('ref_axis',(1.,0.,-1.55431223447613E-13));
#6563=DIRECTION('center_axis',(0.,-1.,0.));
#6564=DIRECTION('ref_axis',(-1.,0.,-1.39757486629283E-13));
#6565=DIRECTION('center_axis',(0.,1.,0.));
#6566=DIRECTION('ref_axis',(-1.,0.,-1.39757486629283E-13));
#6567=DIRECTION('',(0.,-1.,0.));
#6568=DIRECTION('center_axis',(0.,-1.,0.));
#6569=DIRECTION('ref_axis',(-1.,0.,-1.39757486629283E-13));
#6570=DIRECTION('',(0.,-1.,0.));
#6571=DIRECTION('center_axis',(0.,1.,0.));
#6572=DIRECTION('ref_axis',(-1.,0.,-1.39757486629283E-13));
#6573=DIRECTION('',(0.,1.,0.));
#6574=DIRECTION('center_axis',(3.64007549057427E-16,0.,1.));
#6575=DIRECTION('ref_axis',(-1.,0.,3.64007549057427E-16));
#6576=DIRECTION('',(1.,0.,-3.64007549057427E-16));
#6577=DIRECTION('',(-1.,0.,3.64007549057427E-16));
#6578=DIRECTION('',(0.,-1.,0.));
#6579=DIRECTION('center_axis',(0.,-1.,0.));
#6580=DIRECTION('ref_axis',(2.08983157576497E-14,0.,1.));
#6581=DIRECTION('center_axis',(0.,1.,0.));
#6582=DIRECTION('ref_axis',(2.08983157576497E-14,0.,1.));
#6583=DIRECTION('center_axis',(0.,-1.,0.));
#6584=DIRECTION('ref_axis',(2.08983157576497E-14,0.,1.));
#6585=DIRECTION('',(0.,-1.,0.));
#6586=DIRECTION('center_axis',(0.,1.,0.));
#6587=DIRECTION('ref_axis',(2.08983157576497E-14,0.,1.));
#6588=DIRECTION('',(0.,-1.,0.));
#6589=DIRECTION('center_axis',(8.14466891016E-14,0.,-1.));
#6590=DIRECTION('ref_axis',(1.,0.,8.14466891016E-14));
#6591=DIRECTION('',(-1.,0.,-8.14466891016E-14));
#6592=DIRECTION('',(0.,-1.,0.));
#6593=DIRECTION('',(1.,0.,8.14466891016E-14));
#6594=DIRECTION('',(0.,-1.,0.));
#6595=DIRECTION('center_axis',(0.,-1.,0.));
#6596=DIRECTION('ref_axis',(4.17966315152994E-14,0.,-1.));
#6597=DIRECTION('center_axis',(0.,1.,0.));
#6598=DIRECTION('ref_axis',(4.17966315152994E-14,0.,-1.));
#6599=DIRECTION('center_axis',(0.,-1.,0.));
#6600=DIRECTION('ref_axis',(4.17966315152994E-14,0.,-1.));
#6601=DIRECTION('',(0.,-1.,0.));
#6602=DIRECTION('center_axis',(-1.,0.,0.));
#6603=DIRECTION('ref_axis',(0.,0.,-1.));
#6604=DIRECTION('',(0.,0.,1.));
#6605=DIRECTION('',(0.,0.,-1.));
#6606=DIRECTION('center_axis',(1.,0.,-2.19209992947138E-13));
#6607=DIRECTION('ref_axis',(2.19209992947138E-13,0.,1.));
#6608=DIRECTION('',(-2.19209992947138E-13,0.,-1.));
#6609=DIRECTION('',(2.19209992947138E-13,0.,1.));
#6610=DIRECTION('',(0.,-1.,0.));
#6611=DIRECTION('center_axis',(0.,-1.,0.));
#6612=DIRECTION('ref_axis',(1.,0.,-1.55431223447613E-13));
#6613=DIRECTION('center_axis',(0.,1.,0.));
#6614=DIRECTION('ref_axis',(1.,0.,-1.55431223447613E-13));
#6615=DIRECTION('center_axis',(0.,-1.,0.));
#6616=DIRECTION('ref_axis',(1.,0.,-1.55431223447613E-13));
#6617=DIRECTION('center_axis',(0.,1.,0.));
#6618=DIRECTION('ref_axis',(1.,0.,0.));
#6619=DIRECTION('',(1.,0.,0.));
#6620=DIRECTION('',(0.,0.,-1.));
#6621=DIRECTION('',(1.,0.,0.));
#6622=DIRECTION('',(0.,0.,-1.));
#6623=DIRECTION('',(1.,0.,0.));
#6624=DIRECTION('',(1.,0.,0.));
#6625=DIRECTION('center_axis',(0.,0.,1.));
#6626=DIRECTION('ref_axis',(-1.,0.,0.));
#6627=DIRECTION('',(-1.,0.,0.));
#6628=DIRECTION('',(-1.,0.,0.));
#6629=DIRECTION('',(0.0123899651515642,0.999923241435833,0.));
#6630=DIRECTION('',(0.0123899651515642,0.999923241435833,0.));
#6631=DIRECTION('',(1.,0.,0.));
#6632=DIRECTION('center_axis',(0.,0.,-1.));
#6633=DIRECTION('ref_axis',(-0.00730053747857318,0.99997335072117,0.));
#6634=DIRECTION('center_axis',(0.,0.,1.));
#6635=DIRECTION('ref_axis',(0.706919069988617,0.707294442567188,0.));
#6636=DIRECTION('center_axis',(0.,0.,1.));
#6637=DIRECTION('ref_axis',(0.755065957568271,0.655648838725053,0.));
#6638=DIRECTION('center_axis',(0.,0.,1.));
#6639=DIRECTION('ref_axis',(0.805054484493217,0.593200874069956,0.));
#6640=DIRECTION('center_axis',(0.,0.,1.));
#6641=DIRECTION('ref_axis',(0.867993457330001,0.496575631734292,0.));
#6642=DIRECTION('center_axis',(0.,0.,1.));
#6643=DIRECTION('ref_axis',(0.983726125441669,0.179674455957216,0.));
#6644=DIRECTION('center_axis',(0.,0.,1.));
#6645=DIRECTION('ref_axis',(0.985428023152253,-0.170092948667022,0.));
#6646=DIRECTION('center_axis',(0.,0.,1.));
#6647=DIRECTION('ref_axis',(0.866408072925266,-0.499336611085075,0.));
#6648=DIRECTION('center_axis',(0.,0.,-1.));
#6649=DIRECTION('ref_axis',(3.57020137723103E-8,-0.999999999999999,0.));
#6650=DIRECTION('',(-1.,-1.11286183423332E-13,0.));
#6651=DIRECTION('',(-0.0123899675628241,0.999923241405955,0.));
#6652=DIRECTION('',(-0.0123899675628241,0.999923241405955,0.));
#6653=DIRECTION('',(1.,8.63164624826104E-18,0.));
#6654=DIRECTION('',(1.,8.63164624826104E-18,0.));
#6655=DIRECTION('',(1.,8.63164624826104E-18,0.));
#6656=DIRECTION('',(0.,-1.,0.));
#6657=DIRECTION('',(0.,-1.,0.));
#6658=DIRECTION('',(-0.999914818597544,0.0130520323720657,0.));
#6659=DIRECTION('center_axis',(0.,0.,-1.));
#6660=DIRECTION('ref_axis',(-0.00971133235130343,-0.999952843900132,0.));
#6661=DIRECTION('center_axis',(0.,0.,1.));
#6662=DIRECTION('ref_axis',(-0.696545739221269,-0.717512392347823,0.));
#6663=DIRECTION('center_axis',(0.,0.,1.));
#6664=DIRECTION('ref_axis',(-0.714474871974451,-0.699661101760768,0.));
#6665=DIRECTION('center_axis',(0.,0.,1.));
#6666=DIRECTION('ref_axis',(-0.756424322062116,-0.654081222015178,0.));
#6667=DIRECTION('center_axis',(0.,0.,1.));
#6668=DIRECTION('ref_axis',(-0.836330954912651,-0.548224893501649,0.));
#6669=DIRECTION('center_axis',(0.,0.,1.));
#6670=DIRECTION('ref_axis',(-0.895553549956115,-0.444953749462796,0.));
#6671=DIRECTION('center_axis',(0.,0.,1.));
#6672=DIRECTION('ref_axis',(-0.956867535219657,-0.29052456013676,0.));
#6673=DIRECTION('center_axis',(0.,0.,1.));
#6674=DIRECTION('ref_axis',(-0.992058434914294,-0.125777826803458,0.));
#6675=DIRECTION('center_axis',(0.,0.,1.));
#6676=DIRECTION('ref_axis',(-0.999999106356733,0.0013368940627905,0.));
#6677=DIRECTION('center_axis',(0.,0.,1.));
#6678=DIRECTION('ref_axis',(-0.996201397204862,0.0870791376110345,0.));
#6679=DIRECTION('center_axis',(0.,0.,1.));
#6680=DIRECTION('ref_axis',(-0.974125971049541,0.226005735605955,0.));
#6681=DIRECTION('center_axis',(0.,0.,1.));
#6682=DIRECTION('ref_axis',(-0.932318857656121,0.361637315080711,0.));
#6683=DIRECTION('center_axis',(0.,0.,1.));
#6684=DIRECTION('ref_axis',(-0.896329188770796,0.443389203023131,0.));
#6685=DIRECTION('center_axis',(0.,0.,1.));
#6686=DIRECTION('ref_axis',(-0.834002681821188,0.551760388860116,0.));
#6687=DIRECTION('center_axis',(0.,0.,1.));
#6688=DIRECTION('ref_axis',(-0.766543358372896,0.642192556585952,0.));
#6689=DIRECTION('',(0.999881496589147,0.0153945697779386,0.));
#6690=DIRECTION('',(0.,-1.,0.));
#6691=DIRECTION('',(0.,-1.,0.));
#6692=DIRECTION('',(-1.,0.,0.));
#6693=DIRECTION('',(-1.,0.,0.));
#6694=DIRECTION('',(0.,1.,0.));
#6695=DIRECTION('',(-0.999881496589151,-0.0153945697776993,0.));
#6696=DIRECTION('center_axis',(0.,0.,-1.));
#6697=DIRECTION('ref_axis',(-0.731026132142331,0.682349466274447,0.));
#6698=DIRECTION('center_axis',(0.,0.,-1.));
#6699=DIRECTION('ref_axis',(-0.766542819301923,0.642193200039256,0.));
#6700=DIRECTION('center_axis',(0.,0.,-1.));
#6701=DIRECTION('ref_axis',(-0.834001220932937,0.551762597030979,0.));
#6702=DIRECTION('center_axis',(0.,0.,-1.));
#6703=DIRECTION('ref_axis',(-0.896328771927417,0.443390045687868,0.));
#6704=DIRECTION('center_axis',(0.,0.,-1.));
#6705=DIRECTION('ref_axis',(-0.932318582030703,0.361638025655847,0.));
#6706=DIRECTION('center_axis',(0.,0.,-1.));
#6707=DIRECTION('ref_axis',(-0.974126061747436,0.226005344681118,0.));
#6708=DIRECTION('center_axis',(0.,0.,-1.));
#6709=DIRECTION('ref_axis',(-0.996201542114085,0.0870774798068937,0.));
#6710=DIRECTION('center_axis',(0.,0.,-1.));
#6711=DIRECTION('ref_axis',(-0.999999105799676,0.00133731067738911,0.));
#6712=DIRECTION('center_axis',(0.,0.,-1.));
#6713=DIRECTION('ref_axis',(-0.992058465509265,-0.125777585488837,0.));
#6714=DIRECTION('center_axis',(0.,0.,-1.));
#6715=DIRECTION('ref_axis',(-0.956867468710612,-0.29052477918991,0.));
#6716=DIRECTION('center_axis',(0.,0.,-1.));
#6717=DIRECTION('ref_axis',(-0.895553255932103,-0.44495434124122,0.));
#6718=DIRECTION('center_axis',(0.,0.,-1.));
#6719=DIRECTION('ref_axis',(-0.836330939864187,-0.548224916458461,0.));
#6720=DIRECTION('center_axis',(0.,0.,-1.));
#6721=DIRECTION('ref_axis',(-0.75642431147385,-0.654081234260174,0.));
#6722=DIRECTION('',(0.999914818597554,-0.0130520323712284,0.));
#6723=DIRECTION('',(0.,1.,0.));
#6724=DIRECTION('',(-1.,1.05582802280422E-17,0.));
#6725=DIRECTION('',(0.0123899675628238,-0.999923241405955,0.));
#6726=DIRECTION('',(1.,1.14494910169456E-13,0.));
#6727=DIRECTION('center_axis',(0.,0.,1.));
#6728=DIRECTION('ref_axis',(-7.59797989729619E-5,-0.999999997113535,0.));
#6729=DIRECTION('center_axis',(0.,0.,-1.));
#6730=DIRECTION('ref_axis',(0.716210430422015,-0.697884388244007,0.));
#6731=DIRECTION('center_axis',(0.,0.,-1.));
#6732=DIRECTION('ref_axis',(0.866408034357681,-0.49933667800439,0.));
#6733=DIRECTION('center_axis',(0.,0.,-1.));
#6734=DIRECTION('ref_axis',(0.985428085028058,-0.170092590191149,0.));
#6735=DIRECTION('center_axis',(0.,0.,-1.));
#6736=DIRECTION('ref_axis',(0.983726107373598,0.179674554880731,0.));
#6737=DIRECTION('center_axis',(0.,0.,-1.));
#6738=DIRECTION('ref_axis',(0.867993616236982,0.496575353971427,0.));
#6739=DIRECTION('center_axis',(0.,0.,-1.));
#6740=DIRECTION('ref_axis',(0.805054695512294,0.593200587688184,0.));
#6741=DIRECTION('center_axis',(0.,0.,-1.));
#6742=DIRECTION('ref_axis',(0.755064878343651,0.655650081592222,0.));
#6743=DIRECTION('center_axis',(0.,0.,1.));
#6744=DIRECTION('ref_axis',(-7.92977543120447E-7,0.999999999999686,0.));
#6745=DIRECTION('',(-1.,1.22085946171586E-12,0.));
#6746=DIRECTION('',(-0.0123899651515638,-0.999923241435833,0.));
#6747=DIRECTION('center_axis',(0.,0.,1.));
#6748=DIRECTION('ref_axis',(-1.,0.,0.));
#6749=DIRECTION('',(-1.,0.,0.));
#6750=DIRECTION('center_axis',(0.,0.,1.));
#6751=DIRECTION('ref_axis',(1.,0.,0.));
#6752=DIRECTION('',(-1.,-8.63164624826104E-18,0.));
#6753=DIRECTION('',(0.,1.,0.));
#6754=DIRECTION('',(1.,-2.40161188630895E-17,0.));
#6755=DIRECTION('',(0.,1.,0.));
#6756=DIRECTION('center_axis',(0.,1.,0.));
#6757=DIRECTION('ref_axis',(1.29189588320019E-14,0.,1.));
#6758=DIRECTION('center_axis',(8.63164624826104E-18,-1.,0.));
#6759=DIRECTION('ref_axis',(1.29189588320019E-14,0.,1.));
#6760=DIRECTION('center_axis',(2.40161188630895E-17,1.,0.));
#6761=DIRECTION('ref_axis',(1.29189588320019E-14,0.,1.));
#6762=DIRECTION('',(0.,1.,0.));
#6763=DIRECTION('center_axis',(-1.,0.,1.50721186373061E-12));
#6764=DIRECTION('ref_axis',(1.50721186373061E-12,-1.01036831965741E-32,
1.));
#6765=DIRECTION('',(-1.50721186373061E-12,-1.30097196289049E-29,-1.));
#6766=DIRECTION('',(1.50721186373061E-12,-3.6197379271213E-29,1.));
#6767=DIRECTION('',(0.,1.,0.));
#6768=DIRECTION('center_axis',(0.,1.,0.));
#6769=DIRECTION('ref_axis',(-1.,0.,-1.61486985400023E-14));
#6770=DIRECTION('center_axis',(8.63164624826104E-18,-1.,0.));
#6771=DIRECTION('ref_axis',(-1.,0.,-1.61486985400023E-14));
#6772=DIRECTION('center_axis',(2.40161188630895E-17,1.,0.));
#6773=DIRECTION('ref_axis',(-1.,0.,-1.61486985400023E-14));
#6774=DIRECTION('',(0.,1.,0.));
#6775=DIRECTION('center_axis',(-1.57741314834129E-13,0.,-1.));
#6776=DIRECTION('ref_axis',(-1.,0.,1.57741314834129E-13));
#6777=DIRECTION('',(1.,8.63164624826104E-18,-1.57741314834129E-13));
#6778=DIRECTION('',(-1.,2.40161188630895E-17,1.57741314834129E-13));
#6779=DIRECTION('',(0.,1.,0.));
#6780=DIRECTION('center_axis',(0.,1.,0.));
#6781=DIRECTION('ref_axis',(8.07434927000115E-13,0.,-1.));
#6782=DIRECTION('center_axis',(8.63164624826104E-18,-1.,0.));
#6783=DIRECTION('ref_axis',(8.07434927000115E-13,0.,-1.));
#6784=DIRECTION('center_axis',(2.40161188630895E-17,1.,0.));
#6785=DIRECTION('ref_axis',(8.07434927000115E-13,0.,-1.));
#6786=DIRECTION('',(0.,1.,0.));
#6787=DIRECTION('center_axis',(1.,0.,-1.50721186373069E-12));
#6788=DIRECTION('ref_axis',(-1.50721186373069E-12,3.77102802732294E-47,
-1.));
#6789=DIRECTION('',(1.50721186373069E-12,1.30097196289055E-29,1.));
#6790=DIRECTION('',(-1.50721186373069E-12,3.61973792712149E-29,-1.));
#6791=DIRECTION('',(0.,1.,0.));
#6792=DIRECTION('center_axis',(0.,1.,0.));
#6793=DIRECTION('ref_axis',(1.,0.,-8.8817841970013E-15));
#6794=DIRECTION('center_axis',(8.63164624826104E-18,-1.,0.));
#6795=DIRECTION('ref_axis',(1.,0.,-8.8817841970013E-15));
#6796=DIRECTION('center_axis',(2.40161188630895E-17,1.,0.));
#6797=DIRECTION('ref_axis',(1.,0.,-8.8817841970013E-15));
#6798=DIRECTION('center_axis',(-1.57741314834129E-13,0.,-1.));
#6799=DIRECTION('ref_axis',(-1.,0.,1.57741314834129E-13));
#6800=DIRECTION('',(1.,8.63164624826104E-18,-1.57741314834129E-13));
#6801=DIRECTION('',(0.,1.,0.));
#6802=DIRECTION('',(-1.,2.40161188630895E-17,1.57741314834129E-13));
#6803=DIRECTION('',(0.,1.,0.));
#6804=DIRECTION('center_axis',(0.,1.,0.));
#6805=DIRECTION('ref_axis',(8.07434927000115E-13,0.,-1.));
#6806=DIRECTION('center_axis',(8.63164624826104E-18,-1.,0.));
#6807=DIRECTION('ref_axis',(8.07434927000115E-13,0.,-1.));
#6808=DIRECTION('center_axis',(2.40161188630895E-17,1.,0.));
#6809=DIRECTION('ref_axis',(8.07434927000115E-13,0.,-1.));
#6810=DIRECTION('',(0.,1.,0.));
#6811=DIRECTION('center_axis',(1.,0.,-1.50721186373069E-12));
#6812=DIRECTION('ref_axis',(-1.50721186373069E-12,1.0103683196572E-32,-1.));
#6813=DIRECTION('',(1.50721186373069E-12,1.30097196289055E-29,1.));
#6814=DIRECTION('',(-1.50721186373069E-12,3.61973792712149E-29,-1.));
#6815=DIRECTION('',(0.,1.,0.));
#6816=DIRECTION('center_axis',(0.,1.,0.));
#6817=DIRECTION('ref_axis',(1.,0.,-8.8817841970013E-15));
#6818=DIRECTION('center_axis',(8.63164624826104E-18,-1.,0.));
#6819=DIRECTION('ref_axis',(1.,0.,-8.8817841970013E-15));
#6820=DIRECTION('center_axis',(2.40161188630895E-17,1.,0.));
#6821=DIRECTION('ref_axis',(1.,0.,-8.8817841970013E-15));
#6822=DIRECTION('',(0.,1.,0.));
#6823=DIRECTION('center_axis',(0.,0.,1.));
#6824=DIRECTION('ref_axis',(1.,0.,0.));
#6825=DIRECTION('',(-1.,-8.63164624826104E-18,0.));
#6826=DIRECTION('',(1.,-2.40161188630895E-17,0.));
#6827=DIRECTION('',(0.,1.,0.));
#6828=DIRECTION('center_axis',(0.,1.,0.));
#6829=DIRECTION('ref_axis',(1.29189588320019E-14,0.,1.));
#6830=DIRECTION('center_axis',(8.63164624826104E-18,-1.,0.));
#6831=DIRECTION('ref_axis',(1.29189588320019E-14,0.,1.));
#6832=DIRECTION('center_axis',(2.40161188630895E-17,1.,0.));
#6833=DIRECTION('ref_axis',(1.29189588320019E-14,0.,1.));
#6834=DIRECTION('',(0.,1.,0.));
#6835=DIRECTION('center_axis',(-1.,0.,1.50721186373061E-12));
#6836=DIRECTION('ref_axis',(1.50721186373061E-12,-2.65166517252764E-45,
1.));
#6837=DIRECTION('',(-1.50721186373061E-12,-1.30097196289049E-29,-1.));
#6838=DIRECTION('',(1.50721186373061E-12,-3.6197379271213E-29,1.));
#6839=DIRECTION('',(0.,1.,0.));
#6840=DIRECTION('center_axis',(0.,1.,0.));
#6841=DIRECTION('ref_axis',(-1.,0.,-1.61486985400023E-14));
#6842=DIRECTION('center_axis',(8.63164624826104E-18,-1.,0.));
#6843=DIRECTION('ref_axis',(-1.,0.,-1.61486985400023E-14));
#6844=DIRECTION('center_axis',(2.40161188630895E-17,1.,0.));
#6845=DIRECTION('ref_axis',(-1.,0.,-1.61486985400023E-14));
#6846=DIRECTION('center_axis',(0.,0.,1.));
#6847=DIRECTION('ref_axis',(0.0123899651515647,0.999923241435833,0.));
#6848=DIRECTION('center_axis',(0.,0.,-1.));
#6849=DIRECTION('ref_axis',(0.983726125441669,0.179674455957216,0.));
#6850=DIRECTION('',(-0.999923241435833,0.0123899651515647,0.));
#6851=DIRECTION('center_axis',(0.,0.,1.));
#6852=DIRECTION('ref_axis',(0.983726124097397,0.179674463317166,0.));
#6853=DIRECTION('',(-0.999923241435833,0.0123899651515647,0.));
#6854=DIRECTION('',(-0.999923241435833,0.0123899651515647,0.));
#6855=DIRECTION('',(-0.999923241435833,0.0123899651515647,0.));
#6856=DIRECTION('center_axis',(0.0123899651515647,0.999923241435833,2.69144975667113E-14));
#6857=DIRECTION('ref_axis',(3.33469686923425E-16,2.69124316485228E-14,-1.));
#6858=DIRECTION('',(0.,0.,1.));
#6859=DIRECTION('',(-0.999923241435833,0.0123899651515647,0.));
#6860=DIRECTION('',(0.,0.,-1.));
#6861=DIRECTION('',(-0.999923241435833,0.0123899651515647,0.));
#6862=DIRECTION('center_axis',(-0.0123899651515647,-0.999923241435833,-6.72862439167782E-15));
#6863=DIRECTION('ref_axis',(-8.33674217308564E-17,-6.72810791213069E-15,
1.));
#6864=DIRECTION('',(0.,0.,-1.));
#6865=DIRECTION('',(0.,0.,1.));
#6866=DIRECTION('',(-0.999923241435833,0.0123899651515647,0.));
#6867=DIRECTION('',(-0.999923241435833,0.0123899651515647,0.));
#6868=DIRECTION('center_axis',(4.27151518625328E-18,3.44729566115154E-16,
-1.));
#6869=DIRECTION('ref_axis',(-0.0123899651515647,-0.999923241435833,-3.44756029092935E-16));
#6870=DIRECTION('center_axis',(-4.27151518625328E-18,-3.44729566115154E-16,
1.));
#6871=DIRECTION('ref_axis',(0.983726125441669,0.179674455957216,0.));
#6872=DIRECTION('center_axis',(4.27151518625328E-18,3.44729566115154E-16,
-1.));
#6873=DIRECTION('ref_axis',(0.983726124097397,0.179674463317166,0.));
#6874=DIRECTION('center_axis',(0.,0.,1.));
#6875=DIRECTION('ref_axis',(0.867993457330001,0.496575631734292,0.));
#6876=DIRECTION('',(0.,0.,-1.));
#6877=DIRECTION('',(0.,0.,-1.));
#6878=DIRECTION('center_axis',(0.,0.,-1.));
#6879=DIRECTION('ref_axis',(0.867993457330001,0.496575631734292,0.));
#6880=DIRECTION('',(0.,0.,-1.));
#6881=DIRECTION('center_axis',(0.,0.,1.));
#6882=DIRECTION('ref_axis',(0.983726125441669,0.179674455957216,0.));
#6883=DIRECTION('',(0.,0.,-1.));
#6884=DIRECTION('center_axis',(0.,0.,1.));
#6885=DIRECTION('ref_axis',(0.983726124097397,0.179674463317166,0.));
#6886=DIRECTION('',(0.,0.,-1.));
#6887=DIRECTION('center_axis',(0.,0.,-1.));
#6888=DIRECTION('ref_axis',(0.983726124097397,0.179674463317166,0.));
#6889=DIRECTION('',(0.,0.,-1.));
#6890=DIRECTION('center_axis',(0.,0.,-1.));
#6891=DIRECTION('ref_axis',(0.983726124097397,0.179674463317166,0.));
#6892=DIRECTION('',(0.,0.,-1.));
#6893=DIRECTION('center_axis',(0.,0.,-1.));
#6894=DIRECTION('ref_axis',(-1.,1.37702080573663E-14,0.));
#6895=DIRECTION('center_axis',(0.,0.,-1.));
#6896=DIRECTION('ref_axis',(-1.,6.88510402868316E-15,0.));
#6897=DIRECTION('center_axis',(0.,0.,-1.));
#6898=DIRECTION('ref_axis',(-1.,6.88510402868316E-15,0.));
#6899=DIRECTION('center_axis',(0.,0.,-1.));
#6900=DIRECTION('ref_axis',(-1.,1.37702080573663E-14,0.));
#6901=DIRECTION('center_axis',(0.,0.,1.));
#6902=DIRECTION('ref_axis',(-1.,0.,0.));
#6903=DIRECTION('center_axis',(0.,0.,-1.));
#6904=DIRECTION('ref_axis',(-1.,0.,0.));
#6905=DIRECTION('center_axis',(0.,0.,1.));
#6906=DIRECTION('ref_axis',(-1.,0.,0.));
#6907=DIRECTION('center_axis',(0.,0.,-1.));
#6908=DIRECTION('ref_axis',(-1.,0.,0.));
#6909=DIRECTION('center_axis',(0.,0.,1.));
#6910=DIRECTION('ref_axis',(-1.,0.,0.));
#6911=DIRECTION('center_axis',(0.,0.,-1.));
#6912=DIRECTION('ref_axis',(-1.,0.,0.));
#6913=DIRECTION('center_axis',(0.,0.,1.));
#6914=DIRECTION('ref_axis',(-1.,0.,0.));
#6915=DIRECTION('center_axis',(0.,0.,-1.));
#6916=DIRECTION('ref_axis',(-1.,0.,0.));
#6917=DIRECTION('center_axis',(0.999923241435833,-0.0123899651515642,0.));
#6918=DIRECTION('ref_axis',(0.0123899651515642,0.999923241435833,0.));
#6919=DIRECTION('',(0.,0.,1.));
#6920=DIRECTION('',(0.0123899651515642,0.999923241435833,0.));
#6921=DIRECTION('',(0.,0.,1.));
#6922=DIRECTION('center_axis',(0.,1.,0.));
#6923=DIRECTION('ref_axis',(-1.,0.,0.));
#6924=DIRECTION('',(0.,0.,1.));
#6925=DIRECTION('',(-1.,0.,0.));
#6926=DIRECTION('center_axis',(0.,0.,1.));
#6927=DIRECTION('ref_axis',(-1.,0.,0.));
#6928=DIRECTION('center_axis',(0.,0.,1.));
#6929=DIRECTION('ref_axis',(-1.,0.,0.));
#6930=DIRECTION('center_axis',(0.,-1.,0.));
#6931=DIRECTION('ref_axis',(1.,0.,0.));
#6932=DIRECTION('',(0.,0.,-1.));
#6933=DIRECTION('',(1.,0.,0.));
#6934=DIRECTION('',(0.,0.,1.));
#6935=DIRECTION('center_axis',(-1.,0.,0.));
#6936=DIRECTION('ref_axis',(0.,-1.,0.));
#6937=DIRECTION('',(0.,0.,1.));
#6938=DIRECTION('',(0.,-1.,0.));
#6939=DIRECTION('',(0.,0.,1.));
#6940=DIRECTION('center_axis',(8.63164624826104E-18,-1.,0.));
#6941=DIRECTION('ref_axis',(1.,8.63164624826104E-18,0.));
#6942=DIRECTION('',(0.,0.,1.));
#6943=DIRECTION('',(1.,8.63164624826104E-18,0.));
#6944=DIRECTION('center_axis',(0.,0.,1.));
#6945=DIRECTION('ref_axis',(-1.,0.,0.));
#6946=DIRECTION('center_axis',(0.,0.,1.));
#6947=DIRECTION('ref_axis',(-1.,0.,0.));
#6948=DIRECTION('center_axis',(1.,0.,0.));
#6949=DIRECTION('ref_axis',(0.,1.,0.));
#6950=DIRECTION('',(0.,0.,-1.));
#6951=DIRECTION('',(0.,1.,0.));
#6952=DIRECTION('',(0.,0.,-1.));
#6953=DIRECTION('center_axis',(8.63164624826104E-18,-1.,0.));
#6954=DIRECTION('ref_axis',(1.,8.63164624826104E-18,0.));
#6955=DIRECTION('',(0.,0.,1.));
#6956=DIRECTION('',(1.,8.63164624826104E-18,0.));
#6957=DIRECTION('',(0.,0.,1.));
#6958=DIRECTION('center_axis',(0.999923241405955,0.0123899675628241,0.));
#6959=DIRECTION('ref_axis',(-0.0123899675628241,0.999923241405955,0.));
#6960=DIRECTION('',(0.,0.,1.));
#6961=DIRECTION('',(-0.0123899675628241,0.999923241405955,0.));
#6962=DIRECTION('center_axis',(0.,0.,1.));
#6963=DIRECTION('ref_axis',(-1.,0.,0.));
#6964=DIRECTION('center_axis',(0.,0.,1.));
#6965=DIRECTION('ref_axis',(-1.,0.,0.));
#6966=DIRECTION('center_axis',(-8.63164624826104E-18,1.,0.));
#6967=DIRECTION('ref_axis',(-1.,-8.63164624826104E-18,0.));
#6968=DIRECTION('',(0.,0.,1.));
#6969=DIRECTION('',(0.,0.,-1.));
#6970=DIRECTION('',(-1.,-8.63164624826104E-18,0.));
#6971=DIRECTION('center_axis',(0.,1.,0.));
#6972=DIRECTION('ref_axis',(-1.,0.,0.));
#6973=DIRECTION('',(0.,0.,1.));
#6974=DIRECTION('',(-1.,0.,0.));
#6975=DIRECTION('',(0.,0.,1.));
#6976=DIRECTION('center_axis',(-1.,0.,0.));
#6977=DIRECTION('ref_axis',(0.,-1.,0.));
#6978=DIRECTION('',(0.,0.,1.));
#6979=DIRECTION('',(0.,-1.,0.));
#6980=DIRECTION('center_axis',(0.,0.,1.));
#6981=DIRECTION('ref_axis',(-1.,0.,0.));
#6982=DIRECTION('center_axis',(0.,0.,1.));
#6983=DIRECTION('ref_axis',(-1.,0.,0.));
#6984=DIRECTION('center_axis',(1.,0.,0.));
#6985=DIRECTION('ref_axis',(0.,1.,0.));
#6986=DIRECTION('',(0.,0.,1.));
#6987=DIRECTION('',(0.,0.,-1.));
#6988=DIRECTION('',(0.,1.,0.));
#6989=DIRECTION('center_axis',(0.,0.,1.));
#6990=DIRECTION('ref_axis',(-1.,0.,0.));
#6991=DIRECTION('',(0.,0.,1.));
#6992=DIRECTION('center_axis',(0.,0.,-1.));
#6993=DIRECTION('ref_axis',(-1.,0.,0.));
#6994=DIRECTION('center_axis',(-0.999923241405955,-0.0123899675628241,0.));
#6995=DIRECTION('ref_axis',(0.0123899675628241,-0.999923241405955,0.));
#6996=DIRECTION('',(0.,0.,-1.));
#6997=DIRECTION('',(0.0123899675628241,-0.999923241405955,0.));
#6998=DIRECTION('center_axis',(0.,0.,1.));
#6999=DIRECTION('ref_axis',(-1.,0.,0.));
#7000=DIRECTION('center_axis',(0.,0.,-1.));
#7001=DIRECTION('ref_axis',(-1.,0.,0.));
#7002=DIRECTION('center_axis',(0.,0.,1.));
#7003=DIRECTION('ref_axis',(-1.,0.,0.));
#7004=DIRECTION('center_axis',(0.,0.,-1.));
#7005=DIRECTION('ref_axis',(-1.,0.,0.));
#7006=DIRECTION('center_axis',(0.,0.,1.));
#7007=DIRECTION('ref_axis',(-1.,0.,0.));
#7008=DIRECTION('center_axis',(0.,0.,-1.));
#7009=DIRECTION('ref_axis',(-1.,0.,0.));
#7010=DIRECTION('',(0.,0.,-1.));
#7011=DIRECTION('center_axis',(0.,0.,1.));
#7012=DIRECTION('ref_axis',(-0.0123899675628241,0.999923241405955,0.));
#7013=DIRECTION('',(1.,1.11286183423332E-13,0.));
#7014=DIRECTION('center_axis',(0.,0.,1.));
#7015=DIRECTION('ref_axis',(3.57020137723103E-8,-0.999999999999999,0.));
#7016=DIRECTION('center_axis',(0.,0.,-1.));
#7017=DIRECTION('ref_axis',(0.866408072925266,-0.499336611085075,0.));
#7018=DIRECTION('center_axis',(0.,0.,-1.));
#7019=DIRECTION('ref_axis',(0.985428023152253,-0.170092948667022,0.));
#7020=DIRECTION('center_axis',(0.,0.,-1.));
#7021=DIRECTION('ref_axis',(0.983726125441669,0.179674455957216,0.));
#7022=DIRECTION('center_axis',(0.,0.,-1.));
#7023=DIRECTION('ref_axis',(0.805054484493217,0.593200874069956,0.));
#7024=DIRECTION('center_axis',(0.,0.,-1.));
#7025=DIRECTION('ref_axis',(0.755065957568271,0.655648838725053,0.));
#7026=DIRECTION('center_axis',(0.,0.,-1.));
#7027=DIRECTION('ref_axis',(0.706919069988617,0.707294442567188,0.));
#7028=DIRECTION('center_axis',(0.,0.,1.));
#7029=DIRECTION('ref_axis',(-0.00730053747857318,0.99997335072117,0.));
#7030=DIRECTION('',(-1.,0.,0.));
#7031=DIRECTION('',(-0.0123899651515642,-0.999923241435833,0.));
#7032=DIRECTION('',(-0.999881496589147,-0.0153945697779386,0.));
#7033=DIRECTION('center_axis',(0.,0.,-1.));
#7034=DIRECTION('ref_axis',(-0.766543358372896,0.642192556585952,0.));
#7035=DIRECTION('center_axis',(0.,0.,-1.));
#7036=DIRECTION('ref_axis',(-0.834002681821188,0.551760388860116,0.));
#7037=DIRECTION('center_axis',(0.,0.,-1.));
#7038=DIRECTION('ref_axis',(-0.896329188770796,0.443389203023131,0.));
#7039=DIRECTION('center_axis',(0.,0.,-1.));
#7040=DIRECTION('ref_axis',(-0.932318857656121,0.361637315080711,0.));
#7041=DIRECTION('center_axis',(0.,0.,-1.));
#7042=DIRECTION('ref_axis',(-0.974125971049541,0.226005735605955,0.));
#7043=DIRECTION('center_axis',(0.,0.,-1.));
#7044=DIRECTION('ref_axis',(-0.996201397204862,0.0870791376110345,0.));
#7045=DIRECTION('center_axis',(0.,0.,-1.));
#7046=DIRECTION('ref_axis',(-0.999999106356733,0.0013368940627905,0.));
#7047=DIRECTION('center_axis',(0.,0.,-1.));
#7048=DIRECTION('ref_axis',(-0.992058434914294,-0.125777826803458,0.));
#7049=DIRECTION('center_axis',(0.,0.,-1.));
#7050=DIRECTION('ref_axis',(-0.956867535219657,-0.29052456013676,0.));
#7051=DIRECTION('center_axis',(0.,0.,-1.));
#7052=DIRECTION('ref_axis',(-0.895553549956115,-0.444953749462796,0.));
#7053=DIRECTION('center_axis',(0.,0.,-1.));
#7054=DIRECTION('ref_axis',(-0.836330954912651,-0.548224893501649,0.));
#7055=DIRECTION('center_axis',(0.,0.,-1.));
#7056=DIRECTION('ref_axis',(-0.756424322062116,-0.654081222015178,0.));
#7057=DIRECTION('center_axis',(0.,0.,-1.));
#7058=DIRECTION('ref_axis',(-0.714474871974451,-0.699661101760768,0.));
#7059=DIRECTION('center_axis',(0.,0.,-1.));
#7060=DIRECTION('ref_axis',(-0.696545739221269,-0.717512392347823,0.));
#7061=DIRECTION('center_axis',(0.,0.,1.));
#7062=DIRECTION('ref_axis',(-0.00971133235130343,-0.999952843900132,0.));
#7063=DIRECTION('',(0.999914818597544,-0.0130520323720657,0.));
#7064=DIRECTION('center_axis',(0.,0.,1.));
#7065=DIRECTION('ref_axis',(-0.16567818014619,0.986179872347558,0.));
#7066=DIRECTION('center_axis',(0.,0.,1.));
#7067=DIRECTION('ref_axis',(0.0621967714556755,0.998063906581382,0.));
#7068=DIRECTION('center_axis',(0.,0.,1.));
#7069=DIRECTION('ref_axis',(0.307877074507454,0.951426143740402,0.));
#7070=DIRECTION('center_axis',(0.,0.,1.));
#7071=DIRECTION('ref_axis',(0.532719770260591,0.846291702885892,0.));
#7072=DIRECTION('center_axis',(0.,0.,1.));
#7073=DIRECTION('ref_axis',(0.704554927908895,0.70964945822518,0.));
#7074=DIRECTION('center_axis',(0.,0.,1.));
#7075=DIRECTION('ref_axis',(0.822231199342449,0.569153630250988,0.));
#7076=DIRECTION('center_axis',(0.,0.,1.));
#7077=DIRECTION('ref_axis',(0.926548018234352,0.376176514293483,0.));
#7078=DIRECTION('center_axis',(0.,0.,1.));
#7079=DIRECTION('ref_axis',(0.985834997490202,0.167718090030545,0.));
#7080=DIRECTION('center_axis',(0.,0.,1.));
#7081=DIRECTION('ref_axis',(0.999991514931185,-0.00411947395114362,0.));
#7082=DIRECTION('center_axis',(0.,0.,1.));
#7083=DIRECTION('ref_axis',(0.983632468138367,-0.180186480136619,0.));
#7084=DIRECTION('center_axis',(0.,0.,1.));
#7085=DIRECTION('ref_axis',(0.922125489237492,-0.386890917570464,0.));
#7086=DIRECTION('center_axis',(0.,0.,1.));
#7087=DIRECTION('ref_axis',(0.819013397804386,-0.573774393134545,0.));
#7088=DIRECTION('center_axis',(0.,0.,1.));
#7089=DIRECTION('ref_axis',(0.711446056361981,-0.702740712416027,0.));
#7090=DIRECTION('center_axis',(0.,0.,1.));
#7091=DIRECTION('ref_axis',(0.591470645611943,-0.806326531486712,0.));
#7092=DIRECTION('center_axis',(0.,0.,1.));
#7093=DIRECTION('ref_axis',(0.398339556968717,-0.917238026552523,0.));
#7094=DIRECTION('center_axis',(0.,0.,1.));
#7095=DIRECTION('ref_axis',(0.188971855327872,-0.981982503863456,0.));
#7096=DIRECTION('center_axis',(0.,0.,1.));
#7097=DIRECTION('ref_axis',(0.042669980849565,-0.99908922160851,0.));
#7098=DIRECTION('center_axis',(0.,0.,1.));
#7099=DIRECTION('ref_axis',(-0.103456463413223,-0.994633983019899,0.));
#7100=DIRECTION('center_axis',(0.,0.,1.));
#7101=DIRECTION('ref_axis',(-0.308015183587447,-0.951381441210407,0.));
#7102=DIRECTION('center_axis',(0.,0.,1.));
#7103=DIRECTION('ref_axis',(-0.505377448473095,-0.862898391802201,0.));
#7104=DIRECTION('center_axis',(0.,0.,1.));
#7105=DIRECTION('ref_axis',(-0.645664409448546,-0.763621287269718,0.));
#7106=DIRECTION('center_axis',(0.,0.,1.));
#7107=DIRECTION('ref_axis',(-0.784100545064792,-0.620633817342478,0.));
#7108=DIRECTION('center_axis',(0.,0.,1.));
#7109=DIRECTION('ref_axis',(-0.907238756452233,-0.420616022984153,0.));
#7110=DIRECTION('center_axis',(0.,0.,1.));
#7111=DIRECTION('ref_axis',(-0.980243254342656,-0.197795759094372,0.));
#7112=DIRECTION('center_axis',(0.,0.,1.));
#7113=DIRECTION('ref_axis',(-0.99999885831803,-0.001511079956895,0.));
#7114=DIRECTION('center_axis',(0.,0.,1.));
#7115=DIRECTION('ref_axis',(-0.995252267930011,0.0973289431781209,0.));
#7116=DIRECTION('center_axis',(0.,0.,1.));
#7117=DIRECTION('ref_axis',(-0.973079765755284,0.230468586748045,0.));
#7118=DIRECTION('center_axis',(0.,0.,1.));
#7119=DIRECTION('ref_axis',(-0.931936434557658,0.362621678811347,0.));
#7120=DIRECTION('center_axis',(0.,0.,1.));
#7121=DIRECTION('ref_axis',(-0.885221238788325,0.465170246681861,0.));
#7122=DIRECTION('center_axis',(0.,0.,1.));
#7123=DIRECTION('ref_axis',(-0.754514399532404,0.656283491258356,0.));
#7124=DIRECTION('center_axis',(0.,0.,1.));
#7125=DIRECTION('ref_axis',(-0.586757290684592,0.809762855303006,0.));
#7126=DIRECTION('center_axis',(0.,0.,1.));
#7127=DIRECTION('ref_axis',(-0.388577144326466,0.92141619418539,0.));
#7128=DIRECTION('center_axis',(0.,0.,-1.));
#7129=DIRECTION('ref_axis',(-1.,0.,0.));
#7130=DIRECTION('center_axis',(0.,0.,-1.));
#7131=DIRECTION('ref_axis',(-1.,0.,0.));
#7132=DIRECTION('center_axis',(0.,0.,-1.));
#7133=DIRECTION('ref_axis',(-1.,0.,0.));
#7134=DIRECTION('center_axis',(0.,0.,-1.));
#7135=DIRECTION('ref_axis',(-1.,0.,0.));
#7136=DIRECTION('center_axis',(0.,0.,-1.));
#7137=DIRECTION('ref_axis',(-0.766542819301923,0.642193200039256,0.));
#7138=DIRECTION('center_axis',(0.,0.,-1.));
#7139=DIRECTION('ref_axis',(-0.766542819301923,0.642193200039256,0.));
#7140=DIRECTION('',(0.,0.,-1.));
#7141=DIRECTION('',(0.,0.,-1.));
#7142=DIRECTION('center_axis',(0.,0.,-1.));
#7143=DIRECTION('ref_axis',(-0.834001220932937,0.551762597030979,0.));
#7144=DIRECTION('center_axis',(0.,0.,-1.));
#7145=DIRECTION('ref_axis',(-0.834001220932937,0.551762597030979,0.));
#7146=DIRECTION('',(0.,0.,-1.));
#7147=DIRECTION('center_axis',(0.,0.,-1.));
#7148=DIRECTION('ref_axis',(-0.896328771927417,0.443390045687868,0.));
#7149=DIRECTION('center_axis',(0.,0.,-1.));
#7150=DIRECTION('ref_axis',(-0.896328771927417,0.443390045687868,0.));
#7151=DIRECTION('',(0.,0.,-1.));
#7152=DIRECTION('center_axis',(0.,0.,-1.));
#7153=DIRECTION('ref_axis',(-0.932318582030703,0.361638025655847,0.));
#7154=DIRECTION('center_axis',(0.,0.,-1.));
#7155=DIRECTION('ref_axis',(-0.932318582030703,0.361638025655847,0.));
#7156=DIRECTION('',(0.,0.,-1.));
#7157=DIRECTION('center_axis',(0.,0.,-1.));
#7158=DIRECTION('ref_axis',(-0.974126061747436,0.226005344681118,0.));
#7159=DIRECTION('center_axis',(0.,0.,-1.));
#7160=DIRECTION('ref_axis',(-0.974126061747436,0.226005344681118,0.));
#7161=DIRECTION('',(0.,0.,-1.));
#7162=DIRECTION('center_axis',(0.,0.,-1.));
#7163=DIRECTION('ref_axis',(-0.996201542114085,0.0870774798068937,0.));
#7164=DIRECTION('center_axis',(0.,0.,-1.));
#7165=DIRECTION('ref_axis',(-0.996201542114085,0.0870774798068937,0.));
#7166=DIRECTION('',(0.,0.,-1.));
#7167=DIRECTION('center_axis',(0.,0.,-1.));
#7168=DIRECTION('ref_axis',(-0.999999105799676,0.00133731067738911,0.));
#7169=DIRECTION('center_axis',(0.,0.,-1.));
#7170=DIRECTION('ref_axis',(-0.999999105799676,0.00133731067738911,0.));
#7171=DIRECTION('',(0.,0.,-1.));
#7172=DIRECTION('center_axis',(0.,0.,-1.));
#7173=DIRECTION('ref_axis',(-0.992058465509265,-0.125777585488837,0.));
#7174=DIRECTION('center_axis',(0.,0.,-1.));
#7175=DIRECTION('ref_axis',(-0.992058465509265,-0.125777585488837,0.));
#7176=DIRECTION('',(0.,0.,-1.));
#7177=DIRECTION('center_axis',(0.,0.,-1.));
#7178=DIRECTION('ref_axis',(-0.956867468710612,-0.29052477918991,0.));
#7179=DIRECTION('center_axis',(0.,0.,-1.));
#7180=DIRECTION('ref_axis',(-0.956867468710612,-0.29052477918991,0.));
#7181=DIRECTION('',(0.,0.,-1.));
#7182=DIRECTION('center_axis',(0.,0.,-1.));
#7183=DIRECTION('ref_axis',(-0.895553255932103,-0.44495434124122,0.));
#7184=DIRECTION('center_axis',(0.,0.,-1.));
#7185=DIRECTION('ref_axis',(-0.895553255932103,-0.44495434124122,0.));
#7186=DIRECTION('',(0.,0.,-1.));
#7187=DIRECTION('center_axis',(0.,0.,-1.));
#7188=DIRECTION('ref_axis',(-0.836330939864187,-0.548224916458461,0.));
#7189=DIRECTION('center_axis',(0.,0.,-1.));
#7190=DIRECTION('ref_axis',(-0.836330939864187,-0.548224916458461,0.));
#7191=DIRECTION('',(0.,0.,-1.));
#7192=DIRECTION('center_axis',(0.,0.,-1.));
#7193=DIRECTION('ref_axis',(-0.75642431147385,-0.654081234260174,0.));
#7194=DIRECTION('center_axis',(0.,0.,-1.));
#7195=DIRECTION('ref_axis',(-0.75642431147385,-0.654081234260174,0.));
#7196=DIRECTION('',(0.,0.,-1.));
#7197=DIRECTION('center_axis',(0.0130520323712284,0.999914818597555,0.));
#7198=DIRECTION('ref_axis',(0.999914818597555,-0.0130520323712284,0.));
#7199=DIRECTION('',(0.999914818597555,-0.0130520323712284,0.));
#7200=DIRECTION('',(0.,0.,-1.));
#7201=DIRECTION('center_axis',(-1.,0.,0.));
#7202=DIRECTION('ref_axis',(0.,1.,0.));
#7203=DIRECTION('',(0.,1.,0.));
#7204=DIRECTION('',(0.,0.,-1.));
#7205=DIRECTION('center_axis',(-1.05582802280422E-17,-1.,0.));
#7206=DIRECTION('ref_axis',(-1.,1.05582802280422E-17,0.));
#7207=DIRECTION('',(-1.,1.05582802280422E-17,0.));
#7208=DIRECTION('',(0.,0.,-1.));
#7209=DIRECTION('center_axis',(0.999923241405955,0.0123899675628238,0.));
#7210=DIRECTION('ref_axis',(0.0123899675628238,-0.999923241405955,0.));
#7211=DIRECTION('',(0.0123899675628238,-0.999923241405955,0.));
#7212=DIRECTION('',(0.,0.,-1.));
#7213=DIRECTION('center_axis',(-1.14494910169456E-13,1.,0.));
#7214=DIRECTION('ref_axis',(1.,1.14494910169456E-13,0.));
#7215=DIRECTION('',(1.,1.14494910169456E-13,0.));
#7216=DIRECTION('',(0.,0.,-1.));
#7217=DIRECTION('center_axis',(0.,0.,-1.));
#7218=DIRECTION('ref_axis',(-7.59797989729619E-5,-0.999999997113535,0.));
#7219=DIRECTION('center_axis',(0.,0.,1.));
#7220=DIRECTION('ref_axis',(-7.59797989729619E-5,-0.999999997113535,0.));
#7221=DIRECTION('',(0.,0.,-1.));
#7222=DIRECTION('center_axis',(0.,0.,-1.));
#7223=DIRECTION('ref_axis',(0.716210430422015,-0.697884388244007,0.));
#7224=DIRECTION('center_axis',(0.,0.,-1.));
#7225=DIRECTION('ref_axis',(0.716210430422015,-0.697884388244007,0.));
#7226=DIRECTION('',(0.,0.,-1.));
#7227=DIRECTION('center_axis',(0.,0.,-1.));
#7228=DIRECTION('ref_axis',(0.866408034357681,-0.49933667800439,0.));
#7229=DIRECTION('center_axis',(0.,0.,-1.));
#7230=DIRECTION('ref_axis',(0.866408034357681,-0.49933667800439,0.));
#7231=DIRECTION('',(0.,0.,-1.));
#7232=DIRECTION('center_axis',(0.,0.,-1.));
#7233=DIRECTION('ref_axis',(0.985428085028058,-0.170092590191149,0.));
#7234=DIRECTION('center_axis',(0.,0.,-1.));
#7235=DIRECTION('ref_axis',(0.985428085028058,-0.170092590191149,0.));
#7236=DIRECTION('',(0.,0.,-1.));
#7237=DIRECTION('center_axis',(0.,0.,-1.));
#7238=DIRECTION('ref_axis',(0.983726107373598,0.179674554880731,0.));
#7239=DIRECTION('center_axis',(0.,0.,-1.));
#7240=DIRECTION('ref_axis',(0.983726107373598,0.179674554880731,0.));
#7241=DIRECTION('',(0.,0.,-1.));
#7242=DIRECTION('center_axis',(0.,0.,-1.));
#7243=DIRECTION('ref_axis',(0.867993616236982,0.496575353971427,0.));
#7244=DIRECTION('center_axis',(0.,0.,-1.));
#7245=DIRECTION('ref_axis',(0.867993616236982,0.496575353971427,0.));
#7246=DIRECTION('',(0.,0.,-1.));
#7247=DIRECTION('center_axis',(0.,0.,-1.));
#7248=DIRECTION('ref_axis',(0.805054695512294,0.593200587688184,0.));
#7249=DIRECTION('center_axis',(0.,0.,-1.));
#7250=DIRECTION('ref_axis',(0.805054695512294,0.593200587688184,0.));
#7251=DIRECTION('',(0.,0.,-1.));
#7252=DIRECTION('center_axis',(0.,0.,-1.));
#7253=DIRECTION('ref_axis',(0.755064878343651,0.655650081592222,0.));
#7254=DIRECTION('center_axis',(0.,0.,-1.));
#7255=DIRECTION('ref_axis',(0.755064878343651,0.655650081592222,0.));
#7256=DIRECTION('',(0.,0.,-1.));
#7257=DIRECTION('center_axis',(0.,0.,-1.));
#7258=DIRECTION('ref_axis',(-7.92977543120447E-7,0.999999999999686,0.));
#7259=DIRECTION('center_axis',(0.,0.,1.));
#7260=DIRECTION('ref_axis',(-7.92977543120447E-7,0.999999999999686,0.));
#7261=DIRECTION('',(0.,0.,-1.));
#7262=DIRECTION('center_axis',(-1.22085946171586E-12,-1.,0.));
#7263=DIRECTION('ref_axis',(-1.,1.22085946171586E-12,0.));
#7264=DIRECTION('',(-1.,1.22085946171586E-12,0.));
#7265=DIRECTION('',(0.,0.,-1.));
#7266=DIRECTION('center_axis',(0.999923241435833,-0.0123899651515638,0.));
#7267=DIRECTION('ref_axis',(-0.0123899651515638,-0.999923241435833,0.));
#7268=DIRECTION('',(-0.0123899651515638,-0.999923241435833,0.));
#7269=DIRECTION('center_axis',(-1.,0.,0.));
#7270=DIRECTION('ref_axis',(0.,1.,0.));
#7271=DIRECTION('',(0.,1.,0.));
#7272=DIRECTION('',(0.,0.,-1.));
#7273=DIRECTION('center_axis',(0.0153945697776993,-0.999881496589151,0.));
#7274=DIRECTION('ref_axis',(-0.999881496589151,-0.0153945697776993,0.));
#7275=DIRECTION('',(-0.999881496589151,-0.0153945697776993,0.));
#7276=DIRECTION('',(0.,0.,-1.));
#7277=DIRECTION('center_axis',(0.,0.,-1.));
#7278=DIRECTION('ref_axis',(-0.731026132142331,0.682349466274447,0.));
#7279=DIRECTION('center_axis',(0.,0.,-1.));
#7280=DIRECTION('ref_axis',(-0.731026132142331,0.682349466274447,0.));
#7281=DIRECTION('center_axis',(0.,0.,1.));
#7282=DIRECTION('ref_axis',(-1.,0.,0.));
#7283=DIRECTION('center_axis',(0.,0.,-1.));
#7284=DIRECTION('ref_axis',(0.042669980849565,-0.99908922160851,0.));
#7285=DIRECTION('center_axis',(0.,0.,-1.));
#7286=DIRECTION('ref_axis',(0.188971855327872,-0.981982503863456,0.));
#7287=DIRECTION('center_axis',(0.,0.,-1.));
#7288=DIRECTION('ref_axis',(0.398339556968717,-0.917238026552523,0.));
#7289=DIRECTION('center_axis',(0.,0.,-1.));
#7290=DIRECTION('ref_axis',(0.591470645611943,-0.806326531486712,0.));
#7291=DIRECTION('center_axis',(0.,0.,-1.));
#7292=DIRECTION('ref_axis',(0.711446056361981,-0.702740712416027,0.));
#7293=DIRECTION('center_axis',(0.,0.,-1.));
#7294=DIRECTION('ref_axis',(0.819013397804386,-0.573774393134545,0.));
#7295=DIRECTION('center_axis',(0.,0.,-1.));
#7296=DIRECTION('ref_axis',(0.922125489237492,-0.386890917570464,0.));
#7297=DIRECTION('center_axis',(0.,0.,-1.));
#7298=DIRECTION('ref_axis',(0.983632468138367,-0.180186480136619,0.));
#7299=DIRECTION('center_axis',(0.,0.,-1.));
#7300=DIRECTION('ref_axis',(0.999991514931185,-0.00411947395114362,0.));
#7301=DIRECTION('center_axis',(0.,0.,-1.));
#7302=DIRECTION('ref_axis',(0.985834997490202,0.167718090030545,0.));
#7303=DIRECTION('center_axis',(0.,0.,-1.));
#7304=DIRECTION('ref_axis',(0.926548018234352,0.376176514293483,0.));
#7305=DIRECTION('center_axis',(0.,0.,-1.));
#7306=DIRECTION('ref_axis',(0.822231199342449,0.569153630250988,0.));
#7307=DIRECTION('center_axis',(0.,0.,-1.));
#7308=DIRECTION('ref_axis',(0.704554927908895,0.70964945822518,0.));
#7309=DIRECTION('center_axis',(0.,0.,-1.));
#7310=DIRECTION('ref_axis',(0.532719770260591,0.846291702885892,0.));
#7311=DIRECTION('center_axis',(0.,0.,-1.));
#7312=DIRECTION('ref_axis',(0.307877074507454,0.951426143740402,0.));
#7313=DIRECTION('center_axis',(0.,0.,-1.));
#7314=DIRECTION('ref_axis',(0.0621967714556755,0.998063906581382,0.));
#7315=DIRECTION('center_axis',(0.,0.,-1.));
#7316=DIRECTION('ref_axis',(-0.16567818014619,0.986179872347558,0.));
#7317=DIRECTION('center_axis',(0.,0.,-1.));
#7318=DIRECTION('ref_axis',(-0.388577144326466,0.92141619418539,0.));
#7319=DIRECTION('center_axis',(0.,0.,-1.));
#7320=DIRECTION('ref_axis',(-0.586757290684592,0.809762855303006,0.));
#7321=DIRECTION('center_axis',(0.,0.,-1.));
#7322=DIRECTION('ref_axis',(-0.754514399532404,0.656283491258356,0.));
#7323=DIRECTION('center_axis',(0.,0.,-1.));
#7324=DIRECTION('ref_axis',(-0.885221238788325,0.465170246681861,0.));
#7325=DIRECTION('center_axis',(0.,0.,-1.));
#7326=DIRECTION('ref_axis',(-0.931936434557658,0.362621678811347,0.));
#7327=DIRECTION('center_axis',(0.,0.,-1.));
#7328=DIRECTION('ref_axis',(-0.973079765755284,0.230468586748045,0.));
#7329=DIRECTION('center_axis',(0.,0.,-1.));
#7330=DIRECTION('ref_axis',(-0.995252267930011,0.0973289431781209,0.));
#7331=DIRECTION('center_axis',(0.,0.,-1.));
#7332=DIRECTION('ref_axis',(-0.99999885831803,-0.001511079956895,0.));
#7333=DIRECTION('center_axis',(0.,0.,-1.));
#7334=DIRECTION('ref_axis',(-0.980243254342656,-0.197795759094372,0.));
#7335=DIRECTION('center_axis',(0.,0.,-1.));
#7336=DIRECTION('ref_axis',(-0.907238756452233,-0.420616022984153,0.));
#7337=DIRECTION('center_axis',(0.,0.,-1.));
#7338=DIRECTION('ref_axis',(-0.784100545064792,-0.620633817342478,0.));
#7339=DIRECTION('center_axis',(0.,0.,-1.));
#7340=DIRECTION('ref_axis',(-0.645664409448546,-0.763621287269718,0.));
#7341=DIRECTION('center_axis',(0.,0.,-1.));
#7342=DIRECTION('ref_axis',(-0.505377448473095,-0.862898391802201,0.));
#7343=DIRECTION('center_axis',(0.,0.,-1.));
#7344=DIRECTION('ref_axis',(-0.308015183587447,-0.951381441210407,0.));
#7345=DIRECTION('center_axis',(0.,0.,-1.));
#7346=DIRECTION('ref_axis',(-0.103456463413223,-0.994633983019899,0.));
#7347=DIRECTION('center_axis',(0.,0.,1.));
#7348=DIRECTION('ref_axis',(0.819013731674515,-0.573773916563471,0.));
#7349=DIRECTION('center_axis',(0.,0.,1.));
#7350=DIRECTION('ref_axis',(0.711445964112042,-0.702740805808719,0.));
#7351=DIRECTION('center_axis',(0.,0.,1.));
#7352=DIRECTION('ref_axis',(0.591470497671648,-0.806326640006426,0.));
#7353=DIRECTION('center_axis',(0.,0.,1.));
#7354=DIRECTION('ref_axis',(0.398339632803523,-0.917237993618861,0.));
#7355=DIRECTION('center_axis',(0.,0.,1.));
#7356=DIRECTION('ref_axis',(0.188971552012411,-0.981982562233169,0.));
#7357=DIRECTION('center_axis',(0.,0.,1.));
#7358=DIRECTION('ref_axis',(0.0426697624870578,-0.999089230934504,0.));
#7359=DIRECTION('center_axis',(0.,0.,1.));
#7360=DIRECTION('ref_axis',(-0.103456422719212,-0.99463398725267,0.));
#7361=DIRECTION('center_axis',(0.,0.,1.));
#7362=DIRECTION('ref_axis',(-0.308014982242484,-0.951381506396967,0.));
#7363=DIRECTION('center_axis',(0.,0.,1.));
#7364=DIRECTION('ref_axis',(-0.505377439499724,-0.862898397057674,0.));
#7365=DIRECTION('center_axis',(0.,0.,1.));
#7366=DIRECTION('ref_axis',(-0.645664302049783,-0.763621378078538,0.));
#7367=DIRECTION('center_axis',(0.,0.,1.));
#7368=DIRECTION('ref_axis',(-0.784100654510351,-0.620633679070383,0.));
#7369=DIRECTION('center_axis',(0.,0.,1.));
#7370=DIRECTION('ref_axis',(-0.907238929107986,-0.420615650577811,0.));
#7371=DIRECTION('center_axis',(0.,0.,1.));
#7372=DIRECTION('ref_axis',(-0.980243306287114,-0.197795501666009,0.));
#7373=DIRECTION('center_axis',(0.,0.,1.));
#7374=DIRECTION('ref_axis',(-0.999998857688433,-0.00151149655251455,0.));
#7375=DIRECTION('center_axis',(0.,0.,1.));
#7376=DIRECTION('ref_axis',(-0.995252264866922,0.0973289745002119,0.));
#7377=DIRECTION('center_axis',(0.,0.,1.));
#7378=DIRECTION('ref_axis',(-0.973079796410116,0.230468457317799,0.));
#7379=DIRECTION('center_axis',(0.,0.,1.));
#7380=DIRECTION('ref_axis',(-0.931936508818103,0.362621487962209,0.));
#7381=DIRECTION('center_axis',(0.,0.,1.));
#7382=DIRECTION('ref_axis',(-0.885221245668145,0.46517023358953,0.));
#7383=DIRECTION('center_axis',(0.,0.,1.));
#7384=DIRECTION('ref_axis',(-0.754514460174709,0.656283421539252,0.));
#7385=DIRECTION('center_axis',(0.,0.,1.));
#7386=DIRECTION('ref_axis',(-0.586757375723445,0.809762793683518,0.));
#7387=DIRECTION('center_axis',(0.,0.,1.));
#7388=DIRECTION('ref_axis',(-0.388577047572472,0.921416234988217,0.));
#7389=DIRECTION('center_axis',(0.,0.,1.));
#7390=DIRECTION('ref_axis',(-0.165678337138758,0.9861798459728,0.));
#7391=DIRECTION('center_axis',(0.,0.,1.));
#7392=DIRECTION('ref_axis',(0.0621967139287115,0.998063910166313,0.));
#7393=DIRECTION('center_axis',(0.,0.,1.));
#7394=DIRECTION('ref_axis',(0.307877236086782,0.951426091454068,0.));
#7395=DIRECTION('center_axis',(0.,0.,1.));
#7396=DIRECTION('ref_axis',(0.53272010487856,0.846291492252035,0.));
#7397=DIRECTION('center_axis',(0.,0.,1.));
#7398=DIRECTION('ref_axis',(0.70455517143963,0.709649216442654,0.));
#7399=DIRECTION('center_axis',(0.,0.,1.));
#7400=DIRECTION('ref_axis',(0.822231213889932,0.569153609234879,0.));
#7401=DIRECTION('center_axis',(0.,0.,1.));
#7402=DIRECTION('ref_axis',(0.926547892041533,0.376176825114721,0.));
#7403=DIRECTION('center_axis',(0.,0.,1.));
#7404=DIRECTION('ref_axis',(0.985834937038794,0.167718445359229,0.));
#7405=DIRECTION('center_axis',(0.,0.,1.));
#7406=DIRECTION('ref_axis',(0.99999151480425,-0.00411950476401349,0.));
#7407=DIRECTION('center_axis',(0.,0.,1.));
#7408=DIRECTION('ref_axis',(0.983632441223384,-0.180186627064626,0.));
#7409=DIRECTION('center_axis',(0.,0.,1.));
#7410=DIRECTION('ref_axis',(0.922125318980742,-0.38689132336441,0.));
#7411=DIRECTION('center_axis',(0.,0.,1.));
#7412=DIRECTION('ref_axis',(-0.931936508818103,0.362621487962209,0.));
#7413=DIRECTION('',(0.,0.,1.));
#7414=DIRECTION('center_axis',(0.,0.,1.));
#7415=DIRECTION('ref_axis',(-0.931936508818103,0.362621487962209,0.));
#7416=DIRECTION('',(0.,0.,-1.));
#7417=DIRECTION('center_axis',(0.,0.,1.));
#7418=DIRECTION('ref_axis',(-0.885221245668145,0.46517023358953,0.));
#7419=DIRECTION('center_axis',(0.,0.,1.));
#7420=DIRECTION('ref_axis',(-0.885221245668145,0.46517023358953,0.));
#7421=DIRECTION('',(0.,0.,1.));
#7422=DIRECTION('center_axis',(0.,0.,1.));
#7423=DIRECTION('ref_axis',(-0.973079796410116,0.230468457317799,0.));
#7424=DIRECTION('',(0.,0.,1.));
#7425=DIRECTION('center_axis',(0.,0.,1.));
#7426=DIRECTION('ref_axis',(-0.973079796410116,0.230468457317799,0.));
#7427=DIRECTION('center_axis',(0.,0.,1.));
#7428=DIRECTION('ref_axis',(-0.754514460174709,0.656283421539252,0.));
#7429=DIRECTION('center_axis',(0.,0.,1.));
#7430=DIRECTION('ref_axis',(-0.754514460174709,0.656283421539252,0.));
#7431=DIRECTION('',(0.,0.,1.));
#7432=DIRECTION('center_axis',(0.,0.,1.));
#7433=DIRECTION('ref_axis',(-0.995252264866922,0.0973289745002119,0.));
#7434=DIRECTION('',(0.,0.,1.));
#7435=DIRECTION('center_axis',(0.,0.,1.));
#7436=DIRECTION('ref_axis',(-0.995252264866922,0.0973289745002119,0.));
#7437=DIRECTION('center_axis',(0.,0.,1.));
#7438=DIRECTION('ref_axis',(-0.586757375723445,0.809762793683518,0.));
#7439=DIRECTION('center_axis',(0.,0.,1.));
#7440=DIRECTION('ref_axis',(-0.586757375723445,0.809762793683518,0.));
#7441=DIRECTION('',(0.,0.,1.));
#7442=DIRECTION('center_axis',(0.,0.,1.));
#7443=DIRECTION('ref_axis',(-0.999998857688433,-0.00151149655251455,0.));
#7444=DIRECTION('',(0.,0.,1.));
#7445=DIRECTION('center_axis',(0.,0.,1.));
#7446=DIRECTION('ref_axis',(-0.999998857688433,-0.00151149655251455,0.));
#7447=DIRECTION('center_axis',(0.,0.,1.));
#7448=DIRECTION('ref_axis',(-0.388577047572472,0.921416234988217,0.));
#7449=DIRECTION('center_axis',(0.,0.,1.));
#7450=DIRECTION('ref_axis',(-0.388577047572472,0.921416234988217,0.));
#7451=DIRECTION('',(0.,0.,1.));
#7452=DIRECTION('center_axis',(0.,0.,1.));
#7453=DIRECTION('ref_axis',(-0.980243306287114,-0.197795501666009,0.));
#7454=DIRECTION('',(0.,0.,1.));
#7455=DIRECTION('center_axis',(0.,0.,1.));
#7456=DIRECTION('ref_axis',(-0.980243306287114,-0.197795501666009,0.));
#7457=DIRECTION('center_axis',(0.,0.,1.));
#7458=DIRECTION('ref_axis',(-0.165678337138758,0.9861798459728,0.));
#7459=DIRECTION('center_axis',(0.,0.,1.));
#7460=DIRECTION('ref_axis',(-0.165678337138758,0.9861798459728,0.));
#7461=DIRECTION('',(0.,0.,1.));
#7462=DIRECTION('center_axis',(0.,0.,1.));
#7463=DIRECTION('ref_axis',(-0.907238929107986,-0.420615650577811,0.));
#7464=DIRECTION('',(0.,0.,1.));
#7465=DIRECTION('center_axis',(0.,0.,1.));
#7466=DIRECTION('ref_axis',(-0.907238929107986,-0.420615650577811,0.));
#7467=DIRECTION('center_axis',(0.,0.,1.));
#7468=DIRECTION('ref_axis',(0.0621967139287115,0.998063910166313,0.));
#7469=DIRECTION('center_axis',(0.,0.,1.));
#7470=DIRECTION('ref_axis',(0.0621967139287115,0.998063910166313,0.));
#7471=DIRECTION('',(0.,0.,1.));
#7472=DIRECTION('center_axis',(0.,0.,1.));
#7473=DIRECTION('ref_axis',(-0.784100654510351,-0.620633679070383,0.));
#7474=DIRECTION('',(0.,0.,1.));
#7475=DIRECTION('center_axis',(0.,0.,1.));
#7476=DIRECTION('ref_axis',(-0.784100654510351,-0.620633679070383,0.));
#7477=DIRECTION('center_axis',(0.,0.,1.));
#7478=DIRECTION('ref_axis',(0.307877236086782,0.951426091454068,0.));
#7479=DIRECTION('center_axis',(0.,0.,1.));
#7480=DIRECTION('ref_axis',(0.307877236086782,0.951426091454068,0.));
#7481=DIRECTION('',(0.,0.,1.));
#7482=DIRECTION('center_axis',(0.,0.,1.));
#7483=DIRECTION('ref_axis',(-0.645664302049783,-0.763621378078538,0.));
#7484=DIRECTION('',(0.,0.,1.));
#7485=DIRECTION('center_axis',(0.,0.,1.));
#7486=DIRECTION('ref_axis',(-0.645664302049783,-0.763621378078538,0.));
#7487=DIRECTION('center_axis',(0.,0.,1.));
#7488=DIRECTION('ref_axis',(0.53272010487856,0.846291492252035,0.));
#7489=DIRECTION('center_axis',(0.,0.,1.));
#7490=DIRECTION('ref_axis',(0.53272010487856,0.846291492252035,0.));
#7491=DIRECTION('',(0.,0.,1.));
#7492=DIRECTION('center_axis',(0.,0.,1.));
#7493=DIRECTION('ref_axis',(-0.505377439499724,-0.862898397057674,0.));
#7494=DIRECTION('',(0.,0.,1.));
#7495=DIRECTION('center_axis',(0.,0.,1.));
#7496=DIRECTION('ref_axis',(-0.505377439499724,-0.862898397057674,0.));
#7497=DIRECTION('center_axis',(0.,0.,1.));
#7498=DIRECTION('ref_axis',(0.70455517143963,0.709649216442654,0.));
#7499=DIRECTION('center_axis',(0.,0.,1.));
#7500=DIRECTION('ref_axis',(0.70455517143963,0.709649216442654,0.));
#7501=DIRECTION('',(0.,0.,1.));
#7502=DIRECTION('center_axis',(0.,0.,1.));
#7503=DIRECTION('ref_axis',(-0.308014982242484,-0.951381506396967,0.));
#7504=DIRECTION('',(0.,0.,1.));
#7505=DIRECTION('center_axis',(0.,0.,1.));
#7506=DIRECTION('ref_axis',(-0.308014982242484,-0.951381506396967,0.));
#7507=DIRECTION('center_axis',(0.,0.,1.));
#7508=DIRECTION('ref_axis',(0.822231213889932,0.569153609234879,0.));
#7509=DIRECTION('center_axis',(0.,0.,1.));
#7510=DIRECTION('ref_axis',(0.822231213889932,0.569153609234879,0.));
#7511=DIRECTION('',(0.,0.,1.));
#7512=DIRECTION('center_axis',(0.,0.,1.));
#7513=DIRECTION('ref_axis',(-0.103456422719212,-0.99463398725267,0.));
#7514=DIRECTION('',(0.,0.,1.));
#7515=DIRECTION('center_axis',(0.,0.,1.));
#7516=DIRECTION('ref_axis',(-0.103456422719212,-0.99463398725267,0.));
#7517=DIRECTION('center_axis',(0.,0.,1.));
#7518=DIRECTION('ref_axis',(0.926547892041533,0.376176825114721,0.));
#7519=DIRECTION('center_axis',(0.,0.,1.));
#7520=DIRECTION('ref_axis',(0.926547892041533,0.376176825114721,0.));
#7521=DIRECTION('',(0.,0.,1.));
#7522=DIRECTION('center_axis',(0.,0.,1.));
#7523=DIRECTION('ref_axis',(0.0426697624870578,-0.999089230934504,0.));
#7524=DIRECTION('',(0.,0.,1.));
#7525=DIRECTION('center_axis',(0.,0.,1.));
#7526=DIRECTION('ref_axis',(0.0426697624870578,-0.999089230934504,0.));
#7527=DIRECTION('center_axis',(0.,0.,1.));
#7528=DIRECTION('ref_axis',(0.985834937038794,0.167718445359229,0.));
#7529=DIRECTION('center_axis',(0.,0.,1.));
#7530=DIRECTION('ref_axis',(0.985834937038794,0.167718445359229,0.));
#7531=DIRECTION('',(0.,0.,1.));
#7532=DIRECTION('center_axis',(0.,0.,1.));
#7533=DIRECTION('ref_axis',(0.188971552012411,-0.981982562233169,0.));
#7534=DIRECTION('',(0.,0.,1.));
#7535=DIRECTION('center_axis',(0.,0.,1.));
#7536=DIRECTION('ref_axis',(0.188971552012411,-0.981982562233169,0.));
#7537=DIRECTION('center_axis',(0.,0.,1.));
#7538=DIRECTION('ref_axis',(0.99999151480425,-0.00411950476401349,0.));
#7539=DIRECTION('center_axis',(0.,0.,1.));
#7540=DIRECTION('ref_axis',(0.99999151480425,-0.00411950476401349,0.));
#7541=DIRECTION('',(0.,0.,1.));
#7542=DIRECTION('center_axis',(0.,0.,1.));
#7543=DIRECTION('ref_axis',(0.398339632803523,-0.917237993618861,0.));
#7544=DIRECTION('',(0.,0.,1.));
#7545=DIRECTION('center_axis',(0.,0.,1.));
#7546=DIRECTION('ref_axis',(0.398339632803523,-0.917237993618861,0.));
#7547=DIRECTION('center_axis',(0.,0.,1.));
#7548=DIRECTION('ref_axis',(0.983632441223384,-0.180186627064626,0.));
#7549=DIRECTION('center_axis',(0.,0.,1.));
#7550=DIRECTION('ref_axis',(0.983632441223384,-0.180186627064626,0.));
#7551=DIRECTION('',(0.,0.,1.));
#7552=DIRECTION('center_axis',(0.,0.,1.));
#7553=DIRECTION('ref_axis',(0.591470497671648,-0.806326640006426,0.));
#7554=DIRECTION('',(0.,0.,1.));
#7555=DIRECTION('center_axis',(0.,0.,1.));
#7556=DIRECTION('ref_axis',(0.591470497671648,-0.806326640006426,0.));
#7557=DIRECTION('center_axis',(0.,0.,1.));
#7558=DIRECTION('ref_axis',(0.922125318980742,-0.38689132336441,0.));
#7559=DIRECTION('center_axis',(0.,0.,1.));
#7560=DIRECTION('ref_axis',(0.922125318980742,-0.38689132336441,0.));
#7561=DIRECTION('',(0.,0.,1.));
#7562=DIRECTION('center_axis',(0.,0.,1.));
#7563=DIRECTION('ref_axis',(0.711445964112042,-0.702740805808719,0.));
#7564=DIRECTION('',(0.,0.,1.));
#7565=DIRECTION('center_axis',(0.,0.,1.));
#7566=DIRECTION('ref_axis',(0.711445964112042,-0.702740805808719,0.));
#7567=DIRECTION('center_axis',(0.,0.,1.));
#7568=DIRECTION('ref_axis',(0.819013731674515,-0.573773916563471,0.));
#7569=DIRECTION('center_axis',(0.,0.,1.));
#7570=DIRECTION('ref_axis',(0.819013731674515,-0.573773916563471,0.));
#7571=DIRECTION('center_axis',(0.,0.,1.));
#7572=DIRECTION('ref_axis',(-0.16567818014619,0.986179872347558,0.));
#7573=DIRECTION('',(0.,0.,1.));
#7574=DIRECTION('',(0.,0.,-1.));
#7575=DIRECTION('center_axis',(0.,0.,1.));
#7576=DIRECTION('ref_axis',(-0.388577144326466,0.92141619418539,0.));
#7577=DIRECTION('',(0.,0.,1.));
#7578=DIRECTION('center_axis',(0.,0.,1.));
#7579=DIRECTION('ref_axis',(0.0621967714556755,0.998063906581382,0.));
#7580=DIRECTION('',(0.,0.,1.));
#7581=DIRECTION('center_axis',(0.,0.,1.));
#7582=DIRECTION('ref_axis',(-0.586757290684592,0.809762855303006,0.));
#7583=DIRECTION('',(0.,0.,1.));
#7584=DIRECTION('center_axis',(0.,0.,1.));
#7585=DIRECTION('ref_axis',(0.307877074507454,0.951426143740402,0.));
#7586=DIRECTION('',(0.,0.,1.));
#7587=DIRECTION('center_axis',(0.,0.,1.));
#7588=DIRECTION('ref_axis',(-0.754514399532404,0.656283491258356,0.));
#7589=DIRECTION('',(0.,0.,1.));
#7590=DIRECTION('center_axis',(0.,0.,1.));
#7591=DIRECTION('ref_axis',(0.532719770260591,0.846291702885892,0.));
#7592=DIRECTION('',(0.,0.,1.));
#7593=DIRECTION('center_axis',(0.,0.,1.));
#7594=DIRECTION('ref_axis',(-0.885221238788325,0.465170246681861,0.));
#7595=DIRECTION('',(0.,0.,1.));
#7596=DIRECTION('center_axis',(0.,0.,1.));
#7597=DIRECTION('ref_axis',(0.704554927908895,0.70964945822518,0.));
#7598=DIRECTION('',(0.,0.,1.));
#7599=DIRECTION('center_axis',(0.,0.,1.));
#7600=DIRECTION('ref_axis',(-0.931936434557658,0.362621678811347,0.));
#7601=DIRECTION('',(0.,0.,1.));
#7602=DIRECTION('center_axis',(0.,0.,1.));
#7603=DIRECTION('ref_axis',(0.822231199342449,0.569153630250988,0.));
#7604=DIRECTION('',(0.,0.,1.));
#7605=DIRECTION('center_axis',(0.,0.,1.));
#7606=DIRECTION('ref_axis',(-0.973079765755284,0.230468586748045,0.));
#7607=DIRECTION('',(0.,0.,1.));
#7608=DIRECTION('center_axis',(0.,0.,1.));
#7609=DIRECTION('ref_axis',(0.926548018234352,0.376176514293483,0.));
#7610=DIRECTION('',(0.,0.,1.));
#7611=DIRECTION('center_axis',(0.,0.,1.));
#7612=DIRECTION('ref_axis',(-0.995252267930011,0.0973289431781209,0.));
#7613=DIRECTION('',(0.,0.,1.));
#7614=DIRECTION('center_axis',(0.,0.,1.));
#7615=DIRECTION('ref_axis',(0.985834997490202,0.167718090030545,0.));
#7616=DIRECTION('',(0.,0.,1.));
#7617=DIRECTION('center_axis',(0.,0.,1.));
#7618=DIRECTION('ref_axis',(-0.99999885831803,-0.001511079956895,0.));
#7619=DIRECTION('',(0.,0.,1.));
#7620=DIRECTION('center_axis',(0.,0.,1.));
#7621=DIRECTION('ref_axis',(0.999991514931185,-0.00411947395114362,0.));
#7622=DIRECTION('',(0.,0.,1.));
#7623=DIRECTION('center_axis',(0.,0.,1.));
#7624=DIRECTION('ref_axis',(-0.980243254342656,-0.197795759094372,0.));
#7625=DIRECTION('',(0.,0.,1.));
#7626=DIRECTION('center_axis',(0.,0.,1.));
#7627=DIRECTION('ref_axis',(0.983632468138367,-0.180186480136619,0.));
#7628=DIRECTION('',(0.,0.,1.));
#7629=DIRECTION('center_axis',(0.,0.,1.));
#7630=DIRECTION('ref_axis',(-0.907238756452233,-0.420616022984153,0.));
#7631=DIRECTION('',(0.,0.,1.));
#7632=DIRECTION('center_axis',(0.,0.,1.));
#7633=DIRECTION('ref_axis',(0.922125489237492,-0.386890917570464,0.));
#7634=DIRECTION('',(0.,0.,1.));
#7635=DIRECTION('center_axis',(0.,0.,1.));
#7636=DIRECTION('ref_axis',(-0.784100545064792,-0.620633817342478,0.));
#7637=DIRECTION('',(0.,0.,1.));
#7638=DIRECTION('center_axis',(0.,0.,1.));
#7639=DIRECTION('ref_axis',(0.819013397804386,-0.573774393134545,0.));
#7640=DIRECTION('',(0.,0.,1.));
#7641=DIRECTION('center_axis',(0.,0.,1.));
#7642=DIRECTION('ref_axis',(-0.645664409448546,-0.763621287269718,0.));
#7643=DIRECTION('',(0.,0.,1.));
#7644=DIRECTION('center_axis',(0.,0.,1.));
#7645=DIRECTION('ref_axis',(0.711446056361981,-0.702740712416027,0.));
#7646=DIRECTION('',(0.,0.,1.));
#7647=DIRECTION('center_axis',(0.,0.,1.));
#7648=DIRECTION('ref_axis',(-0.505377448473095,-0.862898391802201,0.));
#7649=DIRECTION('',(0.,0.,1.));
#7650=DIRECTION('center_axis',(0.,0.,1.));
#7651=DIRECTION('ref_axis',(0.591470645611943,-0.806326531486712,0.));
#7652=DIRECTION('',(0.,0.,1.));
#7653=DIRECTION('center_axis',(0.,0.,1.));
#7654=DIRECTION('ref_axis',(-0.308015183587447,-0.951381441210407,0.));
#7655=DIRECTION('',(0.,0.,1.));
#7656=DIRECTION('center_axis',(0.,0.,1.));
#7657=DIRECTION('ref_axis',(0.398339556968717,-0.917238026552523,0.));
#7658=DIRECTION('',(0.,0.,1.));
#7659=DIRECTION('center_axis',(0.,0.,1.));
#7660=DIRECTION('ref_axis',(-0.103456463413223,-0.994633983019899,0.));
#7661=DIRECTION('',(0.,0.,1.));
#7662=DIRECTION('center_axis',(0.,0.,1.));
#7663=DIRECTION('ref_axis',(0.188971855327872,-0.981982503863456,0.));
#7664=DIRECTION('',(0.,0.,1.));
#7665=DIRECTION('center_axis',(0.,0.,1.));
#7666=DIRECTION('ref_axis',(0.042669980849565,-0.99908922160851,0.));
#7667=DIRECTION('center_axis',(0.,0.,1.));
#7668=DIRECTION('ref_axis',(-0.714474871974451,-0.699661101760768,0.));
#7669=DIRECTION('',(0.,0.,1.));
#7670=DIRECTION('',(0.,0.,-1.));
#7671=DIRECTION('center_axis',(0.,0.,1.));
#7672=DIRECTION('ref_axis',(-0.696545739221269,-0.717512392347823,0.));
#7673=DIRECTION('',(0.,0.,-1.));
#7674=DIRECTION('center_axis',(0.,0.,1.));
#7675=DIRECTION('ref_axis',(-0.00971133235130343,-0.999952843900132,0.));
#7676=DIRECTION('',(0.,0.,-1.));
#7677=DIRECTION('center_axis',(-0.0130520323720657,-0.999914818597544,0.));
#7678=DIRECTION('ref_axis',(0.999914818597544,-0.0130520323720657,0.));
#7679=DIRECTION('center_axis',(1.11286183423332E-13,-1.,0.));
#7680=DIRECTION('ref_axis',(1.,1.11286183423332E-13,0.));
#7681=DIRECTION('',(0.,0.,-1.));
#7682=DIRECTION('center_axis',(0.,0.,1.));
#7683=DIRECTION('ref_axis',(3.57020137723103E-8,-0.999999999999999,0.));
#7684=DIRECTION('',(0.,0.,-1.));
#7685=DIRECTION('center_axis',(0.,0.,1.));
#7686=DIRECTION('ref_axis',(0.866408072925266,-0.499336611085075,0.));
#7687=DIRECTION('',(0.,0.,-1.));
#7688=DIRECTION('center_axis',(0.,0.,1.));
#7689=DIRECTION('ref_axis',(0.985428023152253,-0.170092948667022,0.));
#7690=DIRECTION('',(0.,0.,-1.));
#7691=DIRECTION('center_axis',(0.,0.,1.));
#7692=DIRECTION('ref_axis',(0.983726125441669,0.179674455957216,0.));
#7693=DIRECTION('center_axis',(0.,0.,1.));
#7694=DIRECTION('ref_axis',(0.805054484493217,0.593200874069956,0.));
#7695=DIRECTION('',(0.,0.,-1.));
#7696=DIRECTION('center_axis',(0.,0.,1.));
#7697=DIRECTION('ref_axis',(0.755065957568271,0.655648838725053,0.));
#7698=DIRECTION('',(0.,0.,-1.));
#7699=DIRECTION('center_axis',(0.,0.,1.));
#7700=DIRECTION('ref_axis',(0.706919069988617,0.707294442567188,0.));
#7701=DIRECTION('',(0.,0.,-1.));
#7702=DIRECTION('center_axis',(0.,0.,1.));
#7703=DIRECTION('ref_axis',(-0.00730053747857318,0.99997335072117,0.));
#7704=DIRECTION('',(0.,0.,-1.));
#7705=DIRECTION('center_axis',(0.,0.,-1.));
#7706=DIRECTION('ref_axis',(1.,0.,0.));
#7707=DIRECTION('center_axis',(0.,0.,-1.));
#7708=DIRECTION('ref_axis',(-0.932318842566059,0.361637353983633,0.));
#7709=DIRECTION('center_axis',(0.,0.,-1.));
#7710=DIRECTION('ref_axis',(-0.974125979571646,0.226005698874123,0.));
#7711=DIRECTION('center_axis',(0.,0.,-1.));
#7712=DIRECTION('ref_axis',(-0.996201410480179,0.0870789857388219,0.));
#7713=DIRECTION('center_axis',(0.,0.,-1.));
#7714=DIRECTION('ref_axis',(-0.999999106328055,0.00133691551357164,0.));
#7715=DIRECTION('center_axis',(0.,0.,-1.));
#7716=DIRECTION('ref_axis',(-0.992058436823694,-0.125777811743285,0.));
#7717=DIRECTION('center_axis',(0.,0.,-1.));
#7718=DIRECTION('ref_axis',(-0.956867529475053,-0.290524579057105,0.));
#7719=DIRECTION('center_axis',(0.,0.,-1.));
#7720=DIRECTION('ref_axis',(-0.895553525292092,-0.444953799103802,0.));
#7721=DIRECTION('center_axis',(0.,0.,-1.));
#7722=DIRECTION('ref_axis',(-0.836330954044011,-0.54822489482678,0.));
#7723=DIRECTION('center_axis',(0.,0.,-1.));
#7724=DIRECTION('ref_axis',(-0.786105131921093,-0.618092809833055,0.));
#7725=DIRECTION('',(0.999914818597544,-0.0130520323720657,0.));
#7726=DIRECTION('',(0.,1.,0.));
#7727=DIRECTION('',(-1.,2.40161188630895E-17,0.));
#7728=DIRECTION('',(0.0123899675628247,-0.999923241405955,0.));
#7729=DIRECTION('',(1.,1.11240936818315E-13,0.));
#7730=DIRECTION('center_axis',(0.,0.,-1.));
#7731=DIRECTION('ref_axis',(0.866408070157476,-0.499336615887518,0.));
#7732=DIRECTION('center_axis',(0.,0.,-1.));
#7733=DIRECTION('ref_axis',(0.985428027767013,-0.170092921931557,0.));
#7734=DIRECTION('center_axis',(0.,0.,-1.));
#7735=DIRECTION('ref_axis',(0.867993468727978,0.496575611811105,0.));
#7736=DIRECTION('center_axis',(0.,0.,-1.));
#7737=DIRECTION('ref_axis',(0.805054503345247,0.593200848485181,0.));
#7738=DIRECTION('center_axis',(0.,0.,-1.));
#7739=DIRECTION('ref_axis',(0.794018307368464,0.607893845637312,0.));
#7740=DIRECTION('',(-1.,0.,0.));
#7741=DIRECTION('',(-0.0123899651515647,-0.999923241435833,0.));
#7742=DIRECTION('',(1.,0.,0.));
#7743=DIRECTION('',(0.,1.,0.));
#7744=DIRECTION('',(-0.999881496589147,-0.0153945697779402,0.));
#7745=DIRECTION('center_axis',(0.,0.,-1.));
#7746=DIRECTION('ref_axis',(-0.83400267739988,0.551760395543058,0.));
#7747=DIRECTION('center_axis',(0.,0.,-1.));
#7748=DIRECTION('ref_axis',(-0.896329155237376,0.443389270812288,0.));
#7749=DIRECTION('center_axis',(-0.0153945697779386,0.999881496589147,0.));
#7750=DIRECTION('ref_axis',(-0.999881496589147,-0.0153945697779386,0.));
#7751=DIRECTION('',(0.,0.,-1.));
#7752=DIRECTION('center_axis',(0.,0.,1.));
#7753=DIRECTION('ref_axis',(-0.766543358372896,0.642192556585952,0.));
#7754=DIRECTION('',(0.,0.,-1.));
#7755=DIRECTION('center_axis',(0.,0.,1.));
#7756=DIRECTION('ref_axis',(-0.834002681821188,0.551760388860116,0.));
#7757=DIRECTION('',(0.,0.,-1.));
#7758=DIRECTION('center_axis',(0.,0.,1.));
#7759=DIRECTION('ref_axis',(-0.896329188770796,0.443389203023131,0.));
#7760=DIRECTION('',(0.,0.,-1.));
#7761=DIRECTION('center_axis',(0.,0.,1.));
#7762=DIRECTION('ref_axis',(-0.932318857656121,0.361637315080711,0.));
#7763=DIRECTION('',(0.,0.,-1.));
#7764=DIRECTION('center_axis',(0.,0.,1.));
#7765=DIRECTION('ref_axis',(-0.974125971049541,0.226005735605955,0.));
#7766=DIRECTION('',(0.,0.,-1.));
#7767=DIRECTION('center_axis',(0.,0.,1.));
#7768=DIRECTION('ref_axis',(-0.996201397204862,0.0870791376110345,0.));
#7769=DIRECTION('',(0.,0.,-1.));
#7770=DIRECTION('center_axis',(0.,0.,1.));
#7771=DIRECTION('ref_axis',(-0.999999106356733,0.0013368940627905,0.));
#7772=DIRECTION('',(0.,0.,-1.));
#7773=DIRECTION('center_axis',(0.,0.,1.));
#7774=DIRECTION('ref_axis',(-0.992058434914294,-0.125777826803458,0.));
#7775=DIRECTION('',(0.,0.,-1.));
#7776=DIRECTION('center_axis',(0.,0.,1.));
#7777=DIRECTION('ref_axis',(-0.956867535219657,-0.29052456013676,0.));
#7778=DIRECTION('',(0.,0.,-1.));
#7779=DIRECTION('center_axis',(0.,0.,1.));
#7780=DIRECTION('ref_axis',(-0.895553549956115,-0.444953749462796,0.));
#7781=DIRECTION('',(0.,0.,-1.));
#7782=DIRECTION('center_axis',(0.,0.,1.));
#7783=DIRECTION('ref_axis',(-0.836330954912651,-0.548224893501649,0.));
#7784=DIRECTION('',(0.,0.,-1.));
#7785=DIRECTION('center_axis',(0.,0.,1.));
#7786=DIRECTION('ref_axis',(-0.756424322062116,-0.654081222015178,0.));
#7787=DIRECTION('center_axis',(0.,0.,1.));
#7788=DIRECTION('ref_axis',(0.866408070157476,-0.499336615887518,0.));
#7789=DIRECTION('',(0.,0.,-1.));
#7790=DIRECTION('center_axis',(0.,0.,-1.));
#7791=DIRECTION('ref_axis',(0.866408070157476,-0.499336615887518,0.));
#7792=DIRECTION('',(0.,0.,-1.));
#7793=DIRECTION('center_axis',(-1.11240936818315E-13,1.,0.));
#7794=DIRECTION('ref_axis',(-1.,-1.11240936818315E-13,0.));
#7795=DIRECTION('',(0.,0.,-1.));
#7796=DIRECTION('',(1.,1.11240936818315E-13,0.));
#7797=DIRECTION('center_axis',(0.999923241405955,0.0123899675628247,0.));
#7798=DIRECTION('ref_axis',(-0.0123899675628247,0.999923241405955,0.));
#7799=DIRECTION('',(0.,0.,-1.));
#7800=DIRECTION('',(0.0123899675628247,-0.999923241405955,0.));
#7801=DIRECTION('center_axis',(-2.40161188630895E-17,-1.,0.));
#7802=DIRECTION('ref_axis',(1.,-2.40161188630895E-17,0.));
#7803=DIRECTION('',(0.,0.,-1.));
#7804=DIRECTION('',(-1.,2.40161188630895E-17,0.));
#7805=DIRECTION('center_axis',(-1.,0.,0.));
#7806=DIRECTION('ref_axis',(0.,-1.,0.));
#7807=DIRECTION('',(0.,0.,-1.));
#7808=DIRECTION('',(0.,1.,0.));
#7809=DIRECTION('center_axis',(0.0130520323720657,0.999914818597544,0.));
#7810=DIRECTION('ref_axis',(-0.999914818597544,0.0130520323720657,0.));
#7811=DIRECTION('',(0.,0.,-1.));
#7812=DIRECTION('',(0.999914818597544,-0.0130520323720657,0.));
#7813=DIRECTION('center_axis',(0.,0.,1.));
#7814=DIRECTION('ref_axis',(-0.786105131921093,-0.618092809833055,0.));
#7815=DIRECTION('',(0.,0.,-1.));
#7816=DIRECTION('center_axis',(0.,0.,-1.));
#7817=DIRECTION('ref_axis',(-0.786105131921093,-0.618092809833055,0.));
#7818=DIRECTION('center_axis',(0.,0.,1.));
#7819=DIRECTION('ref_axis',(-0.836330954044011,-0.54822489482678,0.));
#7820=DIRECTION('',(0.,0.,-1.));
#7821=DIRECTION('center_axis',(0.,0.,-1.));
#7822=DIRECTION('ref_axis',(-0.836330954044011,-0.54822489482678,0.));
#7823=DIRECTION('center_axis',(0.,0.,1.));
#7824=DIRECTION('ref_axis',(-0.895553525292092,-0.444953799103802,0.));
#7825=DIRECTION('',(0.,0.,-1.));
#7826=DIRECTION('center_axis',(0.,0.,-1.));
#7827=DIRECTION('ref_axis',(-0.895553525292092,-0.444953799103802,0.));
#7828=DIRECTION('center_axis',(0.,0.,1.));
#7829=DIRECTION('ref_axis',(-0.956867529475053,-0.290524579057105,0.));
#7830=DIRECTION('',(0.,0.,-1.));
#7831=DIRECTION('center_axis',(0.,0.,-1.));
#7832=DIRECTION('ref_axis',(-0.956867529475053,-0.290524579057105,0.));
#7833=DIRECTION('center_axis',(0.,0.,1.));
#7834=DIRECTION('ref_axis',(-0.992058436823694,-0.125777811743285,0.));
#7835=DIRECTION('',(0.,0.,-1.));
#7836=DIRECTION('center_axis',(0.,0.,-1.));
#7837=DIRECTION('ref_axis',(-0.992058436823694,-0.125777811743285,0.));
#7838=DIRECTION('center_axis',(0.,0.,1.));
#7839=DIRECTION('ref_axis',(-0.999999106328055,0.00133691551357164,0.));
#7840=DIRECTION('',(0.,0.,-1.));
#7841=DIRECTION('center_axis',(0.,0.,-1.));
#7842=DIRECTION('ref_axis',(-0.999999106328055,0.00133691551357164,0.));
#7843=DIRECTION('center_axis',(0.,0.,1.));
#7844=DIRECTION('ref_axis',(-0.996201410480179,0.0870789857388219,0.));
#7845=DIRECTION('',(0.,0.,-1.));
#7846=DIRECTION('center_axis',(0.,0.,-1.));
#7847=DIRECTION('ref_axis',(-0.996201410480179,0.0870789857388219,0.));
#7848=DIRECTION('center_axis',(0.,0.,-1.));
#7849=DIRECTION('ref_axis',(-1.,0.,0.));
#7850=DIRECTION('center_axis',(0.,0.,1.));
#7851=DIRECTION('ref_axis',(-1.,0.,0.));
#7852=DIRECTION('center_axis',(0.,0.,-1.));
#7853=DIRECTION('ref_axis',(-1.,0.,0.));
#7854=DIRECTION('center_axis',(0.,0.,1.));
#7855=DIRECTION('ref_axis',(-1.,0.,0.));
#7856=DIRECTION('center_axis',(0.,0.,-1.));
#7857=DIRECTION('ref_axis',(-1.,0.,0.));
#7858=DIRECTION('center_axis',(0.,0.,1.));
#7859=DIRECTION('ref_axis',(-1.,0.,0.));
#7860=DIRECTION('center_axis',(0.,0.,-1.));
#7861=DIRECTION('ref_axis',(-1.,0.,0.));
#7862=DIRECTION('center_axis',(0.,0.,1.));
#7863=DIRECTION('ref_axis',(-1.,0.,0.));
#7864=DIRECTION('center_axis',(0.,0.,1.));
#7865=DIRECTION('ref_axis',(-1.,0.,0.));
#7866=DIRECTION('',(0.,0.,-1.));
#7867=DIRECTION('center_axis',(0.,0.,1.));
#7868=DIRECTION('ref_axis',(-1.,0.,0.));
#7869=DIRECTION('',(0.,0.,-1.));
#7870=DIRECTION('center_axis',(0.,0.,1.));
#7871=DIRECTION('ref_axis',(-1.,0.,0.));
#7872=DIRECTION('',(0.,0.,-1.));
#7873=DIRECTION('center_axis',(0.,0.,1.));
#7874=DIRECTION('ref_axis',(-1.,0.,0.));
#7875=DIRECTION('',(0.,0.,-1.));
#7876=DIRECTION('center_axis',(0.,1.,0.));
#7877=DIRECTION('ref_axis',(-1.,0.,0.));
#7878=DIRECTION('',(0.,0.,-1.));
#7879=DIRECTION('center_axis',(-0.999923241435833,0.0123899651515642,0.));
#7880=DIRECTION('ref_axis',(-0.0123899651515642,-0.999923241435833,0.));
#7881=DIRECTION('center_axis',(0.,0.,-1.));
#7882=DIRECTION('ref_axis',(1.,0.,0.));
#7883=DIRECTION('center_axis',(0.,0.,-1.));
#7884=DIRECTION('ref_axis',(-0.932318842566059,0.361637353983633,0.));
#7885=DIRECTION('center_axis',(0.,0.,-1.));
#7886=DIRECTION('ref_axis',(-0.896329155237376,0.443389270812288,0.));
#7887=DIRECTION('center_axis',(0.,0.,-1.));
#7888=DIRECTION('ref_axis',(-0.83400267739988,0.551760395543058,0.));
#7889=DIRECTION('',(-0.999881496589147,-0.0153945697779402,0.));
#7890=DIRECTION('',(0.,1.,0.));
#7891=DIRECTION('',(1.,0.,0.));
#7892=DIRECTION('',(-0.0123899651515647,-0.999923241435833,0.));
#7893=DIRECTION('',(-1.,0.,0.));
#7894=DIRECTION('center_axis',(0.,0.,-1.));
#7895=DIRECTION('ref_axis',(0.794018307368464,0.607893845637312,0.));
#7896=DIRECTION('center_axis',(0.,0.,-1.));
#7897=DIRECTION('ref_axis',(0.805054503345247,0.593200848485181,0.));
#7898=DIRECTION('center_axis',(0.,0.,-1.));
#7899=DIRECTION('ref_axis',(0.867993468727978,0.496575611811105,0.));
#7900=DIRECTION('center_axis',(0.,0.,-1.));
#7901=DIRECTION('ref_axis',(0.985428027767013,-0.170092921931557,0.));
#7902=DIRECTION('center_axis',(0.,0.,-1.));
#7903=DIRECTION('ref_axis',(-0.974125979571646,0.226005698874123,0.));
#7904=DIRECTION('center_axis',(0.,0.,1.));
#7905=DIRECTION('ref_axis',(-0.896329155237376,0.443389270812288,0.));
#7906=DIRECTION('',(0.,0.,-1.));
#7907=DIRECTION('',(0.,0.,-1.));
#7908=DIRECTION('center_axis',(0.,0.,1.));
#7909=DIRECTION('ref_axis',(-0.83400267739988,0.551760395543058,0.));
#7910=DIRECTION('',(0.,0.,-1.));
#7911=DIRECTION('center_axis',(0.0153945697779402,-0.999881496589147,0.));
#7912=DIRECTION('ref_axis',(0.999881496589147,0.0153945697779402,0.));
#7913=DIRECTION('',(0.,0.,-1.));
#7914=DIRECTION('center_axis',(-1.,0.,0.));
#7915=DIRECTION('ref_axis',(0.,-1.,0.));
#7916=DIRECTION('',(0.,0.,-1.));
#7917=DIRECTION('center_axis',(0.,1.,0.));
#7918=DIRECTION('ref_axis',(-1.,0.,0.));
#7919=DIRECTION('',(0.,0.,-1.));
#7920=DIRECTION('center_axis',(0.999923241435833,-0.0123899651515647,0.));
#7921=DIRECTION('ref_axis',(0.0123899651515647,0.999923241435833,0.));
#7922=DIRECTION('',(0.,0.,-1.));
#7923=DIRECTION('center_axis',(0.,-1.,0.));
#7924=DIRECTION('ref_axis',(1.,0.,0.));
#7925=DIRECTION('',(0.,0.,-1.));
#7926=DIRECTION('center_axis',(0.,0.,1.));
#7927=DIRECTION('ref_axis',(0.794018307368464,0.607893845637312,0.));
#7928=DIRECTION('',(0.,0.,-1.));
#7929=DIRECTION('center_axis',(0.,0.,1.));
#7930=DIRECTION('ref_axis',(0.805054503345247,0.593200848485181,0.));
#7931=DIRECTION('',(0.,0.,-1.));
#7932=DIRECTION('center_axis',(0.,0.,1.));
#7933=DIRECTION('ref_axis',(0.867993468727978,0.496575611811105,0.));
#7934=DIRECTION('center_axis',(0.,0.,1.));
#7935=DIRECTION('ref_axis',(0.985428027767013,-0.170092921931557,0.));
#7936=DIRECTION('center_axis',(0.,0.,1.));
#7937=DIRECTION('ref_axis',(-0.974125979571646,0.226005698874123,0.));
#7938=DIRECTION('',(0.,0.,1.));
#7939=DIRECTION('center_axis',(0.,0.,1.));
#7940=DIRECTION('ref_axis',(-0.932318842566059,0.361637353983633,0.));
#7941=CARTESIAN_POINT('',(0.,0.,0.));
#7942=CARTESIAN_POINT('Origin',(107.18821437642,12.44602489205,10.0900431800864));
#7943=CARTESIAN_POINT('',(108.224443702863,12.4456925743879,6.47303847577293));
#7944=CARTESIAN_POINT('',(108.225225144487,12.4468797756828,6.35196152422706));
#7945=CARTESIAN_POINT('',(108.22596437642,12.44602489205,10.0900431800864));
#7946=CARTESIAN_POINT('',(106.285312182311,12.9575839701363,6.09004318008636));
#7947=CARTESIAN_POINT('Ctrl Pts',(108.225225144487,12.4468797756828,6.35196152422706));
#7948=CARTESIAN_POINT('Ctrl Pts',(108.223426322509,12.2111427495651,6.33571572173016));
#7949=CARTESIAN_POINT('Ctrl Pts',(108.14359287603,11.9743046657396,6.31946991923325));
#7950=CARTESIAN_POINT('Ctrl Pts',(107.996139001412,11.7920918542903,6.30322411673635));
#7951=CARTESIAN_POINT('Ctrl Pts',(107.781147706072,11.5264211931263,6.27953734599747));
#7952=CARTESIAN_POINT('Ctrl Pts',(107.42240659684,11.3768748002317,6.25585057525858));
#7953=CARTESIAN_POINT('Ctrl Pts',(107.082490171246,11.4118019716905,6.23216380451969));
#7954=CARTESIAN_POINT('Ctrl Pts',(106.742573745652,11.4467291431493,6.2084770337808));
#7955=CARTESIAN_POINT('Ctrl Pts',(106.421482003697,11.6661298789614,6.18479026304191));
#7956=CARTESIAN_POINT('Ctrl Pts',(106.264869666367,11.969189440313,6.16110349230302));
#7957=CARTESIAN_POINT('Ctrl Pts',(106.108257329038,12.2722490016645,6.13741672156413));
#7958=CARTESIAN_POINT('Ctrl Pts',(106.116124396334,12.6589673885555,6.11372995082525));
#7959=CARTESIAN_POINT('Ctrl Pts',(106.285312182311,12.9575839701363,6.09004318008636));
#7960=CARTESIAN_POINT('',(107.80525467957,13.2825950247911,6.09004318008636));
#7961=CARTESIAN_POINT('Origin',(107.18821437642,12.44602489205,6.09004318008636));
#7962=CARTESIAN_POINT('Ctrl Pts',(107.805262806935,13.2826030018565,6.09004318008636));
#7963=CARTESIAN_POINT('Ctrl Pts',(107.543076385604,13.4744579579346,6.11255795716867));
#7964=CARTESIAN_POINT('Ctrl Pts',(107.182758427219,13.5350314133065,6.13507273425098));
#7965=CARTESIAN_POINT('Ctrl Pts',(106.873193718311,13.4365462501202,6.15758751133328));
#7966=CARTESIAN_POINT('Ctrl Pts',(106.547514798109,13.3329344989114,6.18127428207217));
#7967=CARTESIAN_POINT('Ctrl Pts',(106.27801051347,13.0532737257651,6.20496105281106));
#7968=CARTESIAN_POINT('Ctrl Pts',(106.186646191694,12.7240558895916,6.22864782354995));
#7969=CARTESIAN_POINT('Ctrl Pts',(106.095281869917,12.3948380534181,6.25233459428884));
#7970=CARTESIAN_POINT('Ctrl Pts',(106.182057511004,12.0160631542174,6.27602136502773));
#7971=CARTESIAN_POINT('Ctrl Pts',(106.407728054692,11.7594822991166,6.29970813576662));
#7972=CARTESIAN_POINT('Ctrl Pts',(106.633398598379,11.5029014440158,6.32339490650551));
#7973=CARTESIAN_POINT('Ctrl Pts',(106.997964044666,11.368514633015,6.3470816772444));
#7974=CARTESIAN_POINT('Ctrl Pts',(107.336187635705,11.4171638016044,6.37076844798329));
#7975=CARTESIAN_POINT('Ctrl Pts',(107.674411226744,11.4658129701938,6.39445521872218));
#7976=CARTESIAN_POINT('Ctrl Pts',(107.986292962536,11.6974981183734,6.41814198946106));
#7977=CARTESIAN_POINT('Ctrl Pts',(108.130524107229,12.0072592945897,6.44182876019995));
#7978=CARTESIAN_POINT('Ctrl Pts',(108.193870479659,12.1433065184716,6.45223199872428));
#7979=CARTESIAN_POINT('Ctrl Pts',(108.224877561563,12.2944143713514,6.46263523724861));
#7980=CARTESIAN_POINT('Ctrl Pts',(108.224443702863,12.4456925743879,6.47303847577293));
#7981=CARTESIAN_POINT('Origin',(107.18821437642,12.44602489205,10.0900431800864));
#7982=CARTESIAN_POINT('',(108.226054506624,12.4469442938852,6.92303847577293));
#7983=CARTESIAN_POINT('',(108.227651821495,12.4459092783105,6.80196152422705));
#7984=CARTESIAN_POINT('',(108.22596437642,12.44602489205,10.0900431800864));
#7985=CARTESIAN_POINT('Ctrl Pts',(108.227651821495,12.4459092783105,6.80196152422705));
#7986=CARTESIAN_POINT('Ctrl Pts',(108.227661862994,12.4395846863593,6.80152311690238));
#7987=CARTESIAN_POINT('Ctrl Pts',(108.227609073805,12.4332602669462,6.8010847095777));
#7988=CARTESIAN_POINT('Ctrl Pts',(108.227492940691,12.4269370114073,6.80064630225303));
#7989=CARTESIAN_POINT('Ctrl Pts',(108.221218368394,12.0852969523951,6.77695953151414));
#7990=CARTESIAN_POINT('Ctrl Pts',(108.030033505198,11.7470544145743,6.75327276077525));
#7991=CARTESIAN_POINT('Ctrl Pts',(107.74057211563,11.5654775967429,6.72958599003636));
#7992=CARTESIAN_POINT('Ctrl Pts',(107.451110726061,11.3839007789115,6.70589921929747));
#7993=CARTESIAN_POINT('Ctrl Pts',(107.063372810118,11.3589896810693,6.68221244855858));
#7994=CARTESIAN_POINT('Ctrl Pts',(106.753058670621,11.5020399592814,6.65852567781969));
#7995=CARTESIAN_POINT('Ctrl Pts',(106.442744531124,11.6450902374935,6.6348389070808));
#7996=CARTESIAN_POINT('Ctrl Pts',(106.209854168073,11.9561018917597,6.61115213634192));
#7997=CARTESIAN_POINT('Ctrl Pts',(106.159919663363,12.2941272720345,6.58746536560303));
#7998=CARTESIAN_POINT('Ctrl Pts',(106.109985158653,12.6321526523092,6.56377859486414));
#7999=CARTESIAN_POINT('Ctrl Pts',(106.243006512286,12.9971917585925,6.54009182412525));
#8000=CARTESIAN_POINT('Ctrl Pts',(106.498706699949,13.2238619064014,6.51640505338636));
#8001=CARTESIAN_POINT('Ctrl Pts',(106.754406887611,13.4505320542104,6.49271828264747));
#8002=CARTESIAN_POINT('Ctrl Pts',(107.132785909303,13.538833243545,6.46903151190858));
#8003=CARTESIAN_POINT('Ctrl Pts',(107.462383474925,13.4486868284525,6.44534474116969));
#8004=CARTESIAN_POINT('Ctrl Pts',(107.791981040547,13.35854041336,6.4216579704308));
#8005=CARTESIAN_POINT('Ctrl Pts',(108.072797150098,13.0899463938403,6.39797119969191));
#8006=CARTESIAN_POINT('Ctrl Pts',(108.177584464149,12.7647519193639,6.37428442895302));
#8007=CARTESIAN_POINT('Ctrl Pts',(108.210502377892,12.6625952436514,6.36684346071103));
#8008=CARTESIAN_POINT('Ctrl Pts',(108.226049048213,12.5548530029295,6.35940249246904));
#8009=CARTESIAN_POINT('Ctrl Pts',(108.225225144487,12.4468797756828,6.35196152422706));
#8010=CARTESIAN_POINT('Ctrl Pts',(108.224443702863,12.4456925743879,6.47303847577293));
#8011=CARTESIAN_POINT('Ctrl Pts',(108.223889723829,12.6388544324669,6.4863220079875));
#8012=CARTESIAN_POINT('Ctrl Pts',(108.172074922964,12.832294026799,6.49960554020206));
#8013=CARTESIAN_POINT('Ctrl Pts',(108.070869468114,12.9950130570019,6.51288907241662));
#8014=CARTESIAN_POINT('Ctrl Pts',(107.89040313071,13.285168438945,6.53657584315551));
#8015=CARTESIAN_POINT('Ctrl Pts',(107.552889902307,13.4776419985786,6.5602626138944));
#8016=CARTESIAN_POINT('Ctrl Pts',(107.211275241455,13.4852220733758,6.58394938463329));
#8017=CARTESIAN_POINT('Ctrl Pts',(106.869660580604,13.4928021481731,6.60763615537218));
#8018=CARTESIAN_POINT('Ctrl Pts',(106.523944487304,13.3154887381341,6.63132292611107));
#8019=CARTESIAN_POINT('Ctrl Pts',(106.330783301633,13.0336269746908,6.65500969684996));
#8020=CARTESIAN_POINT('Ctrl Pts',(106.137622115961,12.7517652112475,6.67869646758885));
#8021=CARTESIAN_POINT('Ctrl Pts',(106.097015837918,12.3653550943999,6.70238323832774));
#8022=CARTESIAN_POINT('Ctrl Pts',(106.227365834023,12.0494965594294,6.72607000906663));
#8023=CARTESIAN_POINT('Ctrl Pts',(106.357715830127,11.7336380244588,6.74975677980552));
#8024=CARTESIAN_POINT('Ctrl Pts',(106.65902210038,11.4883310713653,6.77344355054441));
#8025=CARTESIAN_POINT('Ctrl Pts',(106.994749762735,11.424733802032,6.79713032128329));
#8026=CARTESIAN_POINT('Ctrl Pts',(107.330477425091,11.3611365326988,6.82081709202218));
#8027=CARTESIAN_POINT('Ctrl Pts',(107.700626479551,11.4792489471258,6.84450386276108));
#8028=CARTESIAN_POINT('Ctrl Pts',(107.937467208974,11.7255497268921,6.86819063349996));
#8029=CARTESIAN_POINT('Ctrl Pts',(108.120272526963,11.9156567767899,6.88647324759096));
#8030=CARTESIAN_POINT('Ctrl Pts',(108.223659260295,12.1821321895941,6.90475586168195));
#8031=CARTESIAN_POINT('Ctrl Pts',(108.226054506624,12.4469442938852,6.92303847577293));
#8032=CARTESIAN_POINT('Origin',(107.18821437642,12.44602489205,10.0900431800864));
#8033=CARTESIAN_POINT('',(108.227223499386,12.4454319402276,7.37303847577293));
#8034=CARTESIAN_POINT('',(108.2249256352,12.4453048387192,7.25196152422705));
#8035=CARTESIAN_POINT('',(108.22596437642,12.44602489205,10.0900431800864));
#8036=CARTESIAN_POINT('Ctrl Pts',(108.2249256352,12.4453048387192,7.25196152422705));
#8037=CARTESIAN_POINT('Ctrl Pts',(108.225708655372,12.3244935051659,7.24364374133572));
#8038=CARTESIAN_POINT('Ctrl Pts',(108.206178322867,12.2039273043238,7.23532595844438));
#8039=CARTESIAN_POINT('Ctrl Pts',(108.165212842185,12.0911470534391,7.22700817555304));
#8040=CARTESIAN_POINT('Ctrl Pts',(108.04855435737,11.7699797446168,7.20332140481415));
#8041=CARTESIAN_POINT('Ctrl Pts',(107.758066548029,11.5119529567139,7.17963463407526));
#8042=CARTESIAN_POINT('Ctrl Pts',(107.425381531247,11.4339893221827,7.15594786333637));
#8043=CARTESIAN_POINT('Ctrl Pts',(107.092696514464,11.3560256876516,7.13226109259748));
#8044=CARTESIAN_POINT('Ctrl Pts',(106.71781429024,11.4581252064922,7.10857432185859));
#8045=CARTESIAN_POINT('Ctrl Pts',(106.470609600053,11.6940224307984,7.0848875511197));
#8046=CARTESIAN_POINT('Ctrl Pts',(106.223404909867,11.9299196551045,7.06120078038081));
#8047=CARTESIAN_POINT('Ctrl Pts',(106.103877753719,12.2996145848762,7.03751400964193));
#8048=CARTESIAN_POINT('Ctrl Pts',(106.166190858312,12.6355828646634,7.01382723890304));
#8049=CARTESIAN_POINT('Ctrl Pts',(106.228503962906,12.9715511444506,6.99014046816415));
#8050=CARTESIAN_POINT('Ctrl Pts',(106.472657328242,13.2737927742534,6.96645369742525));
#8051=CARTESIAN_POINT('Ctrl Pts',(106.788014907944,13.4053498936166,6.94276692668636));
#8052=CARTESIAN_POINT('Ctrl Pts',(107.103372487646,13.5369070129797,6.91908015594747));
#8053=CARTESIAN_POINT('Ctrl Pts',(107.489934281715,13.4977796219033,6.89539338520859));
#8054=CARTESIAN_POINT('Ctrl Pts',(107.77253303805,13.3056971362632,6.8717066144697));
#8055=CARTESIAN_POINT('Ctrl Pts',(108.049901306613,13.1171698152158,6.84845825105548));
#8056=CARTESIAN_POINT('Ctrl Pts',(108.227119329433,12.7812969505775,6.82520988764127));
#8057=CARTESIAN_POINT('Ctrl Pts',(108.227651821495,12.4459092783105,6.80196152422705));
#8058=CARTESIAN_POINT('Ctrl Pts',(108.226054506624,12.4469442938852,6.92303847577293));
#8059=CARTESIAN_POINT('Ctrl Pts',(108.226762517322,12.5252200856689,6.92844263242083));
#8060=CARTESIAN_POINT('Ctrl Pts',(108.218646557659,12.6033505485199,6.93384678906873));
#8061=CARTESIAN_POINT('Ctrl Pts',(108.201149470766,12.6793203819023,6.93925094571663));
#8062=CARTESIAN_POINT('Ctrl Pts',(108.124458598749,13.0123011120409,6.96293771645552));
#8063=CARTESIAN_POINT('Ctrl Pts',(107.867544450328,13.3037734272128,6.98662448719441));
#8064=CARTESIAN_POINT('Ctrl Pts',(107.546825572914,13.4216591667099,7.0103112579333));
#8065=CARTESIAN_POINT('Ctrl Pts',(107.2261066955,13.5395449062071,7.03399802867219));
#8066=CARTESIAN_POINT('Ctrl Pts',(106.841583089092,13.4838440700295,7.05768479941108));
#8067=CARTESIAN_POINT('Ctrl Pts',(106.567498379772,13.2797969880656,7.08137157014997));
#8068=CARTESIAN_POINT('Ctrl Pts',(106.293413670453,13.0757499061016,7.10505834088886));
#8069=CARTESIAN_POINT('Ctrl Pts',(106.129767858223,12.7233565783513,7.12874511162774));
#8070=CARTESIAN_POINT('Ctrl Pts',(106.150715684593,12.382301107868,7.15243188236663));
#8071=CARTESIAN_POINT('Ctrl Pts',(106.171663510963,12.0412456373847,7.17611865310552));
#8072=CARTESIAN_POINT('Ctrl Pts',(106.377204975933,11.7115280241684,7.19980542384441));
#8073=CARTESIAN_POINT('Ctrl Pts',(106.674200680228,11.5425570343396,7.2234921945833));
#8074=CARTESIAN_POINT('Ctrl Pts',(106.971196384522,11.3735860445108,7.24717896532219));
#8075=CARTESIAN_POINT('Ctrl Pts',(107.359646328141,11.3653616780695,7.27086573606108));
#8076=CARTESIAN_POINT('Ctrl Pts',(107.663527675536,11.521610741946,7.29455250679997));
#8077=CARTESIAN_POINT('Ctrl Pts',(107.967409022931,11.6778598058224,7.31823927753886));
#8078=CARTESIAN_POINT('Ctrl Pts',(108.186721774102,11.9985823000166,7.34192604827775));
#8079=CARTESIAN_POINT('Ctrl Pts',(108.222086191318,12.3384455106265,7.36561281901664));
#8080=CARTESIAN_POINT('Ctrl Pts',(108.225781700322,12.3739605184748,7.3680880379354));
#8081=CARTESIAN_POINT('Ctrl Pts',(108.22746852645,12.4096845395198,7.37056325685417));
#8082=CARTESIAN_POINT('Ctrl Pts',(108.227223499386,12.4454319402276,7.37303847577293));
#8083=CARTESIAN_POINT('Origin',(107.18821437642,12.44602489205,10.0900431800864));
#8084=CARTESIAN_POINT('',(108.224452932145,12.4456854319634,7.82303847577294));
#8085=CARTESIAN_POINT('',(108.225206830546,12.4468505073157,7.70196152422706));
#8086=CARTESIAN_POINT('',(108.22596437642,12.44602489205,10.0900431800864));
#8087=CARTESIAN_POINT('Ctrl Pts',(108.225206830546,12.4468505073157,7.70196152422706));
#8088=CARTESIAN_POINT('Ctrl Pts',(108.223425685153,12.2117564307741,7.68576436576905));
#8089=CARTESIAN_POINT('Ctrl Pts',(108.144109419797,11.9755743157382,7.66956720731105));
#8090=CARTESIAN_POINT('Ctrl Pts',(107.997467656007,11.7936650161226,7.65337004885305));
#8091=CARTESIAN_POINT('Ctrl Pts',(107.783018322276,11.5276403373843,7.62968327811416));
#8092=CARTESIAN_POINT('Ctrl Pts',(107.424585189406,11.3776847013697,7.60599650737527));
#8093=CARTESIAN_POINT('Ctrl Pts',(107.08458922903,11.411749248389,7.58230973663638));
#8094=CARTESIAN_POINT('Ctrl Pts',(106.744593268654,11.4458137954082,7.55862296589749));
#8095=CARTESIAN_POINT('Ctrl Pts',(106.423034480773,11.6638985254612,7.5349361951586));
#8096=CARTESIAN_POINT('Ctrl Pts',(106.265624537077,11.9671801707201,7.51124942441971));
#8097=CARTESIAN_POINT('Ctrl Pts',(106.108214593382,12.270461815979,7.48756265368082));
#8098=CARTESIAN_POINT('Ctrl Pts',(106.114953493872,12.6589403764438,7.46387588294193));
#8099=CARTESIAN_POINT('Ctrl Pts',(106.282787562099,12.9565800438162,7.44018911220304));
#8100=CARTESIAN_POINT('Ctrl Pts',(106.450621630326,13.2542197111885,7.41650234146415));
#8101=CARTESIAN_POINT('Ctrl Pts',(106.779550866289,13.4610204854684,7.39281557072527));
#8102=CARTESIAN_POINT('Ctrl Pts',(107.120523741825,13.4832723329411,7.36912879998638));
#8103=CARTESIAN_POINT('Ctrl Pts',(107.461496617362,13.5055241804138,7.34544202924749));
#8104=CARTESIAN_POINT('Ctrl Pts',(107.814513132471,13.3432271010793,7.32175525850859));
#8105=CARTESIAN_POINT('Ctrl Pts',(108.019606809881,13.0699246465412,7.2980684877697));
#8106=CARTESIAN_POINT('Ctrl Pts',(108.152680341535,12.8925943490176,7.28269949992215));
#8107=CARTESIAN_POINT('Ctrl Pts',(108.223478828081,12.668531140906,7.2673305120746));
#8108=CARTESIAN_POINT('Ctrl Pts',(108.2249256352,12.4453048387192,7.25196152422705));
#8109=CARTESIAN_POINT('Ctrl Pts',(108.227223499386,12.4454319402276,7.37303847577293));
#8110=CARTESIAN_POINT('Ctrl Pts',(108.225123723797,12.7517716489297,7.39425002759306));
#8111=CARTESIAN_POINT('Ctrl Pts',(108.08115355482,13.0598283007096,7.41546157941318));
#8112=CARTESIAN_POINT('Ctrl Pts',(107.84366399922,13.2527776697684,7.43667313123331));
#8113=CARTESIAN_POINT('Ctrl Pts',(107.578461306646,13.4682426912748,7.4603599019722));
#8114=CARTESIAN_POINT('Ctrl Pts',(107.196639838237,13.5401688072623,7.48404667271109));
#8115=CARTESIAN_POINT('Ctrl Pts',(106.871218793957,13.4359633007824,7.50773344344998));
#8116=CARTESIAN_POINT('Ctrl Pts',(106.545797749676,13.3317577943026,7.53142021418886));
#8117=CARTESIAN_POINT('Ctrl Pts',(106.276777129524,13.0514206653555,7.55510698492775));
#8118=CARTESIAN_POINT('Ctrl Pts',(106.186061374729,12.7219843349925,7.57879375566664));
#8119=CARTESIAN_POINT('Ctrl Pts',(106.095345619934,12.3925480046295,7.60248052640553));
#8120=CARTESIAN_POINT('Ctrl Pts',(106.182934730496,12.0140124728506,7.62616729714442));
#8121=CARTESIAN_POINT('Ctrl Pts',(106.409138433951,11.7579079477046,7.64985406788331));
#8122=CARTESIAN_POINT('Ctrl Pts',(106.635342137405,11.5018034225585,7.6735408386222));
#8123=CARTESIAN_POINT('Ctrl Pts',(107.000160433752,11.3681299040453,7.69722760936109));
#8124=CARTESIAN_POINT('Ctrl Pts',(107.338278968762,11.4174604225517,7.72091438009998));
#8125=CARTESIAN_POINT('Ctrl Pts',(107.676397503772,11.466790941058,7.74460115083887));
#8126=CARTESIAN_POINT('Ctrl Pts',(107.987816277444,11.6991254965838,7.76828792157776));
#8127=CARTESIAN_POINT('Ctrl Pts',(108.131418478434,12.0091836415292,7.79197469231665));
#8128=CARTESIAN_POINT('Ctrl Pts',(108.194193711701,12.1447245471767,7.80232928680208));
#8129=CARTESIAN_POINT('Ctrl Pts',(108.224899656452,12.2951182183987,7.81268388128751));
#8130=CARTESIAN_POINT('Ctrl Pts',(108.224452932145,12.4456854319634,7.82303847577294));
#8131=CARTESIAN_POINT('Origin',(107.18821437642,12.44602489205,10.0900431800864));
#8132=CARTESIAN_POINT('',(108.226033388903,12.4469457775028,8.27303847577293));
#8133=CARTESIAN_POINT('',(108.227655233768,12.4459224554447,8.15196152422706));
#8134=CARTESIAN_POINT('',(108.22596437642,12.44602489205,10.0900431800864));
#8135=CARTESIAN_POINT('Ctrl Pts',(108.227655233768,12.4459224554447,8.15196152422706));
#8136=CARTESIAN_POINT('Ctrl Pts',(108.227663216863,12.4402996581696,8.15157176094128));
#8137=CARTESIAN_POINT('Ctrl Pts',(108.227621493277,12.4346769825564,8.1511819976555));
#8138=CARTESIAN_POINT('Ctrl Pts',(108.227529700939,12.4290551244713,8.15079223436972));
#8139=CARTESIAN_POINT('Ctrl Pts',(108.221951279027,12.0874024638721,8.12710546363083));
#8140=CARTESIAN_POINT('Ctrl Pts',(108.031455950767,11.7487691464057,8.10341869289195));
#8141=CARTESIAN_POINT('Ctrl Pts',(107.742365146531,11.5666039587135,8.07973192215306));
#8142=CARTESIAN_POINT('Ctrl Pts',(107.453274342295,11.3844387710214,8.05604515141417));
#8143=CARTESIAN_POINT('Ctrl Pts',(107.065588062082,11.3587417131034,8.03235838067528));
#8144=CARTESIAN_POINT('Ctrl Pts',(106.75498306387,11.5011572228658,8.00867160993639));
#8145=CARTESIAN_POINT('Ctrl Pts',(106.444378065657,11.6435727326281,7.9849848391975));
#8146=CARTESIAN_POINT('Ctrl Pts',(106.210854349444,11.9541008100707,7.96129806845861));
#8147=CARTESIAN_POINT('Ctrl Pts',(106.160231247161,12.2920282426433,7.93761129771972));
#8148=CARTESIAN_POINT('Ctrl Pts',(106.109608144878,12.629955675216,7.91392452698083));
#8149=CARTESIAN_POINT('Ctrl Pts',(106.241885656524,12.9952824629188,7.89023775624194));
#8150=CARTESIAN_POINT('Ctrl Pts',(106.497123327956,13.2224638390248,7.86655098550305));
#8151=CARTESIAN_POINT('Ctrl Pts',(106.752360999388,13.4496452151308,7.84286421476416));
#8152=CARTESIAN_POINT('Ctrl Pts',(107.130558830605,13.5386811796399,7.81917744402527));
#8153=CARTESIAN_POINT('Ctrl Pts',(107.460339645731,13.4492258275005,7.79549067328638));
#8154=CARTESIAN_POINT('Ctrl Pts',(107.790120460856,13.3597704753612,7.77180390254749));
#8155=CARTESIAN_POINT('Ctrl Pts',(108.071484259889,13.0918238065733,7.74811713180861));
#8156=CARTESIAN_POINT('Ctrl Pts',(108.176933392109,12.7668036114482,7.72443036106972));
#8157=CARTESIAN_POINT('Ctrl Pts',(108.210275763866,12.6640342102589,7.71694074878883));
#8158=CARTESIAN_POINT('Ctrl Pts',(108.226030437257,12.5555586790234,7.70945113650794));
#8159=CARTESIAN_POINT('Ctrl Pts',(108.225206830546,12.4468505073157,7.70196152422706));
#8160=CARTESIAN_POINT('Ctrl Pts',(108.224452932145,12.4456854319634,7.82303847577294));
#8161=CARTESIAN_POINT('Ctrl Pts',(108.223877747168,12.639549965438,7.83637065202639));
#8162=CARTESIAN_POINT('Ctrl Pts',(108.171657219483,12.8337021999037,7.84970282827985));
#8163=CARTESIAN_POINT('Ctrl Pts',(108.069747907985,12.9968087782654,7.86303500453331));
#8164=CARTESIAN_POINT('Ctrl Pts',(107.888689508238,13.2865940356914,7.8867217752722));
#8165=CARTESIAN_POINT('Ctrl Pts',(107.550787080435,13.4783828161785,7.91040854601109));
#8166=CARTESIAN_POINT('Ctrl Pts',(107.209158269448,13.4852676844171,7.93409531674998));
#8167=CARTESIAN_POINT('Ctrl Pts',(106.867529458462,13.4921525526556,7.95778208748887));
#8168=CARTESIAN_POINT('Ctrl Pts',(106.522174264292,13.3141335086455,7.98146885822776));
#8169=CARTESIAN_POINT('Ctrl Pts',(106.329587521605,13.0318782995959,8.00515562896665));
#8170=CARTESIAN_POINT('Ctrl Pts',(106.137000778918,12.7496230905463,8.02884239970554));
#8171=CARTESIAN_POINT('Ctrl Pts',(106.097182487714,12.3631317164572,8.05252917044443));
#8172=CARTESIAN_POINT('Ctrl Pts',(106.228175929683,12.0475396959812,8.07621594118332));
#8173=CARTESIAN_POINT('Ctrl Pts',(106.359169371652,11.7319476755052,8.09990271192221));
#8174=CARTESIAN_POINT('Ctrl Pts',(106.660974546794,11.4872550086424,8.1235894826611));
#8175=CARTESIAN_POINT('Ctrl Pts',(106.996831057798,11.4243417353662,8.14727625339999));
#8176=CARTESIAN_POINT('Ctrl Pts',(107.332687568801,11.36142846209,8.17096302413887));
#8177=CARTESIAN_POINT('Ctrl Pts',(107.702595415665,11.4802945824004,8.19464979487776));
#8178=CARTESIAN_POINT('Ctrl Pts',(107.938933769452,11.7270777222775,8.21833656561665));
#8179=CARTESIAN_POINT('Ctrl Pts',(108.12086597594,11.9170502783293,8.23657053566874));
#8180=CARTESIAN_POINT('Ctrl Pts',(108.223646884855,12.1828245601127,8.25480450572084));
#8181=CARTESIAN_POINT('Ctrl Pts',(108.226033388903,12.4469457775028,8.27303847577293));
#8182=CARTESIAN_POINT('Origin',(107.18821437642,12.44602489205,10.0900431800864));
#8183=CARTESIAN_POINT('',(108.227234456856,12.4454619287251,8.72303847577293));
#8184=CARTESIAN_POINT('',(108.224939650187,12.4452989307425,8.60196152422706));
#8185=CARTESIAN_POINT('',(108.22596437642,12.44602489205,10.0900431800864));
#8186=CARTESIAN_POINT('',(106.411816878946,11.7574524641844,9.));
#8187=CARTESIAN_POINT('Ctrl Pts',(108.227234456856,12.4454619287251,8.72303847577293));
#8188=CARTESIAN_POINT('Ctrl Pts',(108.225168728257,12.7524398538378,8.74429867163195));
#8189=CARTESIAN_POINT('Ctrl Pts',(108.080480216862,13.0610595555123,8.76555886749097));
#8190=CARTESIAN_POINT('Ctrl Pts',(107.842036535557,13.2540392236368,8.78681906334999));
#8191=CARTESIAN_POINT('Ctrl Pts',(107.576377608863,13.4690450112806,8.81050583408888));
#8192=CARTESIAN_POINT('Ctrl Pts',(107.194340273051,13.5405066813274,8.83419260482778));
#8193=CARTESIAN_POINT('Ctrl Pts',(106.869176859096,13.4354740796474,8.85787937556667));
#8194=CARTESIAN_POINT('Ctrl Pts',(106.544013445142,13.3304414779674,8.88156614630556));
#8195=CARTESIAN_POINT('Ctrl Pts',(106.275723953046,13.0489146045607,8.90525291704445));
#8196=CARTESIAN_POINT('Ctrl Pts',(106.185741971506,12.7198617810753,8.92893968778333));
#8197=CARTESIAN_POINT('Ctrl Pts',(106.095759989965,12.39080895759,8.95262645852222));
#8198=CARTESIAN_POINT('Ctrl Pts',(106.184085518981,12.0142301840261,8.97631322926112));
#8199=CARTESIAN_POINT('Ctrl Pts',(106.411816878946,11.7574524641844,9.00000000000001));
#8200=CARTESIAN_POINT('',(107.966119451598,11.7564945887076,9.));
#8201=CARTESIAN_POINT('Origin',(107.18821437642,12.44602489205,9.));
#8202=CARTESIAN_POINT('Ctrl Pts',(107.966129063472,11.7564884815739,9.));
#8203=CARTESIAN_POINT('Ctrl Pts',(107.749706982771,11.5141838791337,8.97748522291769));
#8204=CARTESIAN_POINT('Ctrl Pts',(107.409937710706,11.3798148888403,8.95497044583539));
#8205=CARTESIAN_POINT('Ctrl Pts',(107.086642295016,11.4115908778078,8.93245566875308));
#8206=CARTESIAN_POINT('Ctrl Pts',(106.746517924058,11.4450209474426,8.90876889801419));
#8207=CARTESIAN_POINT('Ctrl Pts',(106.424627122137,11.6623433541532,8.88508212727529));
#8208=CARTESIAN_POINT('Ctrl Pts',(106.266628422175,11.9652760830327,8.8613953565364));
#8209=CARTESIAN_POINT('Ctrl Pts',(106.108629722213,12.2682088119123,8.83770858579751));
#8210=CARTESIAN_POINT('Ctrl Pts',(106.11452312421,12.6567518629608,8.81402181505863));
#8211=CARTESIAN_POINT('Ctrl Pts',(106.281736435048,12.9547462254849,8.79033504431974));
#8212=CARTESIAN_POINT('Ctrl Pts',(106.448949745887,13.2527405880091,8.76664827358085));
#8213=CARTESIAN_POINT('Ctrl Pts',(106.777482965567,13.4601862620089,8.74296150284195));
#8214=CARTESIAN_POINT('Ctrl Pts',(107.118416525679,13.4831263898987,8.71927473210306));
#8215=CARTESIAN_POINT('Ctrl Pts',(107.459350085791,13.5060665177886,8.69558796136418));
#8216=CARTESIAN_POINT('Ctrl Pts',(107.812683986335,13.3445010995684,8.67190119062529));
#8217=CARTESIAN_POINT('Ctrl Pts',(108.018330866295,13.0716202221999,8.6482144198864));
#8218=CARTESIAN_POINT('Ctrl Pts',(108.152185663505,12.8940030635548,8.63279678799995));
#8219=CARTESIAN_POINT('Ctrl Pts',(108.223470488752,12.6692253275592,8.6173791561135));
#8220=CARTESIAN_POINT('Ctrl Pts',(108.224939650187,12.4452989307425,8.60196152422706));
#8221=CARTESIAN_POINT('Origin',(146.89781051562,75.882814325629,10.0900431800864));
#8222=CARTESIAN_POINT('',(147.934067911542,75.8824827560242,6.47303847577294));
#8223=CARTESIAN_POINT('',(147.934853148869,75.8836676391659,6.35196152422707));
#8224=CARTESIAN_POINT('',(147.93556051562,75.882814325629,10.0900431800864));
#8225=CARTESIAN_POINT('',(145.994908321511,76.3943734037153,6.09004318008636));
#8226=CARTESIAN_POINT('Ctrl Pts',(147.934853148869,75.8836676391659,6.35196152422707));
#8227=CARTESIAN_POINT('Ctrl Pts',(147.933059554579,75.6479186001895,6.33571572173017));
#8228=CARTESIAN_POINT('Ctrl Pts',(147.853229755883,75.411067236531,6.31946991923327));
#8229=CARTESIAN_POINT('Ctrl Pts',(147.705768801137,75.2288514286923,6.30322411673636));
#8230=CARTESIAN_POINT('Ctrl Pts',(147.490767182801,74.9631763987206,6.27953734599747));
#8231=CARTESIAN_POINT('Ctrl Pts',(147.131992944814,74.8136474979138,6.25585057525858));
#8232=CARTESIAN_POINT('Ctrl Pts',(146.792102356694,74.8485567038519,6.23216380451969));
#8233=CARTESIAN_POINT('Ctrl Pts',(146.452211768574,74.88346590979,6.2084770337808));
#8234=CARTESIAN_POINT('Ctrl Pts',(146.131204830321,75.102813222473,6.18479026304191));
#8235=CARTESIAN_POINT('Ctrl Pts',(145.974582022061,75.4058859505591,6.16110349230303));
#8236=CARTESIAN_POINT('Ctrl Pts',(145.817959213801,75.7089586786452,6.13741672156414));
#8237=CARTESIAN_POINT('Ctrl Pts',(145.825720535534,76.0957568221345,6.11372995082525));
#8238=CARTESIAN_POINT('Ctrl Pts',(145.994908321511,76.3943734037153,6.09004318008636));
#8239=CARTESIAN_POINT('',(147.514859024695,76.7194191897454,6.09004318008636));
#8240=CARTESIAN_POINT('Origin',(146.89781051562,75.882814325629,6.09004318008636));
#8241=CARTESIAN_POINT('Ctrl Pts',(147.514866160551,76.7194263420215,6.09004318008636));
#8242=CARTESIAN_POINT('Ctrl Pts',(147.252688145839,76.9112591449863,6.11255795716867));
#8243=CARTESIAN_POINT('Ctrl Pts',(146.892353360632,76.971862369615,6.13507273425098));
#8244=CARTESIAN_POINT('Ctrl Pts',(146.582778170835,76.8733791385543,6.15758751133329));
#8245=CARTESIAN_POINT('Ctrl Pts',(146.257088224168,76.7697694200466,6.18127428207218));
#8246=CARTESIAN_POINT('Ctrl Pts',(145.987579936858,76.4900798689494,6.20496105281107));
#8247=CARTESIAN_POINT('Ctrl Pts',(145.896214645974,76.160847953194,6.22864782354996));
#8248=CARTESIAN_POINT('Ctrl Pts',(145.80484935509,75.8316160374386,6.25233459428885));
#8249=CARTESIAN_POINT('Ctrl Pts',(145.89162706063,75.452841757025,6.27602136502774));
#8250=CARTESIAN_POINT('Ctrl Pts',(146.117303403436,75.1962564411678,6.29970813576663));
#8251=CARTESIAN_POINT('Ctrl Pts',(146.342979746241,74.9396711253106,6.32339490650552));
#8252=CARTESIAN_POINT('Ctrl Pts',(146.707554726311,74.8052747740098,6.34708167724441));
#8253=CARTESIAN_POINT('Ctrl Pts',(147.045787485419,74.8539238567536,6.37076844798329));
#8254=CARTESIAN_POINT('Ctrl Pts',(147.384020244527,74.9025729394973,6.39445521872218));
#8255=CARTESIAN_POINT('Ctrl Pts',(147.695910782672,75.1342674562855,6.41814198946107));
#8256=CARTESIAN_POINT('Ctrl Pts',(147.840145866561,75.4440377340536,6.44182876019996));
#8257=CARTESIAN_POINT('Ctrl Pts',(147.903493969087,75.5800889553405,6.45223199872429));
#8258=CARTESIAN_POINT('Ctrl Pts',(147.934501842998,75.7312007541108,6.46263523724862));
#8259=CARTESIAN_POINT('Ctrl Pts',(147.934067911542,75.8824827560242,6.47303847577294));
#8260=CARTESIAN_POINT('Origin',(146.89781051562,75.882814325629,10.0900431800864));
#8261=CARTESIAN_POINT('',(147.935678661839,75.8837337524342,6.92303847577294));
#8262=CARTESIAN_POINT('',(147.937275983665,75.8826988308863,6.80196152422707));
#8263=CARTESIAN_POINT('',(147.93556051562,75.882814325629,10.0900431800864));
#8264=CARTESIAN_POINT('Ctrl Pts',(147.937275983665,75.8826988308863,6.80196152422707));
#8265=CARTESIAN_POINT('Ctrl Pts',(147.937286026072,75.8763740665396,6.80152311690239));
#8266=CARTESIAN_POINT('Ctrl Pts',(147.93723323613,75.8700494746263,6.80108470957772));
#8267=CARTESIAN_POINT('Ctrl Pts',(147.93711710059,75.8637260465062,6.80064630225304));
#8268=CARTESIAN_POINT('Ctrl Pts',(147.930842397212,75.5220766630822,6.77695953151415));
#8269=CARTESIAN_POINT('Ctrl Pts',(147.739652517654,75.1838245643936,6.75327276077526));
#8270=CARTESIAN_POINT('Ctrl Pts',(147.450183233209,75.0022430375034,6.72958599003637));
#8271=CARTESIAN_POINT('Ctrl Pts',(147.160713948763,74.8206615106132,6.70589921929748));
#8272=CARTESIAN_POINT('Ctrl Pts',(146.772965259431,74.7957505555214,6.68221244855859));
#8273=CARTESIAN_POINT('Ctrl Pts',(146.462642917802,74.9388043399049,6.6585256778197));
#8274=CARTESIAN_POINT('Ctrl Pts',(146.152320576172,75.0818581242885,6.63483890708082));
#8275=CARTESIAN_POINT('Ctrl Pts',(145.919424582246,75.3928766481473,6.61115213634193));
#8276=CARTESIAN_POINT('Ctrl Pts',(145.869488361156,75.7309117952218,6.58746536560304));
#8277=CARTESIAN_POINT('Ctrl Pts',(145.819552140066,76.0689469422963,6.56377859486415));
#8278=CARTESIAN_POINT('Ctrl Pts',(145.952575691813,76.4339987125863,6.54009182412526));
#8279=CARTESIAN_POINT('Ctrl Pts',(146.208283582387,76.6606738315278,6.51640505338637));
#8280=CARTESIAN_POINT('Ctrl Pts',(146.46399147296,76.8873489504693,6.49271828264748));
#8281=CARTESIAN_POINT('Ctrl Pts',(146.842383702361,76.9756474180622,6.46903151190859));
#8282=CARTESIAN_POINT('Ctrl Pts',(147.171988564575,76.8855004670723,6.4453447411697));
#8283=CARTESIAN_POINT('Ctrl Pts',(147.50159342679,76.7953535160825,6.42165797043081));
#8284=CARTESIAN_POINT('Ctrl Pts',(147.782410921818,76.5267611465098,6.39797119969192));
#8285=CARTESIAN_POINT('Ctrl Pts',(147.887205169989,76.2015543821552,6.37428442895303));
#8286=CARTESIAN_POINT('Ctrl Pts',(147.920125262018,76.0993938456972,6.36684346071104));
#8287=CARTESIAN_POINT('Ctrl Pts',(147.935674658188,75.9916463685907,6.35940249246905));
#8288=CARTESIAN_POINT('Ctrl Pts',(147.934853148869,75.8836676391659,6.35196152422707));
#8289=CARTESIAN_POINT('Ctrl Pts',(147.934067911542,75.8824827560242,6.47303847577294));
#8290=CARTESIAN_POINT('Ctrl Pts',(147.933513839608,76.0756494647563,6.48632200798751));
#8291=CARTESIAN_POINT('Ctrl Pts',(147.881697535945,76.2690936700526,6.49960554020207));
#8292=CARTESIAN_POINT('Ctrl Pts',(147.780489321045,76.431816872722,6.51288907241663));
#8293=CARTESIAN_POINT('Ctrl Pts',(147.600018062008,76.7219796948743,6.53657584315552));
#8294=CARTESIAN_POINT('Ctrl Pts',(147.262495914301,76.9144593004308,6.56026261389441));
#8295=CARTESIAN_POINT('Ctrl Pts',(146.920872069254,76.9220397852784,6.5839493846333));
#8296=CARTESIAN_POINT('Ctrl Pts',(146.579248224207,76.929620270126,6.60763615537219));
#8297=CARTESIAN_POINT('Ctrl Pts',(146.23352268182,76.7523016342647,6.63132292611108));
#8298=CARTESIAN_POINT('Ctrl Pts',(146.040356257313,76.470432155205,6.65500969684997));
#8299=CARTESIAN_POINT('Ctrl Pts',(145.847189832806,76.1885626761453,6.67869646758886));
#8300=CARTESIAN_POINT('Ctrl Pts',(145.806582526179,75.8021423538872,6.70238323832775));
#8301=CARTESIAN_POINT('Ctrl Pts',(145.936936055867,75.4862753475261,6.72607000906664));
#8302=CARTESIAN_POINT('Ctrl Pts',(146.067289585554,75.170408341165,6.74975677980553));
#8303=CARTESIAN_POINT('Ctrl Pts',(146.368603951556,74.9250946507007,6.77344355054441));
#8304=CARTESIAN_POINT('Ctrl Pts',(146.704340668259,74.8614956362512,6.7971303212833));
#8305=CARTESIAN_POINT('Ctrl Pts',(147.040077384962,74.7978966218017,6.82081709202219));
#8306=CARTESIAN_POINT('Ctrl Pts',(147.410236452367,74.9160122833669,6.84450386276108));
#8307=CARTESIAN_POINT('Ctrl Pts',(147.647083580057,75.1623197264477,6.86819063349997));
#8308=CARTESIAN_POINT('Ctrl Pts',(147.829893836544,75.3524319194192,6.88647324759097));
#8309=CARTESIAN_POINT('Ctrl Pts',(147.933283354924,75.6189145104881,6.90475586168195));
#8310=CARTESIAN_POINT('Ctrl Pts',(147.935678661839,75.8837337524342,6.92303847577294));
#8311=CARTESIAN_POINT('Origin',(146.89781051562,75.882814325629,10.0900431800864));
#8312=CARTESIAN_POINT('',(147.936847686371,75.8822213576644,7.37303847577294));
#8313=CARTESIAN_POINT('',(147.93454975759,75.882094255174,7.25196152422707));
#8314=CARTESIAN_POINT('',(147.93556051562,75.882814325629,10.0900431800864));
#8315=CARTESIAN_POINT('Ctrl Pts',(147.93454975759,75.882094255174,7.25196152422707));
#8316=CARTESIAN_POINT('Ctrl Pts',(147.935332798835,75.7612796610021,7.24364374133573));
#8317=CARTESIAN_POINT('Ctrl Pts',(147.915801939158,75.6407102058053,7.23532595844439));
#8318=CARTESIAN_POINT('Ctrl Pts',(147.874835352851,75.5279269099806,7.22700817555305));
#8319=CARTESIAN_POINT('Ctrl Pts',(147.758173719519,75.2067509300019,7.20332140481416));
#8320=CARTESIAN_POINT('Ctrl Pts',(147.467678070666,74.9487171692011,7.17963463407527));
#8321=CARTESIAN_POINT('Ctrl Pts',(147.134984072954,74.8707514341178,7.15594786333638));
#8322=CARTESIAN_POINT('Ctrl Pts',(146.802290075241,74.7927856990345,7.13226109259749));
#8323=CARTESIAN_POINT('Ctrl Pts',(146.427397728669,74.8948879896688,7.1085743218586));
#8324=CARTESIAN_POINT('Ctrl Pts',(146.180186367619,75.1307915738812,7.08488755111971));
#8325=CARTESIAN_POINT('Ctrl Pts',(145.932975006569,75.3666951580937,7.06120078038082));
#8326=CARTESIAN_POINT('Ctrl Pts',(145.813444631041,75.7364000358842,7.03751400964194));
#8327=CARTESIAN_POINT('Ctrl Pts',(145.87575941368,76.0723773990735,7.01382723890305));
#8328=CARTESIAN_POINT('Ctrl Pts',(145.938074196319,76.4083547622628,6.99014046816416));
#8329=CARTESIAN_POINT('Ctrl Pts',(146.182234137125,76.7106046108508,6.96645369742527));
#8330=CARTESIAN_POINT('Ctrl Pts',(146.4976002376,76.8421652529465,6.94276692668638));
#8331=CARTESIAN_POINT('Ctrl Pts',(146.812966338075,76.9737258950422,6.91908015594749));
#8332=CARTESIAN_POINT('Ctrl Pts',(147.199538598219,76.9345973306457,6.8953933852086));
#8333=CARTESIAN_POINT('Ctrl Pts',(147.482144964693,76.7425097143677,6.87170661446971));
#8334=CARTESIAN_POINT('Ctrl Pts',(147.759520702541,76.553977357643,6.84845825105549));
#8335=CARTESIAN_POINT('Ctrl Pts',(147.936743443448,76.2180956451421,6.82520988764128));
#8336=CARTESIAN_POINT('Ctrl Pts',(147.937275983665,75.8826988308863,6.80196152422707));
#8337=CARTESIAN_POINT('Ctrl Pts',(147.935678661839,75.8837337524342,6.92303847577294));
#8338=CARTESIAN_POINT('Ctrl Pts',(147.936386690446,75.9620116540368,6.92844263242084));
#8339=CARTESIAN_POINT('Ctrl Pts',(147.928270510645,76.0401442231585,6.93384678906874));
#8340=CARTESIAN_POINT('Ctrl Pts',(147.910772950821,76.1161161056524,6.93925094571664));
#8341=CARTESIAN_POINT('Ctrl Pts',(147.834080005919,76.4491058171801,6.96293771645553));
#8342=CARTESIAN_POINT('Ctrl Pts',(147.57715892814,76.7405860156391,6.98662448719442));
#8343=CARTESIAN_POINT('Ctrl Pts',(147.256431394397,76.8584749411728,7.01031125793331));
#8344=CARTESIAN_POINT('Ctrl Pts',(146.935703860654,76.9763638667065,7.0339980286722));
#8345=CARTESIAN_POINT('Ctrl Pts',(146.551169870947,76.920661519315,7.05768479941108));
#8346=CARTESIAN_POINT('Ctrl Pts',(146.277077762008,76.7166089272513,7.08137157014997));
#8347=CARTESIAN_POINT('Ctrl Pts',(146.00298565307,76.5125563351877,7.10505834088886));
#8348=CARTESIAN_POINT('Ctrl Pts',(145.8393354249,76.1601534984519,7.12874511162775));
#8349=CARTESIAN_POINT('Ctrl Pts',(145.86028381715,75.8190888221921,7.15243188236664));
#8350=CARTESIAN_POINT('Ctrl Pts',(145.881232209399,75.4780241459324,7.17611865310553));
#8351=CARTESIAN_POINT('Ctrl Pts',(146.086779222067,75.1482976301486,7.19980542384442));
#8352=CARTESIAN_POINT('Ctrl Pts',(146.383782943498,74.9793220784981,7.22349219458331));
#8353=CARTESIAN_POINT('Ctrl Pts',(146.68078666493,74.8103465268477,7.2471789653222));
#8354=CARTESIAN_POINT('Ctrl Pts',(147.069247095124,74.8021219393306,7.27086573606109));
#8355=CARTESIAN_POINT('Ctrl Pts',(147.373136645846,74.9583752213687,7.29455250679998));
#8356=CARTESIAN_POINT('Ctrl Pts',(147.677026196567,75.1146285034068,7.31823927753887));
#8357=CARTESIAN_POINT('Ctrl Pts',(147.896344867816,75.4353596550002,7.34192604827776));
#8358=CARTESIAN_POINT('Ctrl Pts',(147.931710239633,75.7752320400177,7.36561281901665));
#8359=CARTESIAN_POINT('Ctrl Pts',(147.935405848391,75.8107480065728,7.36808803793541));
#8360=CARTESIAN_POINT('Ctrl Pts',(147.937092720052,75.8464729919701,7.37056325685418));
#8361=CARTESIAN_POINT('Ctrl Pts',(147.936847686371,75.8822213576644,7.37303847577294));
#8362=CARTESIAN_POINT('Origin',(146.89781051562,75.882814325629,10.0900431800864));
#8363=CARTESIAN_POINT('',(147.934077044429,75.8824748550684,7.82303847577294));
#8364=CARTESIAN_POINT('',(147.934830960855,75.8836399633143,7.70196152422707));
#8365=CARTESIAN_POINT('',(147.93556051562,75.882814325629,10.0900431800864));
#8366=CARTESIAN_POINT('Ctrl Pts',(147.934830960855,75.8836399633143,7.70196152422707));
#8367=CARTESIAN_POINT('Ctrl Pts',(147.933049767408,75.648539540944,7.68576436576906));
#8368=CARTESIAN_POINT('Ctrl Pts',(147.853731361175,75.4123510506342,7.66956720731106));
#8369=CARTESIAN_POINT('Ctrl Pts',(147.70708563916,75.2304368407406,7.65337004885306));
#8370=CARTESIAN_POINT('Ctrl Pts',(147.492630516911,74.9644049811976,7.62968327811417));
#8371=CARTESIAN_POINT('Ctrl Pts',(147.134187708904,74.814445297451,7.60599650737528));
#8372=CARTESIAN_POINT('Ctrl Pts',(146.794182571096,74.8485107640552,7.58230973663639));
#8373=CARTESIAN_POINT('Ctrl Pts',(146.454177433288,74.8825762306594,7.5586229658975));
#8374=CARTESIAN_POINT('Ctrl Pts',(146.13260996568,75.1006668476145,7.53493619515861));
#8375=CARTESIAN_POINT('Ctrl Pts',(145.975195773098,75.4039566791149,7.51124942441972));
#8376=CARTESIAN_POINT('Ctrl Pts',(145.817781580516,75.7072465106154,7.48756265368083));
#8377=CARTESIAN_POINT('Ctrl Pts',(145.82452066296,76.0957355566612,7.46387588294194));
#8378=CARTESIAN_POINT('Ctrl Pts',(145.992359261432,76.3933832583914,7.44018911220306));
#8379=CARTESIAN_POINT('Ctrl Pts',(146.160197859903,76.6910309601215,7.41650234146416));
#8380=CARTESIAN_POINT('Ctrl Pts',(146.4891359744,76.8978373175359,7.39281557072527));
#8381=CARTESIAN_POINT('Ctrl Pts',(146.830118053801,76.9200897651302,7.36912879998638));
#8382=CARTESIAN_POINT('Ctrl Pts',(147.171100133202,76.9423422127244,7.34544202924749));
#8383=CARTESIAN_POINT('Ctrl Pts',(147.524126177505,76.7800407504984,7.32175525850861));
#8384=CARTESIAN_POINT('Ctrl Pts',(147.729225390751,76.5067309198071,7.29806848776972));
#8385=CARTESIAN_POINT('Ctrl Pts',(147.862302514292,76.3293958363204,7.28269949992217));
#8386=CARTESIAN_POINT('Ctrl Pts',(147.933102911533,76.1053265820922,7.26733051207462));
#8387=CARTESIAN_POINT('Ctrl Pts',(147.93454975759,75.882094255174,7.25196152422707));
#8388=CARTESIAN_POINT('Ctrl Pts',(147.936847686371,75.8822213576644,7.37303847577294));
#8389=CARTESIAN_POINT('Ctrl Pts',(147.934747854081,76.1885693358816,7.39425002759307));
#8390=CARTESIAN_POINT('Ctrl Pts',(147.790773798756,76.4966343037399,7.41546157941319));
#8391=CARTESIAN_POINT('Ctrl Pts',(147.553277832193,76.6895888815138,7.43667313123332));
#8392=CARTESIAN_POINT('Ctrl Pts',(147.288067980547,76.9050597195509,7.46035990197221));
#8393=CARTESIAN_POINT('Ctrl Pts',(146.90623620487,76.9769877771836,7.4840466727111));
#8394=CARTESIAN_POINT('Ctrl Pts',(146.580806375899,76.8727794575999,7.50773344344999));
#8395=CARTESIAN_POINT('Ctrl Pts',(146.255376546929,76.7685711380162,7.53142021418887));
#8396=CARTESIAN_POINT('Ctrl Pts',(145.986348664666,76.4882264412162,7.55510698492776));
#8397=CARTESIAN_POINT('Ctrl Pts',(145.895630461015,76.1587812179276,7.57879375566665));
#8398=CARTESIAN_POINT('Ctrl Pts',(145.804912257365,75.8293359946389,7.60248052640554));
#8399=CARTESIAN_POINT('Ctrl Pts',(145.892503732327,75.4507902448616,7.62616729714443));
#8400=CARTESIAN_POINT('Ctrl Pts',(146.118713542118,75.1946788059526,7.64985406788332));
#8401=CARTESIAN_POINT('Ctrl Pts',(146.344923351908,74.9385673670436,7.67354083862221));
#8402=CARTESIAN_POINT('Ctrl Pts',(146.709751496526,74.8048902390028,7.6972276093611));
#8403=CARTESIAN_POINT('Ctrl Pts',(147.047879158965,74.8542220897009,7.72091438009999));
#8404=CARTESIAN_POINT('Ctrl Pts',(147.386006821404,74.903553940399,7.74460115083888));
#8405=CARTESIAN_POINT('Ctrl Pts',(147.697434001663,75.1358947698358,7.76828792157777));
#8406=CARTESIAN_POINT('Ctrl Pts',(147.841040079191,75.4459612837116,7.79197469231666));
#8407=CARTESIAN_POINT('Ctrl Pts',(147.903817007074,75.5815058478097,7.80232928680209));
#8408=CARTESIAN_POINT('Ctrl Pts',(147.93452378076,75.7319035778348,7.81268388128751));
#8409=CARTESIAN_POINT('Ctrl Pts',(147.934077044429,75.8824748550684,7.82303847577294));
#8410=CARTESIAN_POINT('Origin',(146.89781051562,75.882814325629,10.0900431800864));
#8411=CARTESIAN_POINT('',(147.935657530586,75.883735088326,8.27303847577294));
#8412=CARTESIAN_POINT('',(147.937279425827,75.8827118926868,8.15196152422707));
#8413=CARTESIAN_POINT('',(147.93556051562,75.882814325629,10.0900431800864));
#8414=CARTESIAN_POINT('Ctrl Pts',(147.937279425827,75.8827118926868,8.15196152422707));
#8415=CARTESIAN_POINT('Ctrl Pts',(147.937287409062,75.8770889437573,8.15157176094129));
#8416=CARTESIAN_POINT('Ctrl Pts',(147.937245684279,75.871466116488,8.15118199765551));
#8417=CARTESIAN_POINT('Ctrl Pts',(147.937153889396,75.8658441067632,8.15079223436973));
#8418=CARTESIAN_POINT('Ctrl Pts',(147.931575312802,75.5241822306933,8.12710546363084));
#8419=CARTESIAN_POINT('Ctrl Pts',(147.741074851555,75.1855397591452,8.10341869289195));
#8420=CARTESIAN_POINT('Ctrl Pts',(147.451976246147,75.0033696509722,8.07973192215306));
#8421=CARTESIAN_POINT('Ctrl Pts',(147.162877640738,74.8211995427991,8.05604515141417));
#8422=CARTESIAN_POINT('Ctrl Pts',(146.775180891167,74.795501798001,8.03235838067529));
#8423=CARTESIAN_POINT('Ctrl Pts',(146.464567507763,74.9379211536272,8.0086716099364));
#8424=CARTESIAN_POINT('Ctrl Pts',(146.153954124358,75.0803405092535,7.98498483919751));
#8425=CARTESIAN_POINT('Ctrl Pts',(145.92042410712,75.3908769653041,7.96129806845862));
#8426=CARTESIAN_POINT('Ctrl Pts',(145.869799638969,75.7288135185962,7.93761129771973));
#8427=CARTESIAN_POINT('Ctrl Pts',(145.819175170819,76.0667500718883,7.91392452698084));
#8428=CARTESIAN_POINT('Ctrl Pts',(145.951456251757,76.4320867224219,7.89023775624195));
#8429=CARTESIAN_POINT('Ctrl Pts',(146.206700812435,76.6592742311898,7.86655098550306));
#8430=CARTESIAN_POINT('Ctrl Pts',(146.461945373114,76.8864617399578,7.84286421476417));
#8431=CARTESIAN_POINT('Ctrl Pts',(146.840153413533,76.9755001069602,7.81917744402528));
#8432=CARTESIAN_POINT('Ctrl Pts',(147.169943130483,76.8860423399613,7.79549067328639));
#8433=CARTESIAN_POINT('Ctrl Pts',(147.499732847432,76.7965845729625,7.77180390254751));
#8434=CARTESIAN_POINT('Ctrl Pts',(147.781104240912,76.5286306719623,7.74811713180862));
#8435=CARTESIAN_POINT('Ctrl Pts',(147.886556219406,76.2036017037926,7.72443036106973));
#8436=CARTESIAN_POINT('Ctrl Pts',(147.919899491137,76.1008295286202,7.71694074878884));
#8437=CARTESIAN_POINT('Ctrl Pts',(147.935654589787,75.9923510693513,7.70945113650795));
#8438=CARTESIAN_POINT('Ctrl Pts',(147.934830960855,75.8836399633143,7.70196152422707));
#8439=CARTESIAN_POINT('Ctrl Pts',(147.934077044429,75.8824748550684,7.82303847577294));
#8440=CARTESIAN_POINT('Ctrl Pts',(147.933501843969,76.0763446207663,7.8363706520264));
#8441=CARTESIAN_POINT('Ctrl Pts',(147.881279906644,76.2705020955218,7.84970282827986));
#8442=CARTESIAN_POINT('Ctrl Pts',(147.779367844115,76.4336130780586,7.86303500453332));
#8443=CARTESIAN_POINT('Ctrl Pts',(147.598304556714,76.7234061602153,7.88672177527221));
#8444=CARTESIAN_POINT('Ctrl Pts',(147.260393007116,76.9152001262138,7.9104085460111));
#8445=CARTESIAN_POINT('Ctrl Pts',(146.918754973886,76.9220851763152,7.93409531674999));
#8446=CARTESIAN_POINT('Ctrl Pts',(146.577116940655,76.9289702264167,7.95778208748888));
#8447=CARTESIAN_POINT('Ctrl Pts',(146.231752423792,76.750946360621,7.98146885822777));
#8448=CARTESIAN_POINT('Ctrl Pts',(146.039160482493,76.4686835399602,8.00515562896666));
#8449=CARTESIAN_POINT('Ctrl Pts',(145.846568541193,76.1864207192994,8.02884239970555));
#8450=CARTESIAN_POINT('Ctrl Pts',(145.806749175457,75.7999189437734,8.05252917044444));
#8451=CARTESIAN_POINT('Ctrl Pts',(145.937746152771,75.4843183887256,8.07621594118333));
#8452=CARTESIAN_POINT('Ctrl Pts',(146.068743130086,75.1687178336777,8.09990271192222));
#8453=CARTESIAN_POINT('Ctrl Pts',(146.370556450452,74.9240184991081,8.1235894826611));
#8454=CARTESIAN_POINT('Ctrl Pts',(146.706422030171,74.8611035569925,8.14727625339999));
#8455=CARTESIAN_POINT('Ctrl Pts',(147.04228760989,74.7981886148769,8.17096302413889));
#8456=CARTESIAN_POINT('Ctrl Pts',(147.412205448963,74.9170580652153,8.19464979487778));
#8457=CARTESIAN_POINT('Ctrl Pts',(147.648550176387,75.1638478101974,8.21833656561667));
#8458=CARTESIAN_POINT('Ctrl Pts',(147.830487289273,75.3538254508295,8.23657053566876));
#8459=CARTESIAN_POINT('Ctrl Pts',(147.933270960274,75.6196067579553,8.25480450572085));
#8460=CARTESIAN_POINT('Ctrl Pts',(147.935657530586,75.883735088326,8.27303847577294));
#8461=CARTESIAN_POINT('Origin',(146.89781051562,75.882814325629,10.0900431800864));
#8462=CARTESIAN_POINT('',(147.93685869496,75.8822482998444,8.72303847577294));
#8463=CARTESIAN_POINT('',(147.934563833112,75.8820880776189,8.60196152422707));
#8464=CARTESIAN_POINT('',(147.93556051562,75.882814325629,10.0900431800864));
#8465=CARTESIAN_POINT('',(146.121413018146,75.1942418977634,9.));
#8466=CARTESIAN_POINT('Ctrl Pts',(147.93685869496,75.8822482998444,8.72303847577294));
#8467=CARTESIAN_POINT('Ctrl Pts',(147.934797026944,76.1892406476066,8.74429867163196));
#8468=CARTESIAN_POINT('Ctrl Pts',(147.790112934782,76.4978833120171,8.76555886749099));
#8469=CARTESIAN_POINT('Ctrl Pts',(147.551659371117,76.6908648816165,8.78681906335001));
#8470=CARTESIAN_POINT('Ctrl Pts',(147.285989434121,76.905872787764,8.8105058340889));
#8471=CARTESIAN_POINT('Ctrl Pts',(146.903923335422,76.977310432945,8.83419260482779));
#8472=CARTESIAN_POINT('Ctrl Pts',(146.578781449383,76.8723007929014,8.85787937556668));
#8473=CARTESIAN_POINT('Ctrl Pts',(146.253639563343,76.7672911528578,8.88156614630556));
#8474=CARTESIAN_POINT('Ctrl Pts',(145.985421889961,76.4858342275897,8.90525291704446));
#8475=CARTESIAN_POINT('Ctrl Pts',(145.895432413671,76.1567663437766,8.92893968778335));
#8476=CARTESIAN_POINT('Ctrl Pts',(145.805442937381,75.8276984599634,8.95262645852224));
#8477=CARTESIAN_POINT('Ctrl Pts',(145.893681658181,75.4510196176051,8.97631322926112));
#8478=CARTESIAN_POINT('Ctrl Pts',(146.121413018146,75.1942418977634,9.00000000000001));
#8479=CARTESIAN_POINT('',(147.675730854909,75.1932517562635,9.));
#8480=CARTESIAN_POINT('Origin',(146.89781051562,75.882814325629,9.));
#8481=CARTESIAN_POINT('Ctrl Pts',(147.675739324518,75.1932462493804,9.));
#8482=CARTESIAN_POINT('Ctrl Pts',(147.459320845777,74.9509650624824,8.97748522291769));
#8483=CARTESIAN_POINT('Ctrl Pts',(147.119541325897,74.8165634610085,8.95497044583539));
#8484=CARTESIAN_POINT('Ctrl Pts',(146.796236064114,74.8483353782808,8.93245566875308));
#8485=CARTESIAN_POINT('Ctrl Pts',(146.456101334531,74.8817611642706,8.90876889801419));
#8486=CARTESIAN_POINT('Ctrl Pts',(146.134200618618,75.0991108753666,8.88508212727529));
#8487=CARTESIAN_POINT('Ctrl Pts',(145.97619803548,75.4020571705302,8.86139535653641));
#8488=CARTESIAN_POINT('Ctrl Pts',(145.818195452342,75.7050034656937,8.83770858579752));
#8489=CARTESIAN_POINT('Ctrl Pts',(145.824091001977,76.0935463449249,8.81402181505863));
#8490=CARTESIAN_POINT('Ctrl Pts',(145.991309054044,76.3915462795411,8.79033504431974));
#8491=CARTESIAN_POINT('Ctrl Pts',(146.15852710611,76.6895462141574,8.76664827358085));
#8492=CARTESIAN_POINT('Ctrl Pts',(146.487067660607,76.8970032041588,8.74296150284196));
#8493=CARTESIAN_POINT('Ctrl Pts',(146.82801016873,76.9199453270678,8.71927473210308));
#8494=CARTESIAN_POINT('Ctrl Pts',(147.168952676854,76.9428874499769,8.69558796136419));
#8495=CARTESIAN_POINT('Ctrl Pts',(147.522297138602,76.7813147057936,8.6719011906253));
#8496=CARTESIAN_POINT('Ctrl Pts',(147.727949768376,76.5084257490702,8.64821441988641));
#8497=CARTESIAN_POINT('Ctrl Pts',(147.861808308118,76.3308033316028,8.63279678799996));
#8498=CARTESIAN_POINT('Ctrl Pts',(147.933094837476,76.1060200175983,8.61737915611351));
#8499=CARTESIAN_POINT('Ctrl Pts',(147.934563833112,75.8820880776189,8.60196152422707));
#8500=CARTESIAN_POINT('Origin',(135.12827025654,12.44602489205,10.0900431800864));
#8501=CARTESIAN_POINT('',(136.164507745093,12.4456928478747,6.47303847577293));
#8502=CARTESIAN_POINT('',(136.165290178597,12.4468794649525,6.35196152422705));
#8503=CARTESIAN_POINT('',(136.16602025654,12.44602489205,10.0900431800864));
#8504=CARTESIAN_POINT('',(134.225368062431,12.9575839701363,6.09004318008636));
#8505=CARTESIAN_POINT('Ctrl Pts',(136.165290178597,12.4468794649525,6.35196152422705));
#8506=CARTESIAN_POINT('Ctrl Pts',(136.163493109723,12.2111386861409,6.33571572173015));
#8507=CARTESIAN_POINT('Ctrl Pts',(136.083660938899,11.9742964344468,6.31946991923325));
#8508=CARTESIAN_POINT('Ctrl Pts',(135.936204505817,11.7920830288084,6.30322411673635));
#8509=CARTESIAN_POINT('Ctrl Pts',(135.721209480177,11.5264115013026,6.27953734599746));
#8510=CARTESIAN_POINT('Ctrl Pts',(135.362456489949,11.3768718391163,6.25585057525857));
#8511=CARTESIAN_POINT('Ctrl Pts',(135.022548298711,11.4117934136808,6.23216380451968));
#8512=CARTESIAN_POINT('Ctrl Pts',(134.682640107473,11.4467149882452,6.2084770337808));
#8513=CARTESIAN_POINT('Ctrl Pts',(134.361576715224,11.6660977995605,6.18479026304191));
#8514=CARTESIAN_POINT('Ctrl Pts',(134.204961757469,11.9691608996381,6.16110349230302));
#8515=CARTESIAN_POINT('Ctrl Pts',(134.048346799714,12.2722239997156,6.13741672156413));
#8516=CARTESIAN_POINT('Ctrl Pts',(134.056180276454,12.6589673885555,6.11372995082524));
#8517=CARTESIAN_POINT('Ctrl Pts',(134.225368062431,12.9575839701364,6.09004318008635));
#8518=CARTESIAN_POINT('',(135.74531401961,13.2826023004809,6.09004318008636));
#8519=CARTESIAN_POINT('Origin',(135.12827025654,12.44602489205,6.09004318008636));
#8520=CARTESIAN_POINT('Ctrl Pts',(135.74532201134,13.2826101686775,6.09004318008636));
#8521=CARTESIAN_POINT('Ctrl Pts',(135.483138287884,13.4744583098626,6.11255795716867));
#8522=CARTESIAN_POINT('Ctrl Pts',(135.122814539133,13.5350428152592,6.13507273425098));
#8523=CARTESIAN_POINT('Ctrl Pts',(134.813246415326,13.4365589158192,6.15758751133329));
#8524=CARTESIAN_POINT('Ctrl Pts',(134.487563902465,13.3329484941401,6.18127428207218));
#8525=CARTESIAN_POINT('Ctrl Pts',(134.218058654376,13.0532782188895,6.20496105281106));
#8526=CARTESIAN_POINT('Ctrl Pts',(134.126694108948,12.7240561026363,6.22864782354995));
#8527=CARTESIAN_POINT('Ctrl Pts',(134.035329563519,12.3948339863831,6.25233459428884));
#8528=CARTESIAN_POINT('Ctrl Pts',(134.122105720751,12.0160600291275,6.27602136502773));
#8529=CARTESIAN_POINT('Ctrl Pts',(134.347777910458,11.7594780520769,6.29970813576662));
#8530=CARTESIAN_POINT('Ctrl Pts',(134.573450100166,11.5028960750263,6.32339490650551));
#8531=CARTESIAN_POINT('Ctrl Pts',(134.938018322349,11.3685060781808,6.3470816772444));
#8532=CARTESIAN_POINT('Ctrl Pts',(135.27624458606,11.4171551322801,6.37076844798329));
#8533=CARTESIAN_POINT('Ctrl Pts',(135.61447084977,11.4658041863793,6.39445521872218));
#8534=CARTESIAN_POINT('Ctrl Pts',(135.926355155007,11.6974922914234,6.41814198946107));
#8535=CARTESIAN_POINT('Ctrl Pts',(136.070587443713,12.0072561661355,6.44182876019995));
#8536=CARTESIAN_POINT('Ctrl Pts',(136.133934318593,12.1433045751978,6.45223199872428));
#8537=CARTESIAN_POINT('Ctrl Pts',(136.164941627985,12.2944135634195,6.46263523724861));
#8538=CARTESIAN_POINT('Ctrl Pts',(136.164507745093,12.4456928478747,6.47303847577293));
#8539=CARTESIAN_POINT('Origin',(135.12827025654,12.44602489205,10.0900431800864));
#8540=CARTESIAN_POINT('',(136.166118530312,12.4469443011078,6.92303847577293));
#8541=CARTESIAN_POINT('',(136.1677158433,12.4459093233431,6.80196152422706));
#8542=CARTESIAN_POINT('',(136.16602025654,12.44602489205,10.0900431800864));
#8543=CARTESIAN_POINT('Ctrl Pts',(136.1677158433,12.4459093233431,6.80196152422706));
#8544=CARTESIAN_POINT('Ctrl Pts',(136.167725885125,12.4395846811514,6.80152311690238));
#8545=CARTESIAN_POINT('Ctrl Pts',(136.167673095783,12.4332602114582,6.8010847095777));
#8546=CARTESIAN_POINT('Ctrl Pts',(136.167556962033,12.4269369056066,6.80064630225303));
#8547=CARTESIAN_POINT('Ctrl Pts',(136.161282355381,12.0852941282411,6.77695953151414));
#8548=CARTESIAN_POINT('Ctrl Pts',(135.970096048993,11.7470487763846,6.75327276077525));
#8549=CARTESIAN_POINT('Ctrl Pts',(135.68063235708,11.5654706040407,6.72958599003636));
#8550=CARTESIAN_POINT('Ctrl Pts',(135.391168665167,11.3838924316969,6.70589921929747));
#8551=CARTESIAN_POINT('Ctrl Pts',(135.003427587729,11.3589814388656,6.68221244855858));
#8552=CARTESIAN_POINT('Ctrl Pts',(134.693111078883,11.5020327111084,6.65852567781969));
#8553=CARTESIAN_POINT('Ctrl Pts',(134.382794570038,11.6450839833512,6.6348389070808));
#8554=CARTESIAN_POINT('Ctrl Pts',(134.149902629785,11.9560975206681,6.61115213634191));
#8555=CARTESIAN_POINT('Ctrl Pts',(134.09996759624,12.2941257834985,6.58746536560303));
#8556=CARTESIAN_POINT('Ctrl Pts',(134.050032562695,12.632154046329,6.56377859486414));
#8557=CARTESIAN_POINT('Ctrl Pts',(134.183054435858,12.9971970346731,6.54009182412525));
#8558=CARTESIAN_POINT('Ctrl Pts',(134.438756918238,13.2238685569858,6.51640505338636));
#8559=CARTESIAN_POINT('Ctrl Pts',(134.694459400619,13.4505400792984,6.49271828264747));
#8560=CARTESIAN_POINT('Ctrl Pts',(135.072842492218,13.5388401355795,6.46903151190858));
#8561=CARTESIAN_POINT('Ctrl Pts',(135.402442049642,13.4486936887375,6.44534474116969));
#8562=CARTESIAN_POINT('Ctrl Pts',(135.732041607065,13.3585472418954,6.4216579704308));
#8563=CARTESIAN_POINT('Ctrl Pts',(136.012857630315,13.0899542919301,6.39797119969191));
#8564=CARTESIAN_POINT('Ctrl Pts',(136.117647111413,12.7647561205349,6.37428442895302));
#8565=CARTESIAN_POINT('Ctrl Pts',(136.150565705912,12.6625982834713,6.36684346071103));
#8566=CARTESIAN_POINT('Ctrl Pts',(136.16611327936,12.5548544110233,6.35940249246904));
#8567=CARTESIAN_POINT('Ctrl Pts',(136.165290178597,12.4468794649525,6.35196152422705));
#8568=CARTESIAN_POINT('Ctrl Pts',(136.164507745093,12.4456928478747,6.47303847577293));
#8569=CARTESIAN_POINT('Ctrl Pts',(136.16395373517,12.6388560867793,6.4863220079875));
#8570=CARTESIAN_POINT('Ctrl Pts',(136.112138493079,12.8322969740214,6.49960554020206));
#8571=CARTESIAN_POINT('Ctrl Pts',(136.010932235133,12.9950172007149,6.51288907241662));
#8572=CARTESIAN_POINT('Ctrl Pts',(135.830464465674,13.2851747162021,6.53657584315551));
#8573=CARTESIAN_POINT('Ctrl Pts',(135.492948654583,13.4776501027962,6.5602626138944));
#8574=CARTESIAN_POINT('Ctrl Pts',(135.151331325706,13.4852303128575,6.58394938463329));
#8575=CARTESIAN_POINT('Ctrl Pts',(134.809713996829,13.4928105229187,6.60763615537218));
#8576=CARTESIAN_POINT('Ctrl Pts',(134.463995150168,13.3154955564471,6.63132292611107));
#8577=CARTESIAN_POINT('Ctrl Pts',(134.270832440433,13.0336315415302,6.65500969684996));
#8578=CARTESIAN_POINT('Ctrl Pts',(134.077669730698,12.7517675266134,6.67869646758885));
#8579=CARTESIAN_POINT('Ctrl Pts',(134.03706315789,12.3653544632512,6.70238323832774));
#8580=CARTESIAN_POINT('Ctrl Pts',(134.167414181972,12.0494934705348,6.72607000906663));
#8581=CARTESIAN_POINT('Ctrl Pts',(134.297765206054,11.7336324778184,6.74975677980552));
#8582=CARTESIAN_POINT('Ctrl Pts',(134.599073827027,11.4883235557478,6.7734435505444));
#8583=CARTESIAN_POINT('Ctrl Pts',(134.934804120742,11.4247257766461,6.79713032128329));
#8584=CARTESIAN_POINT('Ctrl Pts',(135.270534414458,11.3611279975443,6.82081709202218));
#8585=CARTESIAN_POINT('Ctrl Pts',(135.640686380917,11.4792413614113,6.84450386276107));
#8586=CARTESIAN_POINT('Ctrl Pts',(135.877528970487,11.7255440793761,6.86819063349996));
#8587=CARTESIAN_POINT('Ctrl Pts',(136.060335724229,11.9156526252708,6.88647324759095));
#8588=CARTESIAN_POINT('Ctrl Pts',(136.16372326667,12.182130123126,6.90475586168194));
#8589=CARTESIAN_POINT('Ctrl Pts',(136.166118530312,12.4469443011078,6.92303847577293));
#8590=CARTESIAN_POINT('Origin',(135.12827025654,12.44602489205,10.0900431800864));
#8591=CARTESIAN_POINT('',(136.167287532345,12.4454319355194,7.37303847577293));
#8592=CARTESIAN_POINT('',(136.164989649304,12.4453048339729,7.25196152422706));
#8593=CARTESIAN_POINT('',(136.16602025654,12.44602489205,10.0900431800864));
#8594=CARTESIAN_POINT('Ctrl Pts',(136.164989649304,12.4453048339729,7.25196152422706));
#8595=CARTESIAN_POINT('Ctrl Pts',(136.165772675591,12.3244925526782,7.24364374133572));
#8596=CARTESIAN_POINT('Ctrl Pts',(136.146242189849,12.2039254058805,7.23532595844438));
#8597=CARTESIAN_POINT('Ctrl Pts',(136.105276387808,12.0911442698371,7.22700817555304));
#8598=CARTESIAN_POINT('Ctrl Pts',(135.98861698785,11.7699744403248,7.20332140481415));
#8599=CARTESIAN_POINT('Ctrl Pts',(135.698126899972,11.5119456247673,7.17963463407526));
#8600=CARTESIAN_POINT('Ctrl Pts',(135.365439272533,11.4339813800184,7.15594786333637));
#8601=CARTESIAN_POINT('Ctrl Pts',(135.032751645094,11.3560171352696,7.13226109259748));
#8602=CARTESIAN_POINT('Ctrl Pts',(134.657866478094,11.4581174613294,7.10857432185859));
#8603=CARTESIAN_POINT('Ctrl Pts',(134.410659849077,11.6940165336247,7.0848875511197));
#8604=CARTESIAN_POINT('Ctrl Pts',(134.163453220059,11.9299156059199,7.06120078038081));
#8605=CARTESIAN_POINT('Ctrl Pts',(134.043925129025,12.2996134244506,7.03751400964192));
#8606=CARTESIAN_POINT('Ctrl Pts',(134.106238720922,12.6355843458481,7.01382723890303));
#8607=CARTESIAN_POINT('Ctrl Pts',(134.168552312819,12.9715552672456,6.99014046816414));
#8608=CARTESIAN_POINT('Ctrl Pts',(134.412707587649,13.2737992915099,6.96645369742526));
#8609=CARTESIAN_POINT('Ctrl Pts',(134.728067645071,13.4053574324665,6.94276692668637));
#8610=CARTESIAN_POINT('Ctrl Pts',(135.043427702492,13.5369155734232,6.91908015594748));
#8611=CARTESIAN_POINT('Ctrl Pts',(135.429992542504,13.4977878310722,6.89539338520859));
#8612=CARTESIAN_POINT('Ctrl Pts',(135.712593509052,13.3057038584594,6.8717066144697));
#8613=CARTESIAN_POINT('Ctrl Pts',(135.98996394692,13.1171750779611,6.84845825105548));
#8614=CARTESIAN_POINT('Ctrl Pts',(136.167183333964,12.7812996598247,6.82520988764127));
#8615=CARTESIAN_POINT('Ctrl Pts',(136.1677158433,12.4459093233431,6.80196152422706));
#8616=CARTESIAN_POINT('Ctrl Pts',(136.166118530312,12.4469443011078,6.92303847577293));
#8617=CARTESIAN_POINT('Ctrl Pts',(136.166826546128,12.5252207058536,6.92844263242083));
#8618=CARTESIAN_POINT('Ctrl Pts',(136.1587105224,12.6033517806741,6.93384678906873));
#8619=CARTESIAN_POINT('Ctrl Pts',(136.141213297995,12.6793222095267,6.93925094571663));
#8620=CARTESIAN_POINT('Ctrl Pts',(136.064521823254,13.0123055496499,6.96293771645552));
#8621=CARTESIAN_POINT('Ctrl Pts',(135.807605661092,13.3037801578338,6.98662448719441));
#8622=CARTESIAN_POINT('Ctrl Pts',(135.486884267586,13.4216668238044,7.0103112579333));
#8623=CARTESIAN_POINT('Ctrl Pts',(135.166162874081,13.539553489775,7.03399802867219));
#8624=CARTESIAN_POINT('Ctrl Pts',(134.781636249232,13.4838522135323,7.05768479941107));
#8625=CARTESIAN_POINT('Ctrl Pts',(134.507549388956,13.2798035297183,7.08137157014996));
#8626=CARTESIAN_POINT('Ctrl Pts',(134.233462528679,13.0757548459043,7.10505834088885));
#8627=CARTESIAN_POINT('Ctrl Pts',(134.069815432975,12.723358754519,7.12874511162774));
#8628=CARTESIAN_POINT('Ctrl Pts',(134.090763423865,12.3823006082276,7.15243188236663));
#8629=CARTESIAN_POINT('Ctrl Pts',(134.111711414755,12.0412424619362,7.17611865310552));
#8630=CARTESIAN_POINT('Ctrl Pts',(134.317254492239,11.7115222607387,7.19980542384441));
#8631=CARTESIAN_POINT('Ctrl Pts',(134.614252526914,11.5425499448416,7.2234921945833));
#8632=CARTESIAN_POINT('Ctrl Pts',(134.911250561588,11.3735776289445,7.24717896532219));
#8633=CARTESIAN_POINT('Ctrl Pts',(135.299703553453,11.3653531983478,7.27086573606108));
#8634=CARTESIAN_POINT('Ctrl Pts',(135.603587285376,11.5216034883742,7.29455250679997));
#8635=CARTESIAN_POINT('Ctrl Pts',(135.907471017298,11.6778537784006,7.31823927753886));
#8636=CARTESIAN_POINT('Ctrl Pts',(136.126785489278,11.9985787890501,7.34192604827775));
#8637=CARTESIAN_POINT('Ctrl Pts',(136.16215018397,12.3384446664336,7.36561281901664));
#8638=CARTESIAN_POINT('Ctrl Pts',(136.165845721969,12.3739599529543,7.3680880379354));
#8639=CARTESIAN_POINT('Ctrl Pts',(136.167532561333,12.4096842543131,7.37056325685417));
#8640=CARTESIAN_POINT('Ctrl Pts',(136.167287532345,12.4454319355194,7.37303847577293));
#8641=CARTESIAN_POINT('Origin',(135.12827025654,12.44602489205,10.0900431800864));
#8642=CARTESIAN_POINT('',(136.164516943388,12.4456854287893,7.82303847577293));
#8643=CARTESIAN_POINT('',(136.165270847005,12.4468505138486,7.70196152422705));
#8644=CARTESIAN_POINT('',(136.16602025654,12.44602489205,10.0900431800864));
#8645=CARTESIAN_POINT('Ctrl Pts',(136.165270847005,12.4468505138486,7.70196152422705));
#8646=CARTESIAN_POINT('Ctrl Pts',(136.163489687646,12.2117545927243,7.68576436576905));
#8647=CARTESIAN_POINT('Ctrl Pts',(136.084172799997,11.9755706245376,7.66956720731105));
#8648=CARTESIAN_POINT('Ctrl Pts',(135.937529885648,11.7936598976144,7.65337004885304));
#8649=CARTESIAN_POINT('Ctrl Pts',(135.723078869337,11.5276331315771,7.62968327811416));
#8650=CARTESIAN_POINT('Ctrl Pts',(135.36464292413,11.3776763189808,7.60599650737527));
#8651=CARTESIAN_POINT('Ctrl Pts',(135.024644296089,11.411741133312,7.58230973663638));
#8652=CARTESIAN_POINT('Ctrl Pts',(134.684645668049,11.4458059476431,7.55862296589749));
#8653=CARTESIAN_POINT('Ctrl Pts',(134.363084357175,11.6638923889016,7.5349361951586));
#8654=CARTESIAN_POINT('Ctrl Pts',(134.205673178434,11.9671764136903,7.51124942441971));
#8655=CARTESIAN_POINT('Ctrl Pts',(134.048261999693,12.270460438479,7.48756265368082));
#8656=CARTESIAN_POINT('Ctrl Pts',(134.055000953084,12.658942046798,7.46387588294193));
#8657=CARTESIAN_POINT('Ctrl Pts',(134.222836338137,12.9565840495949,7.44018911220305));
#8658=CARTESIAN_POINT('Ctrl Pts',(134.390671723191,13.2542260523917,7.41650234146415));
#8659=CARTESIAN_POINT('Ctrl Pts',(134.719603539908,13.4610284496664,7.39281557072526));
#8660=CARTESIAN_POINT('Ctrl Pts',(135.060579090802,13.4832804715275,7.36912879998637));
#8661=CARTESIAN_POINT('Ctrl Pts',(135.401554641696,13.5055324933885,7.34544202924748));
#8662=CARTESIAN_POINT('Ctrl Pts',(135.754573926769,13.3432341398359,7.3217552585086));
#8663=CARTESIAN_POINT('Ctrl Pts',(135.959669213286,13.0699295413261,7.29806848776971));
#8664=CARTESIAN_POINT('Ctrl Pts',(136.092743788999,12.8925978527022,7.28269949992216));
#8665=CARTESIAN_POINT('Ctrl Pts',(136.163542830886,12.6685328873267,7.26733051207461));
#8666=CARTESIAN_POINT('Ctrl Pts',(136.164989649304,12.4453048339729,7.25196152422706));
#8667=CARTESIAN_POINT('Ctrl Pts',(136.167287532345,12.4454319355194,7.37303847577293));
#8668=CARTESIAN_POINT('Ctrl Pts',(136.165187740272,12.7517740479716,7.39425002759306));
#8669=CARTESIAN_POINT('Ctrl Pts',(136.021216441632,13.0598331170615,7.41546157941318));
#8670=CARTESIAN_POINT('Ctrl Pts',(135.783725022516,13.2527840001835,7.43667313123331));
#8671=CARTESIAN_POINT('Ctrl Pts',(135.518520248967,13.4682507124323,7.4603599019722));
#8672=CARTESIAN_POINT('Ctrl Pts',(135.136695784466,13.5401773928125,7.48404667271108));
#8673=CARTESIAN_POINT('Ctrl Pts',(134.811272186677,13.4359710686171,7.50773344344997));
#8674=CARTESIAN_POINT('Ctrl Pts',(134.485848588888,13.3317647444217,7.53142021418886));
#8675=CARTESIAN_POINT('Ctrl Pts',(134.21682585781,13.0514254156508,7.55510698492775));
#8676=CARTESIAN_POINT('Ctrl Pts',(134.126109391191,12.7219865003352,7.57879375566664));
#8677=CARTESIAN_POINT('Ctrl Pts',(134.035392924571,12.3925475850197,7.60248052640553));
#8678=CARTESIAN_POINT('Ctrl Pts',(134.122982722409,12.0140090831594,7.62616729714442));
#8679=CARTESIAN_POINT('Ctrl Pts',(134.349188200833,11.7579025483127,7.64985406788331));
#8680=CARTESIAN_POINT('Ctrl Pts',(134.575393679258,11.5017960134659,7.6735408386222));
#8681=CARTESIAN_POINT('Ctrl Pts',(134.940214838269,11.3681214456327,7.69722760936109));
#8682=CARTESIAN_POINT('Ctrl Pts',(135.278336026415,11.417452351431,7.72091438009998));
#8683=CARTESIAN_POINT('Ctrl Pts',(135.616457214561,11.4667832572293,7.74460115083887));
#8684=CARTESIAN_POINT('Ctrl Pts',(135.927878431842,11.6991196366591,7.76828792157775));
#8685=CARTESIAN_POINT('Ctrl Pts',(136.071481759646,12.0091802141558,7.79197469231664));
#8686=CARTESIAN_POINT('Ctrl Pts',(136.134257485495,12.1447221831852,7.80232928680207));
#8687=CARTESIAN_POINT('Ctrl Pts',(136.164963671194,12.2951170341,7.8126838812875));
#8688=CARTESIAN_POINT('Ctrl Pts',(136.164516943388,12.4456854287893,7.82303847577293));
#8689=CARTESIAN_POINT('Origin',(135.12827025654,12.44602489205,10.0900431800864));
#8690=CARTESIAN_POINT('',(136.166097406513,12.4469457293289,8.27303847577293));
#8691=CARTESIAN_POINT('',(136.167719267797,12.4459224571902,8.15196152422706));
#8692=CARTESIAN_POINT('',(136.16602025654,12.44602489205,10.0900431800864));
#8693=CARTESIAN_POINT('Ctrl Pts',(136.167719267797,12.4459224571902,8.15196152422706));
#8694=CARTESIAN_POINT('Ctrl Pts',(136.167727250927,12.4402996158444,8.15157176094128));
#8695=CARTESIAN_POINT('Ctrl Pts',(136.167685526987,12.4346768961596,8.1511819976555));
#8696=CARTESIAN_POINT('Ctrl Pts',(136.167593733905,12.429054994007,8.15079223436972));
#8697=CARTESIAN_POINT('Ctrl Pts',(136.162015266704,12.0873996553342,8.12710546363083));
#8698=CARTESIAN_POINT('Ctrl Pts',(135.971518447177,11.7487636756033,8.10341869289194));
#8699=CARTESIAN_POINT('Ctrl Pts',(135.682425375504,11.5665970573086,8.07973192215305));
#8700=CARTESIAN_POINT('Ctrl Pts',(135.393332303831,11.3844304390139,8.05604515141416));
#8701=CARTESIAN_POINT('Ctrl Pts',(135.005642980012,11.3587331821554,8.03235838067528));
#8702=CARTESIAN_POINT('Ctrl Pts',(134.695035544327,11.5011498099932,8.00867160993639));
#8703=CARTESIAN_POINT('Ctrl Pts',(134.384428108643,11.6435664378311,7.9849848391975));
#8704=CARTESIAN_POINT('Ctrl Pts',(134.150902561092,11.9540969503653,7.96129806845861));
#8705=CARTESIAN_POINT('Ctrl Pts',(134.100279061835,12.2920270340235,7.93761129771972));
#8706=CARTESIAN_POINT('Ctrl Pts',(134.049655562579,12.6299571176818,7.91392452698083));
#8707=CARTESIAN_POINT('Ctrl Pts',(134.181934111617,12.9952867724641,7.89023775624194));
#8708=CARTESIAN_POINT('Ctrl Pts',(134.437173785561,13.2224699312359,7.86655098550305));
#8709=CARTESIAN_POINT('Ctrl Pts',(134.692413459505,13.4496530900076,7.84286421476416));
#8710=CARTESIAN_POINT('Ctrl Pts',(135.070614258356,13.5386897527688,7.81917744402527));
#8711=CARTESIAN_POINT('Ctrl Pts',(135.400397661044,13.4492336986624,7.79549067328639));
#8712=CARTESIAN_POINT('Ctrl Pts',(135.730181063733,13.3597776445561,7.7718039025475));
#8713=CARTESIAN_POINT('Ctrl Pts',(136.011547070259,13.0918288735822,7.7481171318086));
#8714=CARTESIAN_POINT('Ctrl Pts',(136.116997029815,12.7668061283561,7.72443036106971));
#8715=CARTESIAN_POINT('Ctrl Pts',(136.15033966317,12.6640359208403,7.71694074878883));
#8716=CARTESIAN_POINT('Ctrl Pts',(136.166094460174,12.5555595384966,7.70945113650794));
#8717=CARTESIAN_POINT('Ctrl Pts',(136.165270847005,12.4468505138486,7.70196152422705));
#8718=CARTESIAN_POINT('Ctrl Pts',(136.164516943388,12.4456854287893,7.82303847577293));
#8719=CARTESIAN_POINT('Ctrl Pts',(136.163941753905,12.6395514830344,7.83637065202639));
#8720=CARTESIAN_POINT('Ctrl Pts',(136.111720816467,12.8337052406443,7.84970282827986));
#8721=CARTESIAN_POINT('Ctrl Pts',(136.009810705317,12.9968130993103,7.86303500453332));
#8722=CARTESIAN_POINT('Ctrl Pts',(135.828750884856,13.2866006314044,7.88672177527221));
#8723=CARTESIAN_POINT('Ctrl Pts',(135.490845805608,13.4783909200288,7.91040854601109));
#8724=CARTESIAN_POINT('Ctrl Pts',(135.149214313891,13.4852758407519,7.93409531674998));
#8725=CARTESIAN_POINT('Ctrl Pts',(134.807582822175,13.492160761475,7.95778208748887));
#8726=CARTESIAN_POINT('Ctrl Pts',(134.462224917991,13.3141403142966,7.98146885822776));
#8727=CARTESIAN_POINT('Ctrl Pts',(134.269636664269,13.0318828934444,8.00515562896665));
#8728=CARTESIAN_POINT('Ctrl Pts',(134.077048410548,12.7496254725922,8.02884239970554));
#8729=CARTESIAN_POINT('Ctrl Pts',(134.037229807289,12.3631310780662,8.05252917044443));
#8730=CARTESIAN_POINT('Ctrl Pts',(134.168224276715,12.0475365754356,8.07621594118332));
#8731=CARTESIAN_POINT('Ctrl Pts',(134.299218746141,11.731942072805,8.09990271192221));
#8732=CARTESIAN_POINT('Ctrl Pts',(134.601026288251,11.4872474620698,8.1235894826611));
#8733=CARTESIAN_POINT('Ctrl Pts',(134.936885435738,11.4243337062252,8.14727625339999));
#8734=CARTESIAN_POINT('Ctrl Pts',(135.272744583225,11.3614199503807,8.17096302413887));
#8735=CARTESIAN_POINT('Ctrl Pts',(135.642655336089,11.4802870494267,8.19464979487776));
#8736=CARTESIAN_POINT('Ctrl Pts',(135.878995541626,11.7270721045771,8.21833656561665));
#8737=CARTESIAN_POINT('Ctrl Pts',(136.060929173584,11.9170461349977,8.23657053566874));
#8738=CARTESIAN_POINT('Ctrl Pts',(136.163710883236,12.1828224461282,8.25480450572084));
#8739=CARTESIAN_POINT('Ctrl Pts',(136.166097406513,12.4469457293289,8.27303847577293));
#8740=CARTESIAN_POINT('Origin',(135.12827025654,12.44602489205,10.0900431800864));
#8741=CARTESIAN_POINT('',(136.167298276117,12.4454606264896,8.72303847577293));
#8742=CARTESIAN_POINT('',(136.165003684271,12.4452988296209,8.60196152422706));
#8743=CARTESIAN_POINT('',(136.16602025654,12.44602489205,10.0900431800864));
#8744=CARTESIAN_POINT('',(134.351872759066,11.7574524641844,9.));
#8745=CARTESIAN_POINT('Ctrl Pts',(136.167298276117,12.4454606264896,8.72303847577293));
#8746=CARTESIAN_POINT('Ctrl Pts',(136.165233909357,12.7524430125736,8.74429867163196));
#8747=CARTESIAN_POINT('Ctrl Pts',(136.020547108008,13.06107013326,8.76555886749098));
#8748=CARTESIAN_POINT('Ctrl Pts',(135.782099988921,13.2540498630945,8.78681906335));
#8749=CARTESIAN_POINT('Ctrl Pts',(135.516437232067,13.4690557194918,8.81050583408889));
#8750=CARTESIAN_POINT('Ctrl Pts',(135.13438967609,13.5405083256643,8.83419260482778));
#8751=CARTESIAN_POINT('Ctrl Pts',(134.809233149963,13.4354829160184,8.85787937556667));
#8752=CARTESIAN_POINT('Ctrl Pts',(134.484076623837,13.3304575063725,8.88156614630556));
#8753=CARTESIAN_POINT('Ctrl Pts',(134.21581112756,13.0489540809081,8.90525291704445));
#8754=CARTESIAN_POINT('Ctrl Pts',(134.125827321376,12.7198972503216,8.92893968778334));
#8755=CARTESIAN_POINT('Ctrl Pts',(134.035843515192,12.390840419735,8.95262645852223));
#8756=CARTESIAN_POINT('Ctrl Pts',(134.124141399101,12.0142301840261,8.97631322926112));
#8757=CARTESIAN_POINT('Ctrl Pts',(134.351872759066,11.7574524641844,9.00000000000001));
#8758=CARTESIAN_POINT('',(135.906180231568,11.7564881906228,9.));
#8759=CARTESIAN_POINT('Origin',(135.12827025654,12.44602489205,9.));
#8760=CARTESIAN_POINT('Ctrl Pts',(135.906189687838,11.7564821618182,9.));
#8761=CARTESIAN_POINT('Ctrl Pts',(135.689768824479,11.5141847858998,8.97748522291769));
#8762=CARTESIAN_POINT('Ctrl Pts',(135.349996194103,11.3798037859494,8.95497044583539));
#8763=CARTESIAN_POINT('Ctrl Pts',(135.026697702615,11.4115778281824,8.93245566875308));
#8764=CARTESIAN_POINT('Ctrl Pts',(134.68657009575,11.4450058497466,8.90876889801419));
#8765=CARTESIAN_POINT('Ctrl Pts',(134.364676370612,11.6623373462154,8.88508212727529));
#8766=CARTESIAN_POINT('Ctrl Pts',(134.206676559557,11.965274213787,8.86139535653641));
#8767=CARTESIAN_POINT('Ctrl Pts',(134.048676748501,12.2682110813586,8.83770858579752));
#8768=CARTESIAN_POINT('Ctrl Pts',(134.054570851528,12.6567533200329,8.81402181505863));
#8769=CARTESIAN_POINT('Ctrl Pts',(134.221785538175,12.9547491231946,8.79033504431974));
#8770=CARTESIAN_POINT('Ctrl Pts',(134.389000224821,13.2527449263562,8.76664827358085));
#8771=CARTESIAN_POINT('Ctrl Pts',(134.717535495088,13.4601942940053,8.74296150284196));
#8772=CARTESIAN_POINT('Ctrl Pts',(135.058471645063,13.4831350909259,8.71927473210307));
#8773=CARTESIAN_POINT('Ctrl Pts',(135.399407795038,13.5060758878465,8.69558796136418));
#8774=CARTESIAN_POINT('Ctrl Pts',(135.752744824721,13.3445081140387,8.67190119062529));
#8775=CARTESIAN_POINT('Ctrl Pts',(135.958393386038,13.0716248362883,8.6482144198864));
#8776=CARTESIAN_POINT('Ctrl Pts',(136.092249277637,12.8940061152435,8.63279678799995));
#8777=CARTESIAN_POINT('Ctrl Pts',(136.163534583897,12.6692267978706,8.6173791561135));
#8778=CARTESIAN_POINT('Ctrl Pts',(136.165003684271,12.4452988296209,8.60196152422706));
#8779=CARTESIAN_POINT('Origin',(96.520193040386,76.200152400305,10.0900431800864));
#8780=CARTESIAN_POINT('',(97.5564375030861,76.1998205478165,6.47303847577294));
#8781=CARTESIAN_POINT('',(97.557220828112,76.2010066221982,6.35196152422707));
#8782=CARTESIAN_POINT('',(97.557943040386,76.200152400305,10.0900431800864));
#8783=CARTESIAN_POINT('',(95.6172908462767,76.7117114783914,6.09004318008636));
#8784=CARTESIAN_POINT('Ctrl Pts',(97.557220828112,76.2010066221982,6.35196152422707));
#8785=CARTESIAN_POINT('Ctrl Pts',(97.5554250735498,75.9652628329177,6.33571572173017));
#8786=CARTESIAN_POINT('Ctrl Pts',(97.4755938187448,75.7284172519166,6.31946991923327));
#8787=CARTESIAN_POINT('Ctrl Pts',(97.3281355518216,75.5462031431284,6.30322411673637));
#8788=CARTESIAN_POINT('Ctrl Pts',(97.1131378523955,75.2805305904132,6.27953734599747));
#8789=CARTESIAN_POINT('Ctrl Pts',(96.7543763426326,75.1309954857919,6.25585057525858));
#8790=CARTESIAN_POINT('Ctrl Pts',(96.4144746949443,75.1659125310871,6.23216380451969));
#8791=CARTESIAN_POINT('Ctrl Pts',(96.074573047256,75.2008295763823,6.2084770337808));
#8792=CARTESIAN_POINT('Ctrl Pts',(95.7535312616424,75.4201987715941,6.18479026304191));
#8793=CARTESIAN_POINT('Ctrl Pts',(95.5969137649034,75.7232651017012,6.16110349230303));
#8794=CARTESIAN_POINT('Ctrl Pts',(95.4402962681645,76.0263314318082,6.13741672156414));
#8795=CARTESIAN_POINT('Ctrl Pts',(95.4481030603001,76.4130948968105,6.11372995082525));
#8796=CARTESIAN_POINT('Ctrl Pts',(95.6172908462767,76.7117114783914,6.09004318008636));
#8797=CARTESIAN_POINT('',(97.1372390169811,77.0367380058611,6.09004318008636));
#8798=CARTESIAN_POINT('Origin',(96.520193040386,76.200152400305,6.09004318008636));
#8799=CARTESIAN_POINT('Ctrl Pts',(97.1372467819954,77.0367456873419,6.09004318008636));
#8800=CARTESIAN_POINT('Ctrl Pts',(96.8750651939392,77.2285882489955,6.11255795716867));
#8801=CARTESIAN_POINT('Ctrl Pts',(96.5147371491497,77.2891804590446,6.13507273425098));
#8802=CARTESIAN_POINT('Ctrl Pts',(96.2051663662777,77.1906971444883,6.15758751133329));
#8803=CARTESIAN_POINT('Ctrl Pts',(95.8794810559351,77.0870873381388,6.18127428207218));
#8804=CARTESIAN_POINT('Ctrl Pts',(95.6099748221983,76.8074097979259,6.20496105281107));
#8805=CARTESIAN_POINT('Ctrl Pts',(95.5186100360775,76.4781841724293,6.22864782354996));
#8806=CARTESIAN_POINT('Ctrl Pts',(95.4272452499566,76.1489585469327,6.25233459428885));
#8807=CARTESIAN_POINT('Ctrl Pts',(95.5140219114517,75.7701848361525,6.27602136502774));
#8808=CARTESIAN_POINT('Ctrl Pts',(95.7396955363091,75.5136017752578,6.29970813576663));
#8809=CARTESIAN_POINT('Ctrl Pts',(95.9653691611665,75.2570187143631,6.32339490650552));
#8810=CARTESIAN_POINT('Ctrl Pts',(96.3299397493863,75.1226263033539,6.34708167724441));
#8811=CARTESIAN_POINT('Ctrl Pts',(96.668168290734,75.1712753266973,6.3707684479833));
#8812=CARTESIAN_POINT('Ctrl Pts',(97.0063968320817,75.2199243500408,6.39445521872219));
#8813=CARTESIAN_POINT('Ctrl Pts',(97.3182833265573,75.451614807737,6.41814198946108));
#8814=CARTESIAN_POINT('Ctrl Pts',(97.4625165940208,75.7613809496025,6.44182876019996));
#8815=CARTESIAN_POINT('Ctrl Pts',(97.5258638987719,75.8974303543995,6.45223199872429));
#8816=CARTESIAN_POINT('Ctrl Pts',(97.556871404537,76.0485403218633,6.46263523724862));
#8817=CARTESIAN_POINT('Ctrl Pts',(97.5564375030861,76.1998205478165,6.47303847577294));
#8818=CARTESIAN_POINT('Origin',(96.520193040386,76.200152400305,10.0900431800864));
#8819=CARTESIAN_POINT('',(97.5580482742782,76.2010718155676,6.92303847577295));
#8820=CARTESIAN_POINT('',(97.5596455886981,76.2000368621742,6.80196152422707));
#8821=CARTESIAN_POINT('',(97.557943040386,76.200152400305,10.0900431800864));
#8822=CARTESIAN_POINT('Ctrl Pts',(97.5596455886981,76.2000368621742,6.80196152422707));
#8823=CARTESIAN_POINT('Ctrl Pts',(97.5596556307539,76.1937121771401,6.80152311690239));
#8824=CARTESIAN_POINT('Ctrl Pts',(97.5596028412302,76.1873876645776,6.80108470957772));
#8825=CARTESIAN_POINT('Ctrl Pts',(97.5594867068833,76.1810643158356,6.80064630225304));
#8826=CARTESIAN_POINT('Ctrl Pts',(97.5532120679897,75.8394192211412,6.77695953151415));
#8827=CARTESIAN_POINT('Ctrl Pts',(97.3620245165908,75.5011714905196,6.75327276077526));
#8828=CARTESIAN_POINT('Ctrl Pts',(97.0725588626358,75.3195921498312,6.72958599003637));
#8829=CARTESIAN_POINT('Ctrl Pts',(96.7830932086808,75.1380128091427,6.70589921929748));
#8830=CARTESIAN_POINT('Ctrl Pts',(96.3953494521696,75.1131018583873,6.68221244855859));
#8831=CARTESIAN_POINT('Ctrl Pts',(96.0850309070392,75.2561539989064,6.65852567781971));
#8832=CARTESIAN_POINT('Ctrl Pts',(95.7747123619089,75.3992061394255,6.63483890708082));
#8833=CARTESIAN_POINT('Ctrl Pts',(95.5418190281593,75.7102213712191,6.61115213634193));
#8834=CARTESIAN_POINT('Ctrl Pts',(95.4918835650047,76.0482520655478,6.58746536560304));
#8835=CARTESIAN_POINT('Ctrl Pts',(95.4419481018502,76.3862827598764,6.56377859486415));
#8836=CARTESIAN_POINT('Ctrl Pts',(95.5749705092906,76.7513289167402,6.54009182412526));
#8837=CARTESIAN_POINT('Ctrl Pts',(95.8306749104995,76.9780016661672,6.51640505338637));
#8838=CARTESIAN_POINT('Ctrl Pts',(96.0863793117085,77.2046744155943,6.49271828264748));
#8839=CARTESIAN_POINT('Ctrl Pts',(96.4647657066859,77.2929737575848,6.46903151190859));
#8840=CARTESIAN_POINT('Ctrl Pts',(96.7943670588018,77.2028271948944,6.4453447411697));
#8841=CARTESIAN_POINT('Ctrl Pts',(97.1239684109176,77.112680632204,6.42165797043081));
#8842=CARTESIAN_POINT('Ctrl Pts',(97.4047847201718,76.8440881648329,6.39797119969192));
#8843=CARTESIAN_POINT('Ctrl Pts',(97.5095759302544,76.5188869307428,6.37428442895303));
#8844=CARTESIAN_POINT('Ctrl Pts',(97.542495067897,76.4167281315635,6.36684346071104));
#8845=CARTESIAN_POINT('Ctrl Pts',(97.5580433268878,76.3089829471361,6.35940249246905));
#8846=CARTESIAN_POINT('Ctrl Pts',(97.557220828112,76.2010066221982,6.35196152422707));
#8847=CARTESIAN_POINT('Ctrl Pts',(97.5564375030861,76.1998205478165,6.47303847577294));
#8848=CARTESIAN_POINT('Ctrl Pts',(97.5558834694658,76.392984988887,6.48632200798751));
#8849=CARTESIAN_POINT('Ctrl Pts',(97.5040678532553,76.5864270167575,6.49960554020207));
#8850=CARTESIAN_POINT('Ctrl Pts',(97.40286090942,76.7491482783005,6.51288907241663));
#8851=CARTESIAN_POINT('Ctrl Pts',(97.2223919169044,77.0393076390982,6.53657584315552));
#8852=CARTESIAN_POINT('Ctrl Pts',(96.884873891422,77.2317845346588,6.56026261389441));
#8853=CARTESIAN_POINT('Ctrl Pts',(96.5432542811548,77.2393648482596,6.5839493846333));
#8854=CARTESIAN_POINT('Ctrl Pts',(96.2016346708875,77.2469451618604,6.60763615537219));
#8855=CARTESIAN_POINT('Ctrl Pts',(95.8559134758352,77.0696288935014,6.63132292611108));
#8856=CARTESIAN_POINT('Ctrl Pts',(95.6627494644092,76.7877629608922,6.65500969684997));
#8857=CARTESIAN_POINT('Ctrl Pts',(95.4695854529832,76.505897028283,6.67869646758886));
#8858=CARTESIAN_POINT('Ctrl Pts',(95.4289786251834,76.1194814314235,6.70238323832775));
#8859=CARTESIAN_POINT('Ctrl Pts',(95.559330527243,75.8036183345835,6.72607000906664));
#8860=CARTESIAN_POINT('Ctrl Pts',(95.6896824293027,75.4877552377436,6.74975677980553));
#8861=CARTESIAN_POINT('Ctrl Pts',(95.9909930612218,75.2424446409232,6.77344355054441));
#8862=CARTESIAN_POINT('Ctrl Pts',(96.3267256042738,75.1788464280405,6.7971303212833));
#8863=CARTESIAN_POINT('Ctrl Pts',(96.6624581473258,75.1152482151578,6.82081709202219));
#8864=CARTESIAN_POINT('Ctrl Pts',(97.0326126015107,75.2333623862129,6.84450386276108));
#8865=CARTESIAN_POINT('Ctrl Pts',(97.2694567806647,75.4796667596903,6.86819063349997));
#8866=CARTESIAN_POINT('Ctrl Pts',(97.4522647613263,75.6697765833911,6.88647324759097));
#8867=CARTESIAN_POINT('Ctrl Pts',(97.5556529956188,75.9362558644426,6.90475586168195));
#8868=CARTESIAN_POINT('Ctrl Pts',(97.5580482742782,76.2010718155676,6.92303847577295));
#8869=CARTESIAN_POINT('Origin',(96.520193040386,76.200152400305,10.0900431800864));
#8870=CARTESIAN_POINT('',(97.5592172842059,76.199559439763,7.37303847577294));
#8871=CARTESIAN_POINT('',(97.55691938511,76.199432337993,7.25196152422707));
#8872=CARTESIAN_POINT('',(97.557943040386,76.200152400305,10.0900431800864));
#8873=CARTESIAN_POINT('Ctrl Pts',(97.55691938511,76.199432337993,7.25196152422707));
#8874=CARTESIAN_POINT('Ctrl Pts',(97.5577024166318,76.0786192466546,7.24364374133573));
#8875=CARTESIAN_POINT('Ctrl Pts',(97.5381717999229,75.9580512913663,7.23532595844439));
#8876=CARTESIAN_POINT('Ctrl Pts',(97.4972057232087,75.8452693988518,7.22700817555305));
#8877=CARTESIAN_POINT('Ctrl Pts',(97.3805455410568,75.5240974151168,7.20332140481416));
#8878=CARTESIAN_POINT('Ctrl Pts',(97.0900535055931,75.2660668671903,7.17963463407527));
#8879=CARTESIAN_POINT('Ctrl Pts',(96.7573636469825,75.1881021006263,7.15594786333638));
#8880=CARTESIAN_POINT('Ctrl Pts',(96.424673788372,75.1101373340624,7.13226109259749));
#8881=CARTESIAN_POINT('Ctrl Pts',(96.0497861066146,75.2122383488611,7.1085743218586));
#8882=CARTESIAN_POINT('Ctrl Pts',(95.8025778203464,75.4481390011071,7.08488755111971));
#8883=CARTESIAN_POINT('Ctrl Pts',(95.5553695340783,75.6840396533532,7.06120078038083));
#8884=CARTESIAN_POINT('Ctrl Pts',(95.4358406432994,76.0537399430466,7.03751400964194));
#8885=CARTESIAN_POINT('Ctrl Pts',(95.4981546520461,76.3897131211882,7.01382723890305));
#8886=CARTESIAN_POINT('Ctrl Pts',(95.5604686607927,76.7256862993298,6.99014046816416));
#8887=CARTESIAN_POINT('Ctrl Pts',(95.8046255690649,77.0279323659194,6.96645369742527));
#8888=CARTESIAN_POINT('Ctrl Pts',(96.1199877434038,77.1594913818068,6.94276692668638));
#8889=CARTESIAN_POINT('Ctrl Pts',(96.4353499177427,77.2910503976943,6.91908015594749));
#8890=CARTESIAN_POINT('Ctrl Pts',(96.8219173581483,77.2519223628794,6.8953933852086));
#8891=CARTESIAN_POINT('Ctrl Pts',(97.1045202151568,77.0598371160884,6.87170661446971));
#8892=CARTESIAN_POINT('Ctrl Pts',(97.3818925084954,76.8713070849949,6.84845825105549));
#8893=CARTESIAN_POINT('Ctrl Pts',(97.5591130671137,76.5354294705529,6.82520988764128));
#8894=CARTESIAN_POINT('Ctrl Pts',(97.5596455886981,76.2000368621742,6.80196152422707));
#8895=CARTESIAN_POINT('Ctrl Pts',(97.5580482742782,76.2010718155676,6.92303847577295));
#8896=CARTESIAN_POINT('Ctrl Pts',(97.5587562945332,76.2793487444367,6.92844263242084));
#8897=CARTESIAN_POINT('Ctrl Pts',(97.5506402161069,76.3574803425021,6.93384678906874));
#8898=CARTESIAN_POINT('Ctrl Pts',(97.5331428742046,76.433451280409,6.93925094571664));
#8899=CARTESIAN_POINT('Ctrl Pts',(97.4564508844672,76.7664368517506,6.96293771645553));
#8900=CARTESIAN_POINT('Ctrl Pts',(97.1995330008693,77.057913418534,6.98662448719442));
#8901=CARTESIAN_POINT('Ctrl Pts',(96.8788094568518,77.1758008760547,7.01031125793331));
#8902=CARTESIAN_POINT('Ctrl Pts',(96.5580859128343,77.2936883335753,7.0339980286722));
#8903=CARTESIAN_POINT('Ctrl Pts',(96.1735567083971,77.2379866818333,7.05768479941108));
#8904=CARTESIAN_POINT('Ctrl Pts',(95.8994680097995,77.033936629109,7.08137157014997));
#8905=CARTESIAN_POINT('Ctrl Pts',(95.6253793112019,76.8298865763847,7.10505834088886));
#8906=CARTESIAN_POINT('Ctrl Pts',(95.4617311184438,76.4774881226783,7.12874511162775));
#8907=CARTESIAN_POINT('Ctrl Pts',(95.4826792499207,76.1364276893695,7.15243188236664));
#8908=CARTESIAN_POINT('Ctrl Pts',(95.5036273813975,75.7953672560608,7.17611865310553));
#8909=CARTESIAN_POINT('Ctrl Pts',(95.7091718371092,75.4656448431498,7.19980542384443));
#8910=CARTESIAN_POINT('Ctrl Pts',(96.006171863509,75.2966713939385,7.22349219458332));
#8911=CARTESIAN_POINT('Ctrl Pts',(96.3031718899087,75.1276979447271,7.2471789653222));
#8912=CARTESIAN_POINT('Ctrl Pts',(96.6916274869965,75.1194734592154,7.27086573606109));
#8913=CARTESIAN_POINT('Ctrl Pts',(96.9955132569028,75.2757247971773,7.29455250679998));
#8914=CARTESIAN_POINT('Ctrl Pts',(97.2993990268091,75.4319761351393,7.31823927753887));
#8915=CARTESIAN_POINT('Ctrl Pts',(97.5187149695339,75.752703296575,7.34192604827776));
#8916=CARTESIAN_POINT('Ctrl Pts',(97.5540799013803,76.0925714531896,7.36561281901665));
#8917=CARTESIAN_POINT('Ctrl Pts',(97.5577754641622,76.1280869778853,7.36808803793541));
#8918=CARTESIAN_POINT('Ctrl Pts',(97.5594623148371,76.1638115188216,7.37056325685418));
#8919=CARTESIAN_POINT('Ctrl Pts',(97.5592172842059,76.199559439763,7.37303847577294));
#8920=CARTESIAN_POINT('Origin',(96.520193040386,76.200152400305,10.0900431800864));
#8921=CARTESIAN_POINT('',(97.556446676691,76.1998129344313,7.82303847577294));
#8922=CARTESIAN_POINT('',(97.5572005847808,76.2009780276744,7.70196152422707));
#8923=CARTESIAN_POINT('',(97.557943040386,76.200152400305,10.0900431800864));
#8924=CARTESIAN_POINT('Ctrl Pts',(97.5572005847808,76.2009780276744,7.70196152422707));
#8925=CARTESIAN_POINT('Ctrl Pts',(97.5554194134837,75.9658805300333,7.68576436576906));
#8926=CARTESIAN_POINT('Ctrl Pts',(97.4761019939691,75.7296949780141,7.66956720731106));
#8927=CARTESIAN_POINT('Ctrl Pts',(97.329458096265,75.5477830312125,7.65337004885306));
#8928=CARTESIAN_POINT('Ctrl Pts',(97.1150056418927,75.2817544812218,7.62968327811417));
#8929=CARTESIAN_POINT('Ctrl Pts',(96.7565672930559,75.1317966630329,7.60599650737528));
#8930=CARTESIAN_POINT('Ctrl Pts',(96.4165663850331,75.1658617058205,7.58230973663639));
#8931=CARTESIAN_POINT('Ctrl Pts',(96.0765654770103,75.1999267486081,7.5586229658975));
#8932=CARTESIAN_POINT('Ctrl Pts',(95.7550020098015,75.4180146523723,7.53493619515861));
#8933=CARTESIAN_POINT('Ctrl Pts',(95.5975897754946,75.7213007108969,7.51124942441972));
#8934=CARTESIAN_POINT('Ctrl Pts',(95.4401775411876,76.0245867694215,7.48756265368083));
#8935=CARTESIAN_POINT('Ctrl Pts',(95.4469165397825,76.4130709827065,7.46387588294194));
#8936=CARTESIAN_POINT('Ctrl Pts',(95.6147530503005,76.7107149815096,7.44018911220305));
#8937=CARTESIAN_POINT('Ctrl Pts',(95.7825895608186,77.0083589803127,7.41650234146416));
#8938=CARTESIAN_POINT('Ctrl Pts',(96.1115235832598,77.2151627646337,7.39281557072527));
#8939=CARTESIAN_POINT('Ctrl Pts',(96.4525014207036,77.2374149355808,7.36912879998638));
#8940=CARTESIAN_POINT('Ctrl Pts',(96.7934792581474,77.2596671065279,7.34544202924749));
#8941=CARTESIAN_POINT('Ctrl Pts',(97.1465009105938,77.097367664101,7.32175525850861));
#8942=CARTESIAN_POINT('Ctrl Pts',(97.3515975723971,76.8240612331157,7.29806848776972));
#8943=CARTESIAN_POINT('Ctrl Pts',(97.4846730404536,76.6467283555034,7.28269949992217));
#8944=CARTESIAN_POINT('Ctrl Pts',(97.5554725570191,76.422661888086,7.26733051207462));
#8945=CARTESIAN_POINT('Ctrl Pts',(97.55691938511,76.199432337993,7.25196152422707));
#8946=CARTESIAN_POINT('Ctrl Pts',(97.5592172842059,76.199559439763,7.37303847577294));
#8947=CARTESIAN_POINT('Ctrl Pts',(97.5571174780466,76.505903606641,7.39425002759307));
#8948=CARTESIAN_POINT('Ctrl Pts',(97.4131452139076,76.8139647417263,7.41546157941319));
#8949=CARTESIAN_POINT('Ctrl Pts',(97.1756522020917,77.0069169188695,7.43667313123332));
#8950=CARTESIAN_POINT('Ctrl Pts',(96.9104456499885,77.2223850761414,7.46035990197221));
#8951=CARTESIAN_POINT('Ctrl Pts',(96.5286186248141,77.2943122388918,7.48404667271109));
#8952=CARTESIAN_POINT('Ctrl Pts',(96.2031928446118,77.1901052158258,7.50773344344998));
#8953=CARTESIAN_POINT('Ctrl Pts',(95.8777670644094,77.0858981927598,7.53142021418887));
#8954=CARTESIAN_POINT('Ctrl Pts',(95.608742529179,76.8055569838774,7.55510698492776));
#8955=CARTESIAN_POINT('Ctrl Pts',(95.5180254541809,76.4761158592605,7.57879375566665));
#8956=CARTESIAN_POINT('Ctrl Pts',(95.4273083791828,76.1466747346436,7.60248052640554));
#8957=CARTESIAN_POINT('Ctrl Pts',(95.5148987644168,75.7681336942921,7.62616729714443));
#8958=CARTESIAN_POINT('Ctrl Pts',(95.7411057598611,75.5120254418313,7.64985406788332));
#8959=CARTESIAN_POINT('Ctrl Pts',(95.9673127553054,75.2559171893705,7.67354083862221));
#8960=CARTESIAN_POINT('Ctrl Pts',(96.33213636096,75.1222417248005,7.6972276093611));
#8961=CARTESIAN_POINT('Ctrl Pts',(96.6702598166669,75.1715729615645,7.72091438009999));
#8962=CARTESIAN_POINT('Ctrl Pts',(97.0083832723738,75.2209041983284,7.74460115083888));
#8963=CARTESIAN_POINT('Ctrl Pts',(97.3198065781331,75.4532421364264,7.76828792157776));
#8964=CARTESIAN_POINT('Ctrl Pts',(97.4634108690001,75.763304793039,7.79197469231665));
#8965=CARTESIAN_POINT('Ctrl Pts',(97.5261870158497,75.8988476709471,7.80232928680208));
#8966=CARTESIAN_POINT('Ctrl Pts',(97.5568934074838,76.0492435301968,7.81268388128751));
#8967=CARTESIAN_POINT('Ctrl Pts',(97.556446676691,76.1998129344313,7.82303847577294));
#8968=CARTESIAN_POINT('Origin',(96.520193040386,76.200152400305,10.0900431800864));
#8969=CARTESIAN_POINT('',(97.5580271469977,76.2010732058679,8.27303847577294));
#8970=CARTESIAN_POINT('',(97.5596490208771,76.2000499664086,8.15196152422707));
#8971=CARTESIAN_POINT('',(97.557943040386,76.200152400305,10.0900431800864));
#8972=CARTESIAN_POINT('Ctrl Pts',(97.5596490208771,76.2000499664086,8.15196152422707));
#8973=CARTESIAN_POINT('Ctrl Pts',(97.5596570040413,76.1944270873878,8.15157176094129));
#8974=CARTESIAN_POINT('Ctrl Pts',(97.5596152798035,76.1888043300275,8.15118199765551));
#8975=CARTESIAN_POINT('Ctrl Pts',(97.5595234860879,76.1831823902034,8.15079223436973));
#8976=CARTESIAN_POINT('Ctrl Pts',(97.5539449804253,75.8415247621541,8.12710546363084));
#8977=CARTESIAN_POINT('Ctrl Pts',(97.3634468857678,75.5028865081304,8.10341869289196));
#8978=CARTESIAN_POINT('Ctrl Pts',(97.0743518760399,75.3207186673952,8.07973192215307));
#8979=CARTESIAN_POINT('Ctrl Pts',(96.785256866312,75.1385508266599,8.05604515141418));
#8980=CARTESIAN_POINT('Ctrl Pts',(96.3975649415138,75.1128533992132,8.03235838067529));
#8981=CARTESIAN_POINT('Ctrl Pts',(96.0869554226564,75.2552709825067,8.0086716099364));
#8982=CARTESIAN_POINT('Ctrl Pts',(95.776345903799,75.3976885658002,7.98498483919751));
#8983=CARTESIAN_POINT('Ctrl Pts',(95.5428187908824,75.708221159834,7.96129806845862));
#8984=CARTESIAN_POINT('Ctrl Pts',(95.4921949523037,76.0461535093779,7.93761129771973));
#8985=CARTESIAN_POINT('Ctrl Pts',(95.441571113725,76.3840858589218,7.91392452698084));
#8986=CARTESIAN_POINT('Ctrl Pts',(95.5738505494842,76.7494179639759,7.89023775624195));
#8987=CARTESIAN_POINT('Ctrl Pts',(95.8290919349459,76.9766026463102,7.86655098550306));
#8988=CARTESIAN_POINT('Ctrl Pts',(96.0843333204075,77.2037873286444,7.84286421476417));
#8989=CARTESIAN_POINT('Ctrl Pts',(96.4625366555717,77.2928245882588,7.81917744402528));
#8990=CARTESIAN_POINT('Ctrl Pts',(96.7923222697732,77.2033679342185,7.79549067328639));
#8991=CARTESIAN_POINT('Ctrl Pts',(97.1221078839748,77.1139112801782,7.7718039025475));
#8992=CARTESIAN_POINT('Ctrl Pts',(97.4034757772137,76.8459607124833,7.74811713180861));
#8993=CARTESIAN_POINT('Ctrl Pts',(97.5089264438793,76.5209357877396,7.72443036106973));
#8994=CARTESIAN_POINT('Ctrl Pts',(97.542269300818,76.4181648910737,7.71694074878884));
#8995=CARTESIAN_POINT('Ctrl Pts',(97.5580242034702,76.3096877813083,7.70945113650795));
#8996=CARTESIAN_POINT('Ctrl Pts',(97.5572005847808,76.2009780276744,7.70196152422707));
#8997=CARTESIAN_POINT('Ctrl Pts',(97.556446676691,76.1998129344313,7.82303847577294));
#8998=CARTESIAN_POINT('Ctrl Pts',(97.5558714833623,76.3936802885278,7.8363706520264));
#8999=CARTESIAN_POINT('Ctrl Pts',(97.5036501957232,76.5878353479956,7.84970282827986));
#9000=CARTESIAN_POINT('Ctrl Pts',(97.4017394011235,76.7509443008168,7.86303500453332));
#9001=CARTESIAN_POINT('Ctrl Pts',(97.2206783664049,77.0407337768547,7.88672177527221));
#9002=CARTESIAN_POINT('Ctrl Pts',(96.8827710209929,77.2325253538033,7.91040854601111));
#9003=CARTESIAN_POINT('Ctrl Pts',(96.5411372381598,77.2394103196739,7.93409531675));
#9004=CARTESIAN_POINT('Ctrl Pts',(96.1995034553268,77.2462952855445,7.95778208748888));
#9005=CARTESIAN_POINT('Ctrl Pts',(95.8541432350727,77.0682736403371,7.98146885822777));
#9006=CARTESIAN_POINT('Ctrl Pts',(95.6615536898427,76.7860143285693,8.00515562896666));
#9007=CARTESIAN_POINT('Ctrl Pts',(95.4689641446127,76.5037550168014,8.02884239970555));
#9008=CARTESIAN_POINT('Ctrl Pts',(95.4291452744068,76.1172580384732,8.05252917044444));
#9009=CARTESIAN_POINT('Ctrl Pts',(95.5601406221243,75.8016614154406,8.07621594118333));
#9010=CARTESIAN_POINT('Ctrl Pts',(95.6911359698419,75.4860647924079,8.09990271192222));
#9011=CARTESIAN_POINT('Ctrl Pts',(95.992945535483,75.2413685246708,8.12358948266111));
#9012=CARTESIAN_POINT('Ctrl Pts',(96.3288069359662,75.1784543544744,8.1472762534));
#9013=CARTESIAN_POINT('Ctrl Pts',(96.6646683364493,75.115540184278,8.17096302413888));
#9014=CARTESIAN_POINT('Ctrl Pts',(97.0345815717746,75.2344081116222,8.19464979487777));
#9015=CARTESIAN_POINT('Ctrl Pts',(97.2709233606812,75.4811948072367,8.21833656561666));
#9016=CARTESIAN_POINT('Ctrl Pts',(97.4528582115094,75.6711701004792,8.23657053566876));
#9017=CARTESIAN_POINT('Ctrl Pts',(97.5556406072436,75.9369481557092,8.25480450572085));
#9018=CARTESIAN_POINT('Ctrl Pts',(97.5580271469977,76.2010732058679,8.27303847577294));
#9019=CARTESIAN_POINT('Origin',(96.520193040386,76.200152400305,10.0900431800864));
#9020=CARTESIAN_POINT('',(97.5592279900951,76.1995873019787,8.72303847577294));
#9021=CARTESIAN_POINT('',(97.5569334355477,76.1994262647109,8.60196152422707));
#9022=CARTESIAN_POINT('',(97.557943040386,76.200152400305,10.0900431800864));
#9023=CARTESIAN_POINT('',(95.7437955429124,75.5115799724394,9.));
#9024=CARTESIAN_POINT('Ctrl Pts',(97.5592279900951,76.1995873019787,8.72303847577294));
#9025=CARTESIAN_POINT('Ctrl Pts',(97.557164642562,76.506573295267,8.74429867163196));
#9026=CARTESIAN_POINT('Ctrl Pts',(97.4124789708635,76.8152061973081,8.76555886749099));
#9027=CARTESIAN_POINT('Ctrl Pts',(97.1740293120291,77.0081863262715,8.78681906335001));
#9028=CARTESIAN_POINT('Ctrl Pts',(96.9083637255487,77.223192627353,8.8105058340889));
#9029=CARTESIAN_POINT('Ctrl Pts',(96.526308785117,77.2946389972459,8.83419260482779));
#9030=CARTESIAN_POINT('Ctrl Pts',(96.2011577154254,77.1896193826382,8.85787937556668));
#9031=CARTESIAN_POINT('Ctrl Pts',(95.8760066457337,77.0845997680304,8.88156614630557));
#9032=CARTESIAN_POINT('Ctrl Pts',(95.607759446782,76.8031141689221,8.90525291704446));
#9033=CARTESIAN_POINT('Ctrl Pts',(95.5177738310854,76.4740536499848,8.92893968778334));
#9034=CARTESIAN_POINT('Ctrl Pts',(95.4277882153888,76.1449931310475,8.95262645852223));
#9035=CARTESIAN_POINT('Ctrl Pts',(95.5160641829472,75.7683576922811,8.97631322926112));
#9036=CARTESIAN_POINT('Ctrl Pts',(95.7437955429124,75.5115799724394,9.00000000000001));
#9037=CARTESIAN_POINT('',(97.2981068886378,75.5106081410926,9.));
#9038=CARTESIAN_POINT('Origin',(96.520193040386,76.200152400305,9.));
#9039=CARTESIAN_POINT('Ctrl Pts',(97.2981160840902,75.5106022477141,9.));
#9040=CARTESIAN_POINT('Ctrl Pts',(97.0816961456166,75.2683107730475,8.97748522291769));
#9041=CARTESIAN_POINT('Ctrl Pts',(96.7419209206319,75.1339213452118,8.95497044583539));
#9042=CARTESIAN_POINT('Ctrl Pts',(96.4186199508775,75.165694261841,8.93245566875308));
#9043=CARTESIAN_POINT('Ctrl Pts',(96.0784897367413,75.1991210992087,8.90876889801419));
#9044=CARTESIAN_POINT('Ctrl Pts',(95.7565935331023,75.4164594937813,8.8850821272753));
#9045=CARTESIAN_POINT('Ctrl Pts',(95.598592755022,75.7193997428245,8.86139535653641));
#9046=CARTESIAN_POINT('Ctrl Pts',(95.4405919769417,76.0223399918676,8.83770858579752));
#9047=CARTESIAN_POINT('Ctrl Pts',(95.4464866244201,76.4108820953813,8.81402181505863));
#9048=CARTESIAN_POINT('Ctrl Pts',(95.6137024886003,76.7088792578644,8.79033504431974));
#9049=CARTESIAN_POINT('Ctrl Pts',(95.7809183527804,77.0068764203475,8.76664827358085));
#9050=CARTESIAN_POINT('Ctrl Pts',(96.1094554336622,77.2143286418,8.74296150284196));
#9051=CARTESIAN_POINT('Ctrl Pts',(96.4503938046384,77.2372699435631,8.71927473210308));
#9052=CARTESIAN_POINT('Ctrl Pts',(96.7913321756145,77.2602112453261,8.69558796136418));
#9053=CARTESIAN_POINT('Ctrl Pts',(97.144671836685,77.0986416273998,8.6719011906253));
#9054=CARTESIAN_POINT('Ctrl Pts',(97.3503218278293,76.8257563366069,8.64821441988641));
#9055=CARTESIAN_POINT('Ctrl Pts',(97.4841786500979,76.6481363052801,8.63279678799996));
#9056=CARTESIAN_POINT('Ctrl Pts',(97.5554643779678,76.4233556060577,8.61737915611351));
#9057=CARTESIAN_POINT('Ctrl Pts',(97.5569334355477,76.1994262647109,8.60196152422707));
#9058=CARTESIAN_POINT('Origin',(146.89781051562,75.882814325629,9.99367508117602));
#9059=CARTESIAN_POINT('',(148.186931206433,75.8838750574647,6.20632491882398));
#9060=CARTESIAN_POINT('',(148.188947339246,75.8820849249437,6.16867508117602));
#9061=CARTESIAN_POINT('',(148.18781051562,75.882814325629,9.99367508117602));
#9062=CARTESIAN_POINT('',(147.485352788853,74.7343831883098,6.09004318008636));
#9063=CARTESIAN_POINT('Ctrl Pts',(148.188947339246,75.8820849249437,6.16867508117602));
#9064=CARTESIAN_POINT('Ctrl Pts',(148.189266798242,75.8368182148685,6.16615121821835));
#9065=CARTESIAN_POINT('Ctrl Pts',(148.166746448014,75.3671588377863,6.1399405845218));
#9066=CARTESIAN_POINT('Ctrl Pts',(147.865173086826,74.9287008744465,6.11372995082525));
#9067=CARTESIAN_POINT('Ctrl Pts',(147.485352788853,74.7343831883098,6.09004318008636));
#9068=CARTESIAN_POINT('',(146.829273654555,74.5924001364281,6.09004318008636));
#9069=CARTESIAN_POINT('Origin',(146.89781051562,75.882814325629,6.09004318008636));
#9070=CARTESIAN_POINT('Ctrl Pts',(148.186931206433,75.8838750574647,6.20632491882398));
#9071=CARTESIAN_POINT('Ctrl Pts',(148.184701636079,75.5908215664702,6.19007911632708));
#9072=CARTESIAN_POINT('Ctrl Pts',(147.947940129097,74.8883609977744,6.15131853674788));
#9073=CARTESIAN_POINT('Ctrl Pts',(147.232612484278,74.5725081475338,6.11255795716867));
#9074=CARTESIAN_POINT('Ctrl Pts',(146.829271137346,74.5923878331685,6.09004318008636));
#9075=CARTESIAN_POINT('Origin',(146.89781051562,75.882814325629,9.99367508117602));
#9076=CARTESIAN_POINT('',(148.189942969272,75.8826707571221,6.65632491882398));
#9077=CARTESIAN_POINT('',(148.18595509836,75.8824021600879,6.61867508117601));
#9078=CARTESIAN_POINT('',(148.18781051562,75.882814325629,9.99367508117602));
#9079=CARTESIAN_POINT('Ctrl Pts',(148.18595509836,75.8824021600879,6.61867508117601));
#9080=CARTESIAN_POINT('Ctrl Pts',(148.186494507254,75.6943474431828,6.60827184265169));
#9081=CARTESIAN_POINT('Ctrl Pts',(148.060187477949,75.0788108072235,6.57418183338847));
#9082=CARTESIAN_POINT('Ctrl Pts',(147.114502162049,74.3762883658442,6.51640505338637));
#9083=CARTESIAN_POINT('Ctrl Pts',(145.754921171569,74.8774821789341,6.4453447411697));
#9084=CARTESIAN_POINT('Ctrl Pts',(145.431307853869,76.2900155108547,6.37428442895303));
#9085=CARTESIAN_POINT('Ctrl Pts',(146.436364054194,77.3330399028047,6.30322411673636));
#9086=CARTESIAN_POINT('Ctrl Pts',(147.809868533482,77.0723815434627,6.23468766747736));
#9087=CARTESIAN_POINT('Ctrl Pts',(148.186268635456,76.2616519723429,6.18983798895724));
#9088=CARTESIAN_POINT('Ctrl Pts',(148.188947339246,75.8820849249437,6.16867508117602));
#9089=CARTESIAN_POINT('Ctrl Pts',(148.189942969272,75.8826707571221,6.65632491882398));
#9090=CARTESIAN_POINT('Ctrl Pts',(148.189955452727,75.8748086072716,6.65588651149931));
#9091=CARTESIAN_POINT('Ctrl Pts',(148.186344341408,75.442173057504,6.63176133343574));
#9092=CARTESIAN_POINT('Ctrl Pts',(147.706619224841,74.5934459813245,6.58394938463329));
#9093=CARTESIAN_POINT('Ctrl Pts',(146.260618330872,74.5005475026878,6.51288907241662));
#9094=CARTESIAN_POINT('Ctrl Pts',(145.392097495896,75.6604045851583,6.44182876019995));
#9095=CARTESIAN_POINT('Ctrl Pts',(145.888171834861,77.0217636321567,6.37076844798328));
#9096=CARTESIAN_POINT('Ctrl Pts',(147.299280413787,77.3510482089667,6.29970813576662));
#9097=CARTESIAN_POINT('Ctrl Pts',(148.107093355599,76.5784026435939,6.24489362604685));
#9098=CARTESIAN_POINT('Ctrl Pts',(148.187952403274,76.0181006040396,6.21376588706597));
#9099=CARTESIAN_POINT('Ctrl Pts',(148.186931206433,75.8838750574647,6.20632491882398));
#9100=CARTESIAN_POINT('Origin',(146.89781051562,75.882814325629,9.99367508117602));
#9101=CARTESIAN_POINT('',(148.186554068635,75.8819192247984,7.10632491882399));
#9102=CARTESIAN_POINT('',(148.187957380108,75.8839572411469,7.06867508117602));
#9103=CARTESIAN_POINT('',(148.18781051562,75.882814325629,9.99367508117602));
#9104=CARTESIAN_POINT('Ctrl Pts',(148.187957380108,75.8839572411468,7.06867508117602));
#9105=CARTESIAN_POINT('Ctrl Pts',(148.184979836461,75.5547673378846,7.05039246708503));
#9106=CARTESIAN_POINT('Ctrl Pts',(147.889948741038,74.794335797184,7.00842308225515));
#9107=CARTESIAN_POINT('Ctrl Pts',(146.614523658958,74.3873548784053,6.94276692668638));
#9108=CARTESIAN_POINT('Ctrl Pts',(145.49085553424,75.3021840589369,6.87170661446971));
#9109=CARTESIAN_POINT('Ctrl Pts',(145.642289190367,76.7432311773552,6.80064630225304));
#9110=CARTESIAN_POINT('Ctrl Pts',(146.931576445522,77.4044917129211,6.72958599003637));
#9111=CARTESIAN_POINT('Ctrl Pts',(148.005998321113,76.7917784429327,6.66892891634403));
#9112=CARTESIAN_POINT('Ctrl Pts',(148.185266345969,76.1225226652813,6.63195861339058));
#9113=CARTESIAN_POINT('Ctrl Pts',(148.18595509836,75.8824021600879,6.61867508117601));
#9114=CARTESIAN_POINT('Ctrl Pts',(148.186554068635,75.8819192247984,7.10632491882398));
#9115=CARTESIAN_POINT('Ctrl Pts',(148.187527446815,75.731737749027,7.09800713593265));
#9116=CARTESIAN_POINT('Ctrl Pts',(148.094111176886,75.1550530071177,7.06600258230242));
#9117=CARTESIAN_POINT('Ctrl Pts',(147.245090456829,74.4009074277971,7.01031125793329));
#9118=CARTESIAN_POINT('Ctrl Pts',(145.847033717503,74.7816695234411,6.93925094571663));
#9119=CARTESIAN_POINT('Ctrl Pts',(145.401278426449,76.1603810407137,6.86819063349996));
#9120=CARTESIAN_POINT('Ctrl Pts',(146.311805018516,77.2875377875558,6.79713032128329));
#9121=CARTESIAN_POINT('Ctrl Pts',(147.744524696347,77.142518938673,6.7265084163913));
#9122=CARTESIAN_POINT('Ctrl Pts',(148.189280982397,76.2995938025472,6.6795732822382));
#9123=CARTESIAN_POINT('Ctrl Pts',(148.189942969272,75.8826707571221,6.65632491882398));
#9124=CARTESIAN_POINT('Origin',(146.89781051562,75.882814325629,9.99367508117602));
#9125=CARTESIAN_POINT('',(148.186903625091,75.8838406543344,7.55632491882398));
#9126=CARTESIAN_POINT('',(148.189410564061,75.8820772225943,7.51867508117602));
#9127=CARTESIAN_POINT('',(148.18781051562,75.882814325629,9.99367508117602));
#9128=CARTESIAN_POINT('Ctrl Pts',(148.189410564061,75.8820772225943,7.51867508117602));
#9129=CARTESIAN_POINT('Ctrl Pts',(148.189715159048,75.8376393601557,7.51619986225725));
#9130=CARTESIAN_POINT('Ctrl Pts',(148.167551770295,75.3682576293732,7.4900378725996));
#9131=CARTESIAN_POINT('Ctrl Pts',(147.593803907585,74.5292099929651,7.44018911220305));
#9132=CARTESIAN_POINT('Ctrl Pts',(146.145148774023,74.5598813046405,7.36912879998638));
#9133=CARTESIAN_POINT('Ctrl Pts',(145.378618358196,75.7895046398207,7.29806848776972));
#9134=CARTESIAN_POINT('Ctrl Pts',(145.988906368811,77.1036930071224,7.22700817555304));
#9135=CARTESIAN_POINT('Ctrl Pts',(147.422918934619,77.3114194194619,7.15594786333639));
#9136=CARTESIAN_POINT('Ctrl Pts',(148.134527704353,76.5040903080465,7.1031701652107));
#9137=CARTESIAN_POINT('Ctrl Pts',(148.188837512031,75.9812624621225,7.07407923782392));
#9138=CARTESIAN_POINT('Ctrl Pts',(148.187957380108,75.8839572411468,7.06867508117602));
#9139=CARTESIAN_POINT('Ctrl Pts',(148.186903625091,75.8838406543344,7.55632491882398));
#9140=CARTESIAN_POINT('Ctrl Pts',(148.184689469902,75.5915934417518,7.54012776036598));
#9141=CARTESIAN_POINT('Ctrl Pts',(147.941899884701,74.8686325513974,7.50024383116908));
#9142=CARTESIAN_POINT('Ctrl Pts',(146.746073928781,74.3683416314513,7.43667313123331));
#9143=CARTESIAN_POINT('Ctrl Pts',(145.546877494528,75.1816499307683,7.36561281901663));
#9144=CARTESIAN_POINT('Ctrl Pts',(145.572009028193,76.6304117791878,7.29455250679997));
#9145=CARTESIAN_POINT('Ctrl Pts',(146.798692240052,77.4016385709912,7.2234921945833));
#9146=CARTESIAN_POINT('Ctrl Pts',(147.961103693238,76.8672273523155,7.16074966525797));
#9147=CARTESIAN_POINT('Ctrl Pts',(148.18475553198,76.1594135169925,7.12169390667154));
#9148=CARTESIAN_POINT('Ctrl Pts',(148.186554068635,75.8819192247984,7.10632491882398));
#9149=CARTESIAN_POINT('Origin',(146.89781051562,75.882814325629,9.99367508117602));
#9150=CARTESIAN_POINT('',(148.189947248134,75.8826869939061,8.00632491882399));
#9151=CARTESIAN_POINT('',(148.185966451215,75.8823923386156,7.96867508117602));
#9152=CARTESIAN_POINT('',(148.18781051562,75.882814325629,9.99367508117602));
#9153=CARTESIAN_POINT('Ctrl Pts',(148.185966451215,75.8823923386156,7.96867508117602));
#9154=CARTESIAN_POINT('Ctrl Pts',(148.186521777514,75.6952211050513,7.95832048669059));
#9155=CARTESIAN_POINT('Ctrl Pts',(148.06103295908,75.0805934131722,7.92427912146627));
#9156=CARTESIAN_POINT('Ctrl Pts',(147.117547612153,74.3767044080957,7.86655098550306));
#9157=CARTESIAN_POINT('Ctrl Pts',(145.757022514901,74.8752160780716,7.79549067328639));
#9158=CARTESIAN_POINT('Ctrl Pts',(145.430374470474,76.2868971685444,7.72443036106973));
#9159=CARTESIAN_POINT('Ctrl Pts',(146.433639133792,77.3323647441802,7.65337004885306));
#9160=CARTESIAN_POINT('Ctrl Pts',(147.807975101482,77.0734724178013,7.58478495555515));
#9161=CARTESIAN_POINT('Ctrl Pts',(148.186800317224,76.2628904164272,7.53988663299614));
#9162=CARTESIAN_POINT('Ctrl Pts',(148.189410564061,75.8820772225943,7.51867508117602));
#9163=CARTESIAN_POINT('Ctrl Pts',(148.189947248134,75.8826869939061,8.00632491882399));
#9164=CARTESIAN_POINT('Ctrl Pts',(148.189957171887,75.8756972525243,8.00593515553821));
#9165=CARTESIAN_POINT('Ctrl Pts',(148.186753233921,75.4439349209019,7.98185862151354));
#9166=CARTESIAN_POINT('Ctrl Pts',(147.709244289022,74.5950928329178,7.93409531674998));
#9167=CARTESIAN_POINT('Ctrl Pts',(146.263437089949,74.4992602408979,7.86303500453331));
#9168=CARTESIAN_POINT('Ctrl Pts',(145.39255184137,75.6573195855531,7.79197469231665));
#9169=CARTESIAN_POINT('Ctrl Pts',(145.885857341952,77.019741014187,7.72091438009998));
#9170=CARTESIAN_POINT('Ctrl Pts',(147.2962790393,77.3517848400596,7.64985406788331));
#9171=CARTESIAN_POINT('Ctrl Pts',(148.106403643123,76.5802918847664,7.59499091412465));
#9172=CARTESIAN_POINT('Ctrl Pts',(148.187927456767,76.0189765992033,7.56381453110487));
#9173=CARTESIAN_POINT('Ctrl Pts',(148.186903625091,75.8838406543344,7.55632491882398));
#9174=CARTESIAN_POINT('Origin',(146.89781051562,75.882814325629,9.99367508117602));
#9175=CARTESIAN_POINT('',(148.18657156555,75.8819115456405,8.45632491882398));
#9176=CARTESIAN_POINT('',(148.187931112397,75.8839589017592,8.41867508117602));
#9177=CARTESIAN_POINT('',(148.18781051562,75.882814325629,9.99367508117602));
#9178=CARTESIAN_POINT('Ctrl Pts',(148.187931112397,75.8839589017592,8.41867508117602));
#9179=CARTESIAN_POINT('Ctrl Pts',(148.184964428994,75.5556278526836,8.40044111112392));
#9180=CARTESIAN_POINT('Ctrl Pts',(147.891220564303,74.7960555630646,8.35852037033295));
#9181=CARTESIAN_POINT('Ctrl Pts',(146.617570996665,74.3867808321992,8.29291285880307));
#9182=CARTESIAN_POINT('Ctrl Pts',(145.492042160418,75.29931894329,8.2218525465864));
#9183=CARTESIAN_POINT('Ctrl Pts',(145.640537410141,76.740669819017,8.15079223436974));
#9184=CARTESIAN_POINT('Ctrl Pts',(146.928478321015,77.4045603134801,8.07973192215306));
#9185=CARTESIAN_POINT('Ctrl Pts',(148.00500239381,76.7935399986671,8.01902620442183));
#9186=CARTESIAN_POINT('Ctrl Pts',(148.185251434502,76.1233867956142,7.98200725742948));
#9187=CARTESIAN_POINT('Ctrl Pts',(148.185966451215,75.8823923386156,7.96867508117602));
#9188=CARTESIAN_POINT('Ctrl Pts',(148.18657156555,75.8819115456405,8.45632491882398));
#9189=CARTESIAN_POINT('Ctrl Pts',(148.18755096552,75.7326129842091,8.44805577997154));
#9190=CARTESIAN_POINT('Ctrl Pts',(148.094855768845,75.1568284025916,8.41609987038021));
#9191=CARTESIAN_POINT('Ctrl Pts',(147.248106187826,74.4016204836759,8.36045719004999));
#9192=CARTESIAN_POINT('Ctrl Pts',(145.849281043944,74.7795297071519,8.28939687783332));
#9193=CARTESIAN_POINT('Ctrl Pts',(145.400715260468,76.1573314810977,8.21833656561665));
#9194=CARTESIAN_POINT('Ctrl Pts',(146.308944344369,77.2863409835445,8.14727625339999));
#9195=CARTESIAN_POINT('Ctrl Pts',(147.742942977684,77.1441429692411,8.0766057044691));
#9196=CARTESIAN_POINT('Ctrl Pts',(148.189354083666,76.3004791847335,8.0296219262771));
#9197=CARTESIAN_POINT('Ctrl Pts',(148.189947248134,75.8826869939061,8.00632491882399));
#9198=CARTESIAN_POINT('Origin',(146.89781051562,75.882814325629,9.99367508117602));
#9199=CARTESIAN_POINT('',(148.18646018574,75.8838783380574,8.90632491882398));
#9200=CARTESIAN_POINT('',(148.189424248551,75.8821107137166,8.86867508117601));
#9201=CARTESIAN_POINT('',(148.18781051562,75.882814325629,9.99367508117602));
#9202=CARTESIAN_POINT('',(147.232990343143,77.128508703565,9.));
#9203=CARTESIAN_POINT('Ctrl Pts',(147.232990343143,77.128508703565,9.));
#9204=CARTESIAN_POINT('Ctrl Pts',(147.644978484562,77.0176547761265,8.97631322926111));
#9205=CARTESIAN_POINT('Ctrl Pts',(148.105258909912,76.5817025124467,8.94508820220244));
#9206=CARTESIAN_POINT('Ctrl Pts',(148.187437841894,76.0198672282655,8.91386317514377));
#9207=CARTESIAN_POINT('Ctrl Pts',(148.18646018574,75.8838783380574,8.90632491882398));
#9208=CARTESIAN_POINT('',(146.561726799879,77.130577833055,9.00000000000001));
#9209=CARTESIAN_POINT('Origin',(146.89781051562,75.882814325629,9.));
#9210=CARTESIAN_POINT('Ctrl Pts',(146.561721772295,77.1305893419135,9.));
#9211=CARTESIAN_POINT('Ctrl Pts',(146.952053576303,77.234129350399,8.97748522291769));
#9212=CARTESIAN_POINT('Ctrl Pts',(147.816542116999,77.0536966419909,8.93371024997637));
#9213=CARTESIAN_POINT('Ctrl Pts',(148.186861442729,76.2637249065503,8.88993527703504));
#9214=CARTESIAN_POINT('Ctrl Pts',(148.189424248551,75.8821107137166,8.86867508117602));
#9215=CARTESIAN_POINT('Origin',(135.12827025654,12.44602489205,9.99367508117602));
#9216=CARTESIAN_POINT('',(136.417362715662,12.4470871893704,6.20632491882398));
#9217=CARTESIAN_POINT('',(136.419445470899,12.44517194423,6.16867508117602));
#9218=CARTESIAN_POINT('',(136.41827025654,12.44602489205,9.99367508117602));
#9219=CARTESIAN_POINT('',(135.715812529773,11.2975937547308,6.09004318008636));
#9220=CARTESIAN_POINT('Ctrl Pts',(136.419445470899,12.44517194423,6.16867508117601));
#9221=CARTESIAN_POINT('Ctrl Pts',(136.419765505262,12.3999049796494,6.16615121821835));
#9222=CARTESIAN_POINT('Ctrl Pts',(136.39724765577,11.9302518925137,6.1399405845218));
#9223=CARTESIAN_POINT('Ctrl Pts',(136.095632827746,11.4919114408675,6.11372995082525));
#9224=CARTESIAN_POINT('Ctrl Pts',(135.715812529773,11.2975937547308,6.09004318008636));
#9225=CARTESIAN_POINT('',(135.059719542968,11.1556424532299,6.09004318008636));
#9226=CARTESIAN_POINT('Origin',(135.12827025654,12.44602489205,6.09004318008636));
#9227=CARTESIAN_POINT('Ctrl Pts',(136.417362715662,12.4470871893704,6.20632491882398));
#9228=CARTESIAN_POINT('Ctrl Pts',(136.415128826144,12.1540439663716,6.19007911632708));
#9229=CARTESIAN_POINT('Ctrl Pts',(136.178360283833,11.4516104222011,6.15131853674787));
#9230=CARTESIAN_POINT('Ctrl Pts',(135.463074384996,11.1357371173941,6.11255795716867));
#9231=CARTESIAN_POINT('Ctrl Pts',(135.059716626653,11.1556288210903,6.09004318008636));
#9232=CARTESIAN_POINT('Origin',(135.12827025654,12.44602489205,9.99367508117602));
#9233=CARTESIAN_POINT('',(136.420377996285,12.4458812316001,6.65632491882398));
#9234=CARTESIAN_POINT('',(136.416390092949,12.4456121365827,6.61867508117602));
#9235=CARTESIAN_POINT('',(136.41827025654,12.44602489205,9.99367508117602));
#9236=CARTESIAN_POINT('Ctrl Pts',(136.416390092949,12.4456121365827,6.61867508117601));
#9237=CARTESIAN_POINT('Ctrl Pts',(136.416929441473,12.2575607976791,6.60827184265169));
#9238=CARTESIAN_POINT('Ctrl Pts',(136.290624711672,11.6420356101684,6.57418183338847));
#9239=CARTESIAN_POINT('Ctrl Pts',(135.344958294613,10.9395326098799,6.51640505338637));
#9240=CARTESIAN_POINT('Ctrl Pts',(133.985402505791,11.4407027257963,6.44534474116971));
#9241=CARTESIAN_POINT('Ctrl Pts',(133.661794962081,12.8532348525892,6.37428442895303));
#9242=CARTESIAN_POINT('Ctrl Pts',(134.666839828476,13.8961873606308,6.30322411673637));
#9243=CARTESIAN_POINT('Ctrl Pts',(136.040301763759,13.6356033903742,6.23468766747736));
#9244=CARTESIAN_POINT('Ctrl Pts',(136.416761942585,12.8247411256894,6.18983798895724));
#9245=CARTESIAN_POINT('Ctrl Pts',(136.419445470899,12.44517194423,6.16867508117601));
#9246=CARTESIAN_POINT('Ctrl Pts',(136.420377996285,12.4458812316001,6.65632491882398));
#9247=CARTESIAN_POINT('Ctrl Pts',(136.420390479016,12.4380192335973,6.65588651149931));
#9248=CARTESIAN_POINT('Ctrl Pts',(136.416779408695,12.0053920443389,6.63176133343574));
#9249=CARTESIAN_POINT('Ctrl Pts',(135.937063257768,11.1566818970095,6.58394938463329));
#9250=CARTESIAN_POINT('Ctrl Pts',(134.491090750241,11.0637832776341,6.51288907241662));
#9251=CARTESIAN_POINT('Ctrl Pts',(133.622585032315,12.223621764183,6.44182876019995));
#9252=CARTESIAN_POINT('Ctrl Pts',(134.118653111466,13.5849480613565,6.37076844798329));
#9253=CARTESIAN_POINT('Ctrl Pts',(135.529727613501,13.9142385627373,6.29970813576661));
#9254=CARTESIAN_POINT('Ctrl Pts',(136.337536321523,13.1415913277797,6.24489362604685));
#9255=CARTESIAN_POINT('Ctrl Pts',(136.418385890785,12.5813080329563,6.21376588706597));
#9256=CARTESIAN_POINT('Ctrl Pts',(136.417362715662,12.4470871893704,6.20632491882398));
#9257=CARTESIAN_POINT('Origin',(135.12827025654,12.44602489205,9.99367508117602));
#9258=CARTESIAN_POINT('',(136.416989135524,12.4451298066061,7.10632491882398));
#9259=CARTESIAN_POINT('',(136.418392418107,12.4471677855065,7.06867508117602));
#9260=CARTESIAN_POINT('',(136.41827025654,12.44602489205,9.99367508117602));
#9261=CARTESIAN_POINT('Ctrl Pts',(136.418392418107,12.4471677855065,7.06867508117602));
#9262=CARTESIAN_POINT('Ctrl Pts',(136.415414928251,12.1179841771264,7.05039246708503));
#9263=CARTESIAN_POINT('Ctrl Pts',(136.120389471343,11.3575671703597,7.00842308225515));
#9264=CARTESIAN_POINT('Ctrl Pts',(134.844988856378,10.9505941685608,6.94276692668638));
#9265=CARTESIAN_POINT('Ctrl Pts',(133.721342156149,11.8654055666945,6.87170661446971));
#9266=CARTESIAN_POINT('Ctrl Pts',(133.872773075703,13.3064256150796,6.80064630225304));
#9267=CARTESIAN_POINT('Ctrl Pts',(135.162035361013,13.9676724666769,6.72958599003637));
#9268=CARTESIAN_POINT('Ctrl Pts',(136.236437065488,13.3549726267569,6.66892891634403));
#9269=CARTESIAN_POINT('Ctrl Pts',(136.415701417642,12.6857283285239,6.63195861339058));
#9270=CARTESIAN_POINT('Ctrl Pts',(136.416390092949,12.4456121365827,6.61867508117601));
#9271=CARTESIAN_POINT('Ctrl Pts',(136.416989135524,12.4451298066061,7.10632491882398));
#9272=CARTESIAN_POINT('Ctrl Pts',(136.41796249511,12.2949512059121,7.09800713593264));
#9273=CARTESIAN_POINT('Ctrl Pts',(136.324548013714,11.7182775050955,7.06600258230241));
#9274=CARTESIAN_POINT('Ctrl Pts',(135.475543546509,10.9641463790518,7.0103112579333));
#9275=CARTESIAN_POINT('Ctrl Pts',(134.077513581402,11.3449011483619,6.93925094571663));
#9276=CARTESIAN_POINT('Ctrl Pts',(133.631766809727,12.723586340088,6.86819063349996));
#9277=CARTESIAN_POINT('Ctrl Pts',(134.542276001336,13.8507213667347,6.7971303212833));
#9278=CARTESIAN_POINT('Ctrl Pts',(135.974968178567,13.705705564529,6.7265084163913));
#9279=CARTESIAN_POINT('Ctrl Pts',(136.419716047797,12.8627962246728,6.6795732822382));
#9280=CARTESIAN_POINT('Ctrl Pts',(136.420377996285,12.4458812316001,6.65632491882398));
#9281=CARTESIAN_POINT('Origin',(135.12827025654,12.44602489205,9.99367508117602));
#9282=CARTESIAN_POINT('',(136.417338685063,12.447051201007,7.55632491882398));
#9283=CARTESIAN_POINT('',(136.419845574091,12.4452878032285,7.51867508117602));
#9284=CARTESIAN_POINT('',(136.41827025654,12.44602489205,9.99367508117602));
#9285=CARTESIAN_POINT('Ctrl Pts',(136.419845574091,12.4452878032285,7.51867508117602));
#9286=CARTESIAN_POINT('Ctrl Pts',(136.420150163244,12.4008507916591,7.51619986225725));
#9287=CARTESIAN_POINT('Ctrl Pts',(136.397987198835,11.93147804829,7.4900378725996));
#9288=CARTESIAN_POINT('Ctrl Pts',(135.824250321608,11.0924464768772,7.44018911220306));
#9289=CARTESIAN_POINT('Ctrl Pts',(134.375622927227,11.1231172033616,7.36912879998638));
#9290=CARTESIAN_POINT('Ctrl Pts',(133.609107186575,12.3527169900485,7.29806848776972));
#9291=CARTESIAN_POINT('Ctrl Pts',(134.219383515531,13.6668802024417,7.22700817555304));
#9292=CARTESIAN_POINT('Ctrl Pts',(135.653368616147,13.8746026202297,7.15594786333639));
#9293=CARTESIAN_POINT('Ctrl Pts',(136.36496377082,13.0672889925137,7.1031701652107));
#9294=CARTESIAN_POINT('Ctrl Pts',(136.41927253413,12.5444711457784,7.07407923782391));
#9295=CARTESIAN_POINT('Ctrl Pts',(136.418392418107,12.4471677855065,7.06867508117602));
#9296=CARTESIAN_POINT('Ctrl Pts',(136.417338685063,12.447051201007,7.55632491882398));
#9297=CARTESIAN_POINT('Ctrl Pts',(136.415124572249,12.1548095838061,7.54012776036598));
#9298=CARTESIAN_POINT('Ctrl Pts',(136.172339635353,11.4318625354394,7.50024383116908));
#9299=CARTESIAN_POINT('Ctrl Pts',(134.976536574895,10.9315811941378,7.43667313123332));
#9300=CARTESIAN_POINT('Ctrl Pts',(133.777363100474,11.7448739213557,7.36561281901663));
#9301=CARTESIAN_POINT('Ctrl Pts',(133.802494152869,13.1936080328416,7.29455250679998));
#9302=CARTESIAN_POINT('Ctrl Pts',(135.029153878904,13.9648200564051,7.22349219458329));
#9303=CARTESIAN_POINT('Ctrl Pts',(136.191543075921,13.4304190736813,7.16074966525797));
#9304=CARTESIAN_POINT('Ctrl Pts',(136.415190633226,12.7226187864436,7.12169390667153));
#9305=CARTESIAN_POINT('Ctrl Pts',(136.416989135524,12.4451298066061,7.10632491882398));
#9306=CARTESIAN_POINT('Origin',(135.12827025654,12.44602489205,9.99367508117602));
#9307=CARTESIAN_POINT('',(136.420382253189,12.4458975579434,8.00632491882398));
#9308=CARTESIAN_POINT('',(136.41640152711,12.4456029141109,7.96867508117602));
#9309=CARTESIAN_POINT('',(136.41827025654,12.44602489205,9.99367508117602));
#9310=CARTESIAN_POINT('Ctrl Pts',(136.41640152711,12.4456029141109,7.96867508117602));
#9311=CARTESIAN_POINT('Ctrl Pts',(136.416956842811,12.2584352637624,7.95832048669059));
#9312=CARTESIAN_POINT('Ctrl Pts',(136.291470427299,11.6438193378916,7.92427912146627));
#9313=CARTESIAN_POINT('Ctrl Pts',(135.348003145535,10.93994381435,7.86655098550306));
#9314=CARTESIAN_POINT('Ctrl Pts',(133.987504099163,11.4384459367442,7.7954906732864));
#9315=CARTESIAN_POINT('Ctrl Pts',(133.660862309104,12.8500999981263,7.72443036106972));
#9316=CARTESIAN_POINT('Ctrl Pts',(134.664107762509,13.8955475551904,7.65337004885306));
#9317=CARTESIAN_POINT('Ctrl Pts',(136.038417414909,13.6366601859884,7.58478495555516));
#9318=CARTESIAN_POINT('Ctrl Pts',(136.417235377248,12.8260937054818,7.53988663299614));
#9319=CARTESIAN_POINT('Ctrl Pts',(136.419845574091,12.4452878032285,7.51867508117602));
#9320=CARTESIAN_POINT('Ctrl Pts',(136.420382253189,12.4458975579434,8.00632491882398));
#9321=CARTESIAN_POINT('Ctrl Pts',(136.420392176809,12.438907950296,8.0059351555382));
#9322=CARTESIAN_POINT('Ctrl Pts',(136.417188303624,12.0071538798097,7.98185862151354));
#9323=CARTESIAN_POINT('Ctrl Pts',(135.93968848707,11.1583280642311,7.93409531674999));
#9324=CARTESIAN_POINT('Ctrl Pts',(134.493908980272,11.0624972918462,7.86303500453331));
#9325=CARTESIAN_POINT('Ctrl Pts',(133.62304040015,12.2205344718099,7.79197469231665));
#9326=CARTESIAN_POINT('Ctrl Pts',(134.116336458715,13.5829298117353,7.72091438009998));
#9327=CARTESIAN_POINT('Ctrl Pts',(135.526731150647,13.9149672821142,7.64985406788331));
#9328=CARTESIAN_POINT('Ctrl Pts',(136.336840244352,13.1434890971942,7.59499091412465));
#9329=CARTESIAN_POINT('Ctrl Pts',(136.418362497145,12.5821845585555,7.56381453110487));
#9330=CARTESIAN_POINT('Ctrl Pts',(136.417338685063,12.447051201007,7.55632491882398));
#9331=CARTESIAN_POINT('Origin',(135.12827025654,12.44602489205,9.99367508117602));
#9332=CARTESIAN_POINT('',(136.417006582026,12.4451223427524,8.45632491882398));
#9333=CARTESIAN_POINT('',(136.418366159662,12.447169560891,8.41867508117602));
#9334=CARTESIAN_POINT('',(136.41827025654,12.44602489205,9.99367508117602));
#9335=CARTESIAN_POINT('Ctrl Pts',(136.418366159662,12.4471695608911,8.41867508117602));
#9336=CARTESIAN_POINT('Ctrl Pts',(136.415399534727,12.118844785821,8.40044111112393));
#9337=CARTESIAN_POINT('Ctrl Pts',(136.121661275343,11.3592867741795,8.35852037033295));
#9338=CARTESIAN_POINT('Ctrl Pts',(134.848036105955,10.9500201389564,8.29291285880307));
#9339=CARTESIAN_POINT('Ctrl Pts',(133.722528818104,11.8625406338205,8.2218525465864));
#9340=CARTESIAN_POINT('Ctrl Pts',(133.871021224378,13.3038639841609,8.15079223436973));
#9341=CARTESIAN_POINT('Ctrl Pts',(135.158937475106,13.9677417298416,8.07973192215307));
#9342=CARTESIAN_POINT('Ctrl Pts',(136.235440934558,13.3567331304663,8.01902620442183));
#9343=CARTESIAN_POINT('Ctrl Pts',(136.415686524043,12.6865927574992,7.98200725742948));
#9344=CARTESIAN_POINT('Ctrl Pts',(136.41640152711,12.4456029141109,7.96867508117602));
#9345=CARTESIAN_POINT('Ctrl Pts',(136.417006582026,12.4451223427524,8.45632491882398));
#9346=CARTESIAN_POINT('Ctrl Pts',(136.417986051826,12.2958264293289,8.44805577997154));
#9347=CARTESIAN_POINT('Ctrl Pts',(136.325292959928,11.7200520464698,8.41609987038021));
#9348=CARTESIAN_POINT('Ctrl Pts',(135.478558906098,10.9648600329996,8.36045719004999));
#9349=CARTESIAN_POINT('Ctrl Pts',(134.079761034161,11.3427610804156,8.28939687783332));
#9350=CARTESIAN_POINT('Ctrl Pts',(133.631203570674,12.7205369517194,8.21833656561666));
#9351=CARTESIAN_POINT('Ctrl Pts',(134.539415409909,13.849524597331,8.14727625339998));
#9352=CARTESIAN_POINT('Ctrl Pts',(135.973386511668,13.7073294260652,8.0766057044691));
#9353=CARTESIAN_POINT('Ctrl Pts',(136.419789096593,12.8636817551666,8.02962192627709));
#9354=CARTESIAN_POINT('Ctrl Pts',(136.420382253189,12.4458975579434,8.00632491882398));
#9355=CARTESIAN_POINT('Origin',(135.12827025654,12.44602489205,9.99367508117602));
#9356=CARTESIAN_POINT('',(136.416927204537,12.4472061722706,8.90632491882398));
#9357=CARTESIAN_POINT('',(136.419858929394,12.4453234682264,8.86867508117602));
#9358=CARTESIAN_POINT('',(136.41827025654,12.44602489205,9.99367508117602));
#9359=CARTESIAN_POINT('',(135.463450084063,13.691719269986,9.));
#9360=CARTESIAN_POINT('Ctrl Pts',(135.463450084063,13.691719269986,9.));
#9361=CARTESIAN_POINT('Ctrl Pts',(135.875438225482,13.5808653425475,8.97631322926111));
#9362=CARTESIAN_POINT('Ctrl Pts',(136.335737772042,13.1450602707444,8.94508820220244));
#9363=CARTESIAN_POINT('Ctrl Pts',(136.417907714814,12.5832048213366,8.91386317514377));
#9364=CARTESIAN_POINT('Ctrl Pts',(136.416927204537,12.4472061722706,8.90632491882398));
#9365=CARTESIAN_POINT('',(134.79217961837,13.6937544626985,9.));
#9366=CARTESIAN_POINT('Origin',(135.12827025654,12.44602489205,9.));
#9367=CARTESIAN_POINT('Ctrl Pts',(134.79217392359,13.6937671875993,9.));
#9368=CARTESIAN_POINT('Ctrl Pts',(135.182519274805,13.7973223738624,8.9774852229177));
#9369=CARTESIAN_POINT('Ctrl Pts',(136.046966508934,13.616857229194,8.93371024997637));
#9370=CARTESIAN_POINT('Ctrl Pts',(136.417292768835,12.8269252779575,8.88993527703504));
#9371=CARTESIAN_POINT('Ctrl Pts',(136.419858929394,12.4453234682264,8.86867508117602));
#9372=CARTESIAN_POINT('Origin',(107.18821437642,12.44602489205,9.99367508117602));
#9373=CARTESIAN_POINT('',(108.477295456455,12.4470875756311,6.20632491882398));
#9374=CARTESIAN_POINT('',(108.479407207847,12.4451171955289,6.16867508117602));
#9375=CARTESIAN_POINT('',(108.47821437642,12.44602489205,9.99367508117602));
#9376=CARTESIAN_POINT('',(107.775756649653,11.2975937547308,6.09004318008636));
#9377=CARTESIAN_POINT('Ctrl Pts',(108.479407207847,12.4451171955289,6.16867508117601));
#9378=CARTESIAN_POINT('Ctrl Pts',(108.479727570888,12.3998499109659,6.16615121821835));
#9379=CARTESIAN_POINT('Ctrl Pts',(108.457211449932,11.9301977460633,6.1399405845218));
#9380=CARTESIAN_POINT('Ctrl Pts',(108.155576947626,11.4919114408675,6.11372995082525));
#9381=CARTESIAN_POINT('Ctrl Pts',(107.775756649653,11.2975937547308,6.09004318008636));
#9382=CARTESIAN_POINT('',(107.119662275691,11.1556523743902,6.09004318008636));
#9383=CARTESIAN_POINT('Origin',(107.18821437642,12.44602489205,6.09004318008636));
#9384=CARTESIAN_POINT('Ctrl Pts',(108.477295456455,12.4470875756311,6.20632491882398));
#9385=CARTESIAN_POINT('Ctrl Pts',(108.475059387699,12.1540490175084,6.19007911632708));
#9386=CARTESIAN_POINT('Ctrl Pts',(108.238287062018,11.4516278345224,6.15131853674788));
#9387=CARTESIAN_POINT('Ctrl Pts',(107.523024510476,11.1357416031158,6.11255795716867));
#9388=CARTESIAN_POINT('Ctrl Pts',(107.119659292908,11.1556385361515,6.09004318008636));
#9389=CARTESIAN_POINT('Origin',(107.18821437642,12.44602489205,9.99367508117602));
#9390=CARTESIAN_POINT('',(108.480311995448,12.4458811756212,6.65632491882398));
#9391=CARTESIAN_POINT('',(108.476324066722,12.4456117966184,6.61867508117602));
#9392=CARTESIAN_POINT('',(108.47821437642,12.44602489205,9.99367508117602));
#9393=CARTESIAN_POINT('Ctrl Pts',(108.476324066722,12.4456117966184,6.61867508117601));
#9394=CARTESIAN_POINT('Ctrl Pts',(108.476863385174,12.2575618019982,6.60827184265169));
#9395=CARTESIAN_POINT('Ctrl Pts',(108.350559582021,11.6420412391729,6.57418183338847));
#9396=CARTESIAN_POINT('Ctrl Pts',(107.404900955796,10.9395472044121,6.51640505338637));
#9397=CARTESIAN_POINT('Ctrl Pts',(106.045355518907,11.4407054396067,6.4453447411697));
#9398=CARTESIAN_POINT('Ctrl Pts',(105.721749900014,12.8532410791219,6.37428442895303));
#9399=CARTESIAN_POINT('Ctrl Pts',(106.726791173494,13.8961581517078,6.30322411673637));
#9400=CARTESIAN_POINT('Ctrl Pts',(108.100230730139,13.6356179223657,6.23468766747736));
#9401=CARTESIAN_POINT('Ctrl Pts',(108.476720923527,12.8246890600808,6.18983798895724));
#9402=CARTESIAN_POINT('Ctrl Pts',(108.479407207847,12.4451171955289,6.16867508117601));
#9403=CARTESIAN_POINT('Ctrl Pts',(108.480311995448,12.4458811756212,6.65632491882398));
#9404=CARTESIAN_POINT('Ctrl Pts',(108.480324477775,12.4380192400712,6.65588651149931));
#9405=CARTESIAN_POINT('Ctrl Pts',(108.476713417936,12.0053954902273,6.63176133343574));
#9406=CARTESIAN_POINT('Ctrl Pts',(107.997000888202,11.156692403751,6.58394938463329));
#9407=CARTESIAN_POINT('Ctrl Pts',(106.551040170595,11.0637933927666,6.51288907241662));
#9408=CARTESIAN_POINT('Ctrl Pts',(105.682540334401,12.2236248570021,6.44182876019995));
#9409=CARTESIAN_POINT('Ctrl Pts',(106.17860647611,13.5849366771092,6.37076844798328));
#9410=CARTESIAN_POINT('Ctrl Pts',(107.589665800561,13.9142314038979,6.29970813576662));
#9411=CARTESIAN_POINT('Ctrl Pts',(108.397474756844,13.1415810922094,6.24489362604685));
#9412=CARTESIAN_POINT('Ctrl Pts',(108.478319629721,12.5813062825917,6.21376588706597));
#9413=CARTESIAN_POINT('Ctrl Pts',(108.477295456455,12.4470875756311,6.20632491882398));
#9414=CARTESIAN_POINT('Origin',(107.18821437642,12.44602489205,9.99367508117602));
#9415=CARTESIAN_POINT('',(108.476923144261,12.445129812506,7.10632491882398));
#9416=CARTESIAN_POINT('',(108.478326414929,12.4471677765283,7.06867508117602));
#9417=CARTESIAN_POINT('',(108.47821437642,12.44602489205,9.99367508117602));
#9418=CARTESIAN_POINT('Ctrl Pts',(108.478326414929,12.4471677765283,7.06867508117602));
#9419=CARTESIAN_POINT('Ctrl Pts',(108.475348946594,12.117986745899,7.05039246708503));
#9420=CARTESIAN_POINT('Ctrl Pts',(108.180325798553,11.3575756890088,7.00842308225515));
#9421=CARTESIAN_POINT('Ctrl Pts',(106.904935217213,10.9506059586132,6.94276692668638));
#9422=CARTESIAN_POINT('Ctrl Pts',(105.781297283341,11.8654100139946,6.87170661446971));
#9423=CARTESIAN_POINT('Ctrl Pts',(105.932727103651,13.306419074173,6.80064630225305));
#9424=CARTESIAN_POINT('Ctrl Pts',(107.221979121063,13.9676601214878,6.72958599003637));
#9425=CARTESIAN_POINT('Ctrl Pts',(108.296372604162,13.3549660972646,6.66892891634403));
#9426=CARTESIAN_POINT('Ctrl Pts',(108.475635429813,12.6857262720912,6.63195861339058));
#9427=CARTESIAN_POINT('Ctrl Pts',(108.476324066722,12.4456117966184,6.61867508117601));
#9428=CARTESIAN_POINT('Ctrl Pts',(108.476923144261,12.445129812506,7.10632491882398));
#9429=CARTESIAN_POINT('Ctrl Pts',(108.477896496245,12.2949523899247,7.09800713593264));
#9430=CARTESIAN_POINT('Ctrl Pts',(108.384482747781,11.7182832136221,7.06600258230241));
#9431=CARTESIAN_POINT('Ctrl Pts',(107.535484939973,10.9641580137283,7.0103112579333));
#9432=CARTESIAN_POINT('Ctrl Pts',(106.137465949128,11.3449097727389,6.93925094571663));
#9433=CARTESIAN_POINT('Ctrl Pts',(105.691722663853,12.7235841916416,6.86819063349996));
#9434=CARTESIAN_POINT('Ctrl Pts',(106.602224734534,13.8507102888103,6.79713032128329));
#9435=CARTESIAN_POINT('Ctrl Pts',(108.034905622845,13.7056957885031,6.7265084163913));
#9436=CARTESIAN_POINT('Ctrl Pts',(108.479650068433,12.8627928568782,6.6795732822382));
#9437=CARTESIAN_POINT('Ctrl Pts',(108.480311995448,12.4458811756212,6.65632491882398));
#9438=CARTESIAN_POINT('Origin',(107.18821437642,12.44602489205,9.99367508117602));
#9439=CARTESIAN_POINT('',(108.477272690872,12.4470511928862,7.55632491882398));
#9440=CARTESIAN_POINT('',(108.479779559389,12.4452878090812,7.51867508117602));
#9441=CARTESIAN_POINT('',(108.47821437642,12.44602489205,9.99367508117602));
#9442=CARTESIAN_POINT('Ctrl Pts',(108.479779559389,12.4452878090812,7.51867508117602));
#9443=CARTESIAN_POINT('Ctrl Pts',(108.480084146152,12.4008511461922,7.51619986225725));
#9444=CARTESIAN_POINT('Ctrl Pts',(108.45792135563,11.9314820857969,7.4900378725996));
#9445=CARTESIAN_POINT('Ctrl Pts',(107.88418898012,11.0924570975483,7.44018911220306));
#9446=CARTESIAN_POINT('Ctrl Pts',(106.435572953325,11.1231275847831,7.36912879998638));
#9447=CARTESIAN_POINT('Ctrl Pts',(105.669063226094,12.3527177203138,7.29806848776973));
#9448=CARTESIAN_POINT('Ctrl Pts',(106.279334768692,13.6668706264991,7.22700817555305));
#9449=CARTESIAN_POINT('Ctrl Pts',(107.713308612873,13.8745914031863,7.15594786333638));
#9450=CARTESIAN_POINT('Ctrl Pts',(108.424898189972,13.0672841265549,7.10317016521071));
#9451=CARTESIAN_POINT('Ctrl Pts',(108.479206524591,12.5444703748429,7.07407923782392));
#9452=CARTESIAN_POINT('Ctrl Pts',(108.478326414929,12.4471677765283,7.06867508117602));
#9453=CARTESIAN_POINT('Ctrl Pts',(108.477272690872,12.4470511928862,7.55632491882398));
#9454=CARTESIAN_POINT('Ctrl Pts',(108.475058595419,12.1548118686379,7.54012776036598));
#9455=CARTESIAN_POINT('Ctrl Pts',(108.232275563333,11.4318704926709,7.50024383116908));
#9456=CARTESIAN_POINT('Ctrl Pts',(107.036481885309,10.9315930766452,7.43667313123331));
#9457=CARTESIAN_POINT('Ctrl Pts',(105.837317819684,11.7448794223982,7.36561281901664));
#9458=CARTESIAN_POINT('Ctrl Pts',(105.862448674802,13.1936021677596,7.29455250679997));
#9459=CARTESIAN_POINT('Ctrl Pts',(107.089098776635,13.9648081388154,7.2234921945833));
#9460=CARTESIAN_POINT('Ctrl Pts',(108.251478852975,13.4304113517189,7.16074966525797));
#9461=CARTESIAN_POINT('Ctrl Pts',(108.475124656008,12.7226166155136,7.12169390667153));
#9462=CARTESIAN_POINT('Ctrl Pts',(108.476923144261,12.445129812506,7.10632491882398));
#9463=CARTESIAN_POINT('Origin',(107.18821437642,12.44602489205,9.99367508117602));
#9464=CARTESIAN_POINT('',(108.480316237157,12.4458975557736,8.00632491882399));
#9465=CARTESIAN_POINT('',(108.476335539403,12.4456029180566,7.96867508117602));
#9466=CARTESIAN_POINT('',(108.47821437642,12.44602489205,9.99367508117602));
#9467=CARTESIAN_POINT('Ctrl Pts',(108.476335539403,12.4456029180566,7.96867508117602));
#9468=CARTESIAN_POINT('Ctrl Pts',(108.476890850755,12.2584367359333,7.95832048669059));
#9469=CARTESIAN_POINT('Ctrl Pts',(108.351405419917,11.6438256310916,7.92427912146627));
#9470=CARTESIAN_POINT('Ctrl Pts',(107.407945541196,10.9399556331649,7.86655098550306));
#9471=CARTESIAN_POINT('Ctrl Pts',(106.047457170333,11.4384538424119,7.79549067328639));
#9472=CARTESIAN_POINT('Ctrl Pts',(105.720817943279,12.8500968277015,7.72443036106973));
#9473=CARTESIAN_POINT('Ctrl Pts',(106.724055524574,13.8955361811346,7.65337004885306));
#9474=CARTESIAN_POINT('Ctrl Pts',(108.098354393072,13.6366508433644,7.58478495555515));
#9475=CARTESIAN_POINT('Ctrl Pts',(108.477169383037,12.8260907232953,7.53988663299614));
#9476=CARTESIAN_POINT('Ctrl Pts',(108.479779559389,12.4452878090812,7.51867508117602));
#9477=CARTESIAN_POINT('Ctrl Pts',(108.480316237157,12.4458975557736,8.00632491882399));
#9478=CARTESIAN_POINT('Ctrl Pts',(108.480326160734,12.4389080029093,8.00593515553821));
#9479=CARTESIAN_POINT('Ctrl Pts',(108.477122314707,12.0071573165744,7.98185862151354));
#9480=CARTESIAN_POINT('Ctrl Pts',(107.999626236168,11.1583381742347,7.93409531674998));
#9481=CARTESIAN_POINT('Ctrl Pts',(106.553858079653,11.0625081437434,7.86303500453332));
#9482=CARTESIAN_POINT('Ctrl Pts',(105.682996328997,12.2205362427102,7.79197469231664));
#9483=CARTESIAN_POINT('Ctrl Pts',(106.176288518898,13.5829208906598,7.72091438009998));
#9484=CARTESIAN_POINT('Ctrl Pts',(107.586672143869,13.9149557571021,7.6498540678833));
#9485=CARTESIAN_POINT('Ctrl Pts',(108.396774881758,13.1434836247967,7.59499091412465));
#9486=CARTESIAN_POINT('Ctrl Pts',(108.478296494926,12.5821834901668,7.56381453110487));
#9487=CARTESIAN_POINT('Ctrl Pts',(108.477272690872,12.4470511928862,7.55632491882398));
#9488=CARTESIAN_POINT('Origin',(107.18821437642,12.44602489205,9.99367508117602));
#9489=CARTESIAN_POINT('',(108.476940565926,12.445122468454,8.45632491882399));
#9490=CARTESIAN_POINT('',(108.47830016404,12.4471696207747,8.41867508117602));
#9491=CARTESIAN_POINT('',(108.47821437642,12.44602489205,9.99367508117602));
#9492=CARTESIAN_POINT('Ctrl Pts',(108.47830016404,12.4471696207747,8.41867508117602));
#9493=CARTESIAN_POINT('Ctrl Pts',(108.475333563008,12.1188474136601,8.40044111112393));
#9494=CARTESIAN_POINT('Ctrl Pts',(108.181597592039,11.3592952016582,8.35852037033294));
#9495=CARTESIAN_POINT('Ctrl Pts',(106.907982428182,10.9500319362815,8.29291285880307));
#9496=CARTESIAN_POINT('Ctrl Pts',(105.782483967281,11.8625451820141,8.2218525465864));
#9497=CARTESIAN_POINT('Ctrl Pts',(105.930975209835,13.3038572684752,8.15079223436974));
#9498=CARTESIAN_POINT('Ctrl Pts',(107.218881354317,13.9677297814301,8.07973192215306));
#9499=CARTESIAN_POINT('Ctrl Pts',(108.295376366751,13.356725986703,8.01902620442183));
#9500=CARTESIAN_POINT('Ctrl Pts',(108.475620541937,12.6865908710147,7.98200725742948));
#9501=CARTESIAN_POINT('Ctrl Pts',(108.476335539403,12.4456029180566,7.96867508117602));
#9502=CARTESIAN_POINT('Ctrl Pts',(108.476940565926,12.445122468454,8.45632491882398));
#9503=CARTESIAN_POINT('Ctrl Pts',(108.477920076436,12.2958276027269,8.44805577997154));
#9504=CARTESIAN_POINT('Ctrl Pts',(108.38522789095,11.7200572549259,8.41609987038021));
#9505=CARTESIAN_POINT('Ctrl Pts',(107.53850010036,10.9648720307193,8.36045719004999));
#9506=CARTESIAN_POINT('Ctrl Pts',(106.13971347985,11.3427695427973,8.28939687783333));
#9507=CARTESIAN_POINT('Ctrl Pts',(105.691159382278,12.7205348973287,8.21833656561665));
#9508=CARTESIAN_POINT('Ctrl Pts',(106.599364179345,13.8495135345672,8.14727625339998));
#9509=CARTESIAN_POINT('Ctrl Pts',(108.033323985288,13.7073195552331,8.0766057044691));
#9510=CARTESIAN_POINT('Ctrl Pts',(108.479723083166,12.8636784784941,8.0296219262771));
#9511=CARTESIAN_POINT('Ctrl Pts',(108.480316237157,12.4458975557736,8.00632491882399));
#9512=CARTESIAN_POINT('Origin',(107.18821437642,12.44602489205,9.99367508117602));
#9513=CARTESIAN_POINT('',(108.4768748895,12.4472566844276,8.90632491882398));
#9514=CARTESIAN_POINT('',(108.479793180334,12.4453250870015,8.86867508117602));
#9515=CARTESIAN_POINT('',(108.47821437642,12.44602489205,9.99367508117602));
#9516=CARTESIAN_POINT('',(107.523394203943,13.691719269986,9.));
#9517=CARTESIAN_POINT('Ctrl Pts',(107.523394203943,13.691719269986,9.));
#9518=CARTESIAN_POINT('Ctrl Pts',(107.935382345362,13.5808653425475,8.97631322926111));
#9519=CARTESIAN_POINT('Ctrl Pts',(108.395691363114,13.1451282318332,8.94508820220244));
#9520=CARTESIAN_POINT('Ctrl Pts',(108.477856822485,12.5832605518049,8.91386317514377));
#9521=CARTESIAN_POINT('Ctrl Pts',(108.4768748895,12.4472566844276,8.90632491882398));
#9522=CARTESIAN_POINT('',(106.852124453742,13.6937444735017,9.));
#9523=CARTESIAN_POINT('Origin',(107.18821437642,12.44602489205,9.));
#9524=CARTESIAN_POINT('Ctrl Pts',(106.852118651152,13.6937573858042,9.00000000000001));
#9525=CARTESIAN_POINT('Ctrl Pts',(107.242470208422,13.7973192426604,8.9774852229177));
#9526=CARTESIAN_POINT('Ctrl Pts',(108.106894690142,13.6168343136709,8.93371024997636));
#9527=CARTESIAN_POINT('Ctrl Pts',(108.477225326909,12.8269213514153,8.88993527703504));
#9528=CARTESIAN_POINT('Ctrl Pts',(108.479793180334,12.4453250870015,8.86867508117602));
#9529=CARTESIAN_POINT('Origin',(96.520193040386,76.200152400305,9.99367508117602));
#9530=CARTESIAN_POINT('',(97.8092952771159,76.2012142612948,6.20632491882398));
#9531=CARTESIAN_POINT('',(97.8113541474586,76.19934416944,6.16867508117602));
#9532=CARTESIAN_POINT('',(97.810193040386,76.200152400305,9.99367508117602));
#9533=CARTESIAN_POINT('',(97.107735313619,75.0517212629858,6.09004318008636));
#9534=CARTESIAN_POINT('Ctrl Pts',(97.8113541474586,76.19934416944,6.16867508117602));
#9535=CARTESIAN_POINT('Ctrl Pts',(97.8116739474322,76.1540773697386,6.16615121821835));
#9536=CARTESIAN_POINT('Ctrl Pts',(97.7891549727862,75.6844226606858,6.1399405845218));
#9537=CARTESIAN_POINT('Ctrl Pts',(97.4875556115921,75.2460389491225,6.11372995082525));
#9538=CARTESIAN_POINT('Ctrl Pts',(97.1077353136189,75.0517212629858,6.09004318008636));
#9539=CARTESIAN_POINT('',(96.4516456365018,74.9097599369536,6.09004318008636));
#9540=CARTESIAN_POINT('Origin',(96.520193040386,76.200152400305,6.09004318008636));
#9541=CARTESIAN_POINT('Ctrl Pts',(97.8092952771159,76.2012142612949,6.20632491882398));
#9542=CARTESIAN_POINT('Ctrl Pts',(97.8070630213846,75.9081672960606,6.19007911632708));
#9543=CARTESIAN_POINT('Ctrl Pts',(97.5702971958313,75.2057238777361,6.15131853674788));
#9544=CARTESIAN_POINT('Ctrl Pts',(96.8549945554019,74.8898592817763,6.11255795716867));
#9545=CARTESIAN_POINT('Ctrl Pts',(96.4516428279367,74.9097466538781,6.09004318008636));
#9546=CARTESIAN_POINT('Origin',(96.520193040386,76.200152400305,9.99367508117602));
#9547=CARTESIAN_POINT('',(97.8123094338551,76.2000087778635,6.65632491882398));
#9548=CARTESIAN_POINT('',(97.8083215461755,76.1997398831186,6.61867508117602));
#9549=CARTESIAN_POINT('',(97.810193040386,76.200152400305,9.99367508117602));
#9550=CARTESIAN_POINT('Ctrl Pts',(97.8083215461755,76.1997398831186,6.61867508117601));
#9551=CARTESIAN_POINT('Ctrl Pts',(97.8088609177696,76.0116873738634,6.60827184265169));
#9552=CARTESIAN_POINT('Ctrl Pts',(97.6825553880658,75.3961581975217,6.57418183338847));
#9553=CARTESIAN_POINT('Ctrl Pts',(96.7368823330035,74.6936480637414,6.51640505338637));
#9554=CARTESIAN_POINT('Ctrl Pts',(95.3773177207071,75.1948271826098,6.44534474116971));
#9555=CARTESIAN_POINT('Ctrl Pts',(95.0537082964858,76.6073583902412,6.37428442895303));
#9556=CARTESIAN_POINT('Ctrl Pts',(96.0587568385827,77.6503379909388,6.30322411673637));
#9557=CARTESIAN_POINT('Ctrl Pts',(97.4322353525082,77.3897234638834,6.23468766747736));
#9558=CARTESIAN_POINT('Ctrl Pts',(97.8086725845277,76.5789119683665,6.18983798895724));
#9559=CARTESIAN_POINT('Ctrl Pts',(97.8113541474586,76.19934416944,6.16867508117602));
#9560=CARTESIAN_POINT('Ctrl Pts',(97.8123094338551,76.2000087778634,6.65632491882398));
#9561=CARTESIAN_POINT('Ctrl Pts',(97.8123219168732,76.1921467266044,6.65588651149931));
#9562=CARTESIAN_POINT('Ctrl Pts',(97.8087108341506,75.7595166048585,6.63176133343574));
#9563=CARTESIAN_POINT('Ctrl Pts',(97.3289915592969,74.9108004888379,6.58394938463329));
#9564=CARTESIAN_POINT('Ctrl Pts',(95.8830090609125,74.8179020263727,6.51288907241662));
#9565=CARTESIAN_POINT('Ctrl Pts',(95.0144981463272,75.9777468320013,6.44182876019995));
#9566=CARTESIAN_POINT('Ctrl Pts',(95.5105682179192,77.3390849452875,6.37076844798328));
#9567=CARTESIAN_POINT('Ctrl Pts',(96.9216550389866,77.6683727829198,6.29970813576662));
#9568=CARTESIAN_POINT('Ctrl Pts',(97.7294645697445,76.8957269362153,6.24489362604685));
#9569=CARTESIAN_POINT('Ctrl Pts',(97.8103177039248,76.3354368189146,6.21376588706597));
#9570=CARTESIAN_POINT('Ctrl Pts',(97.8092952771159,76.2012142612949,6.20632491882398));
#9571=CARTESIAN_POINT('Origin',(96.520193040386,76.200152400305,9.99367508117602));
#9572=CARTESIAN_POINT('',(97.8089205611704,76.1992573095967,7.10632491882399));
#9573=CARTESIAN_POINT('',(97.8103238538968,76.2012953014746,7.06867508117602));
#9574=CARTESIAN_POINT('',(97.810193040386,76.200152400305,9.99367508117602));
#9575=CARTESIAN_POINT('Ctrl Pts',(97.8103238538969,76.2012953014746,7.06867508117602));
#9576=CARTESIAN_POINT('Ctrl Pts',(97.807346345373,75.8721094889463,7.05039246708503));
#9577=CARTESIAN_POINT('Ctrl Pts',(97.5123189142077,75.1116873936717,7.00842308225515));
#9578=CARTESIAN_POINT('Ctrl Pts',(96.2369097275012,74.7047116106149,6.94276692668638));
#9579=CARTESIAN_POINT('Ctrl Pts',(95.1132555280053,75.6195292542622,6.87170661446971));
#9580=CARTESIAN_POINT('Ctrl Pts',(95.2646873984801,77.0605587506208,6.80064630225305));
#9581=CARTESIAN_POINT('Ctrl Pts',(96.5539584414598,77.7218104572451,6.72958599003637));
#9582=CARTESIAN_POINT('Ctrl Pts',(97.628367194924,77.1091058138875,6.66892891634403));
#9583=CARTESIAN_POINT('Ctrl Pts',(97.8076328414102,76.4398575694409,6.63195861339058));
#9584=CARTESIAN_POINT('Ctrl Pts',(97.8083215461755,76.1997398831186,6.61867508117601));
#9585=CARTESIAN_POINT('Ctrl Pts',(97.8089205611704,76.1992573095967,7.10632491882399));
#9586=CARTESIAN_POINT('Ctrl Pts',(97.8098939272634,76.0490777019585,7.09800713593265));
#9587=CARTESIAN_POINT('Ctrl Pts',(97.7164788194511,75.4724001341249,7.06600258230242));
#9588=CARTESIAN_POINT('Ctrl Pts',(96.8674686601105,74.7182639449514,7.01031125793329));
#9589=CARTESIAN_POINT('Ctrl Pts',(95.4694293169148,75.0990212827214,6.93925094571663));
#9590=CARTESIAN_POINT('Ctrl Pts',(95.0236795628178,76.4777156899617,6.86819063349996));
#9591=CARTESIAN_POINT('Ctrl Pts',(95.9341948458948,77.6048583328931,6.79713032128329));
#9592=CARTESIAN_POINT('Ctrl Pts',(97.366896660741,77.4598414467536,6.7265084163913));
#9593=CARTESIAN_POINT('Ctrl Pts',(97.8116474701415,76.6169265950723,6.6795732822382));
#9594=CARTESIAN_POINT('Ctrl Pts',(97.8123094338551,76.2000087778634,6.65632491882398));
#9595=CARTESIAN_POINT('Origin',(96.520193040386,76.200152400305,9.99367508117602));
#9596=CARTESIAN_POINT('',(97.8092701131581,76.201178716187,7.55632491882398));
#9597=CARTESIAN_POINT('',(97.8117770196948,76.1994153064971,7.51867508117602));
#9598=CARTESIAN_POINT('',(97.810193040386,76.200152400305,9.99367508117602));
#9599=CARTESIAN_POINT('Ctrl Pts',(97.8117770196948,76.1994153064971,7.51867508117602));
#9600=CARTESIAN_POINT('Ctrl Pts',(97.8120816108914,76.1549779969193,7.51619986225725));
#9601=CARTESIAN_POINT('Ctrl Pts',(97.7899184978619,75.6856021058,7.49003787259959));
#9602=CARTESIAN_POINT('Ctrl Pts',(97.216177773097,74.8465649078301,7.44018911220305));
#9603=CARTESIAN_POINT('Ctrl Pts',(95.7675406632634,74.8772358391051,7.36912879998639));
#9604=CARTESIAN_POINT('Ctrl Pts',(95.0010197828931,76.1068438737621,7.29806848776972));
#9605=CARTESIAN_POINT('Ctrl Pts',(95.6113002030074,77.4210158957752,7.22700817555305));
#9606=CARTESIAN_POINT('Ctrl Pts',(97.0452949234813,77.6287397138834,7.15594786333638));
#9607=CARTESIAN_POINT('Ctrl Pts',(97.7568948461121,76.8214206613243,7.1031701652107));
#9608=CARTESIAN_POINT('Ctrl Pts',(97.8112039754376,76.2985993132704,7.07407923782392));
#9609=CARTESIAN_POINT('Ctrl Pts',(97.8103238538969,76.2012953014746,7.06867508117602));
#9610=CARTESIAN_POINT('Ctrl Pts',(97.8092701131581,76.201178716187,7.55632491882398));
#9611=CARTESIAN_POINT('Ctrl Pts',(97.8070559855039,75.908935139259,7.54012776036598));
#9612=CARTESIAN_POINT('Ctrl Pts',(97.5642694205968,75.1859832428618,7.50024383116908));
#9613=CARTESIAN_POINT('Ctrl Pts',(96.3684583412241,74.6856985467326,7.43667313123331));
#9614=CARTESIAN_POINT('Ctrl Pts',(95.1692768253503,75.4989967279586,7.36561281901663));
#9615=CARTESIAN_POINT('Ctrl Pts',(95.1944080463207,76.9477405539409,7.29455250679997));
#9616=CARTESIAN_POINT('Ctrl Pts',(96.4210759979929,77.7189577501082,7.2234921945833));
#9617=CARTESIAN_POINT('Ctrl Pts',(97.5834729900792,77.1845531820399,7.16074966525797));
#9618=CARTESIAN_POINT('Ctrl Pts',(97.8071220468486,76.4767481499919,7.12169390667154));
#9619=CARTESIAN_POINT('Ctrl Pts',(97.8089205611704,76.1992573095967,7.10632491882399));
#9620=CARTESIAN_POINT('Origin',(96.520193040386,76.200152400305,9.99367508117602));
#9621=CARTESIAN_POINT('',(97.8123137003075,76.200025067396,8.00632491882398));
#9622=CARTESIAN_POINT('',(97.8083329496449,76.1997304191177,7.96867508117602));
#9623=CARTESIAN_POINT('',(97.810193040386,76.200152400305,9.99367508117602));
#9624=CARTESIAN_POINT('Ctrl Pts',(97.8083329496449,76.1997304191177,7.96867508117602));
#9625=CARTESIAN_POINT('Ctrl Pts',(97.8088882690598,76.0125615138298,7.95832048669059));
#9626=CARTESIAN_POINT('Ctrl Pts',(97.6834010119523,75.3979414672152,7.92427912146627));
#9627=CARTESIAN_POINT('Ctrl Pts',(96.7399274030309,74.6940612216048,7.86655098550306));
#9628=CARTESIAN_POINT('Ctrl Pts',(95.3794192325824,75.1925666881295,7.79549067328639));
#9629=CARTESIAN_POINT('Ctrl Pts',(95.0527752519936,76.6042302161086,7.72443036106973));
#9630=CARTESIAN_POINT('Ctrl Pts',(96.056027433484,77.6496847845256,7.65337004885305));
#9631=CARTESIAN_POINT('Ctrl Pts',(97.4303463025767,77.3907956791171,7.58478495555516));
#9632=CARTESIAN_POINT('Ctrl Pts',(97.809166805341,76.5802237625536,7.53988663299614));
#9633=CARTESIAN_POINT('Ctrl Pts',(97.8117770196948,76.1994153064971,7.51867508117602));
#9634=CARTESIAN_POINT('Ctrl Pts',(97.8123137003075,76.200025067396,8.00632491882398));
#9635=CARTESIAN_POINT('Ctrl Pts',(97.8123236239709,76.1930354129157,8.00593515553821));
#9636=CARTESIAN_POINT('Ctrl Pts',(97.8091197278994,75.7612784494231,7.98185862151354));
#9637=CARTESIAN_POINT('Ctrl Pts',(97.3316167150999,74.9124469330963,7.93409531674999));
#9638=CARTESIAN_POINT('Ctrl Pts',(95.8858275086733,74.8166155245499,7.86303500453331));
#9639=CARTESIAN_POINT('Ctrl Pts',(95.014953090955,75.9746604668875,7.79197469231665));
#9640=CARTESIAN_POINT('Ctrl Pts',(95.5082524563012,77.33706494442,7.72091438009998));
#9641=CARTESIAN_POINT('Ctrl Pts',(96.9186566067086,77.669104640597,7.64985406788331));
#9642=CARTESIAN_POINT('Ctrl Pts',(97.7287711326374,76.8976212825572,7.59499091412465));
#9643=CARTESIAN_POINT('Ctrl Pts',(97.8102939321023,76.3363129799188,7.56381453110487));
#9644=CARTESIAN_POINT('Ctrl Pts',(97.8092701131581,76.201178716187,7.55632491882398));
#9645=CARTESIAN_POINT('Origin',(96.520193040386,76.200152400305,9.99367508117602));
#9646=CARTESIAN_POINT('',(97.8089380269036,76.199249760058,8.45632491882398));
#9647=CARTESIAN_POINT('',(97.8102975911246,76.2012970297207,8.41867508117602));
#9648=CARTESIAN_POINT('',(97.810193040386,76.200152400305,9.99367508117602));
#9649=CARTESIAN_POINT('Ctrl Pts',(97.8102975911246,76.2012970297207,8.41867508117602));
#9650=CARTESIAN_POINT('Ctrl Pts',(97.8073309457064,75.8729700581913,8.40044111112393));
#9651=CARTESIAN_POINT('Ctrl Pts',(97.5135907255809,75.1134070621148,8.35852037033295));
#9652=CARTESIAN_POINT('Ctrl Pts',(96.2399570089258,74.704137575011,8.29291285880307));
#9653=CARTESIAN_POINT('Ctrl Pts',(95.1144421748799,75.6166642492027,8.2218525465864));
#9654=CARTESIAN_POINT('Ctrl Pts',(95.2629355766599,77.0579972351147,8.15079223436973));
#9655=CARTESIAN_POINT('Ctrl Pts',(96.550860464526,77.7218794485117,8.07973192215307));
#9656=CARTESIAN_POINT('Ctrl Pts',(97.6273711435579,77.1108667447725,8.01902620442183));
#9657=CARTESIAN_POINT('Ctrl Pts',(97.8076179417972,76.4407218783174,7.98200725742948));
#9658=CARTESIAN_POINT('Ctrl Pts',(97.8083329496449,76.1997304191177,7.96867508117602));
#9659=CARTESIAN_POINT('Ctrl Pts',(97.8089380269036,76.199249760058,8.45632491882398));
#9660=CARTESIAN_POINT('Ctrl Pts',(97.8099174681721,76.0499529311713,8.44805577997154));
#9661=CARTESIAN_POINT('Ctrl Pts',(97.7172236242612,75.4741750226193,8.41609987038021));
#9662=CARTESIAN_POINT('Ctrl Pts',(96.8704841653727,74.7189773520573,8.36045719004999));
#9663=CARTESIAN_POINT('Ctrl Pts',(95.4716767167761,75.0968813214501,8.28939687783332));
#9664=CARTESIAN_POINT('Ctrl Pts',(95.0231163535523,76.4746662341601,8.21833656561666));
#9665=CARTESIAN_POINT('Ctrl Pts',(95.9313342245755,77.6036615509832,8.14727625339999));
#9666=CARTESIAN_POINT('Ctrl Pts',(97.3653149733602,77.4614653756542,8.0766057044691));
#9667=CARTESIAN_POINT('Ctrl Pts',(97.8117205411551,76.6178120639205,8.0296219262771));
#9668=CARTESIAN_POINT('Ctrl Pts',(97.8123137003075,76.200025067396,8.00632491882398));
#9669=CARTESIAN_POINT('Origin',(96.520193040386,76.200152400305,9.99367508117602));
#9670=CARTESIAN_POINT('',(97.8088472370038,76.2012917479597,8.90632491882398));
#9671=CARTESIAN_POINT('',(97.8117903279068,76.1994499412919,8.86867508117601));
#9672=CARTESIAN_POINT('',(97.810193040386,76.200152400305,9.99367508117602));
#9673=CARTESIAN_POINT('',(96.8553728679093,77.445846778241,9.));
#9674=CARTESIAN_POINT('Ctrl Pts',(96.8553728679093,77.445846778241,9.));
#9675=CARTESIAN_POINT('Ctrl Pts',(97.2673610093277,77.3349928508025,8.97631322926111));
#9676=CARTESIAN_POINT('Ctrl Pts',(97.7276532820987,76.8991335434879,8.94508820220244));
#9677=CARTESIAN_POINT('Ctrl Pts',(97.8098266576163,76.337286550026,8.91386317514377));
#9678=CARTESIAN_POINT('Ctrl Pts',(97.8088472370038,76.2012917479597,8.90632491882399));
#9679=CARTESIAN_POINT('',(96.1841035466422,77.4478924633352,9.00000000000001));
#9680=CARTESIAN_POINT('Origin',(96.520193040386,76.200152400305,9.));
#9681=CARTESIAN_POINT('Ctrl Pts',(96.1840980299223,77.447904869503,9.));
#9682=CARTESIAN_POINT('Ctrl Pts',(96.5744383850918,77.5514545611698,8.9774852229177));
#9683=CARTESIAN_POINT('Ctrl Pts',(97.4389020657643,77.3710029836744,8.93371024997638));
#9684=CARTESIAN_POINT('Ctrl Pts',(97.8092254343219,76.5810562350446,8.88993527703503));
#9685=CARTESIAN_POINT('Ctrl Pts',(97.8117903279068,76.1994499412919,8.86867508117601));
#9686=CARTESIAN_POINT('Origin',(123.694259588519,85.49588519177,14.390037486011));
#9687=CARTESIAN_POINT('',(121.994259588519,82.99588519177,14.3900374860107));
#9688=CARTESIAN_POINT('',(122.500111057246,82.99588519177,15.6));
#9689=CARTESIAN_POINT('Origin',(123.694259588519,82.99588519177,14.390037486011));
#9690=CARTESIAN_POINT('',(121.994259588519,85.49588519177,14.3900374860107));
#9691=CARTESIAN_POINT('',(121.994259588519,85.49588519177,14.3900374860107));
#9692=CARTESIAN_POINT('',(123.694259588519,85.49588519177,16.090037486011));
#9693=CARTESIAN_POINT('Origin',(123.694259588519,85.49588519177,14.390037486011));
#9694=CARTESIAN_POINT('',(123.694259588519,83.69588519177,16.090037486011));
#9695=CARTESIAN_POINT('',(123.694259588519,85.49588519177,16.090037486011));
#9696=CARTESIAN_POINT('',(122.500111057246,83.69588519177,15.6));
#9697=CARTESIAN_POINT('Origin',(123.694259588519,83.69588519177,14.390037486011));
#9698=CARTESIAN_POINT('',(122.500111057246,85.49588519177,15.6));
#9699=CARTESIAN_POINT('Origin',(135.894259588519,85.49588519177,16.090037486011));
#9700=CARTESIAN_POINT('',(135.894259588519,83.69588519177,16.090037486011));
#9701=CARTESIAN_POINT('',(112.300690881382,83.69588519177,16.090037486011));
#9702=CARTESIAN_POINT('',(135.894259588519,85.49588519177,16.090037486011));
#9703=CARTESIAN_POINT('',(146.071874559483,85.49588519177,16.090037486011));
#9704=CARTESIAN_POINT('',(135.894259588519,85.49588519177,16.090037486011));
#9705=CARTESIAN_POINT('Origin',(135.894259588519,85.49588519177,14.390037486011));
#9706=CARTESIAN_POINT('',(137.088408119792,83.69588519177,15.6));
#9707=CARTESIAN_POINT('Origin',(135.894259588519,83.69588519177,14.390037486011));
#9708=CARTESIAN_POINT('',(137.594259588519,85.49588519177,14.3900374860145));
#9709=CARTESIAN_POINT('Origin',(135.894259588519,85.49588519177,14.390037486011));
#9710=CARTESIAN_POINT('',(137.594259588519,82.99588519177,14.3900374860145));
#9711=CARTESIAN_POINT('',(137.594259588519,85.49588519177,14.3900374860145));
#9712=CARTESIAN_POINT('',(137.088408119792,82.99588519177,15.6));
#9713=CARTESIAN_POINT('Origin',(135.894259588519,82.99588519177,14.390037486011));
#9714=CARTESIAN_POINT('',(137.088408119792,85.49588519177,15.6));
#9715=CARTESIAN_POINT('Origin',(123.694259588519,85.49588519177,7.990037486012));
#9716=CARTESIAN_POINT('',(135.894259588519,82.99588519177,7.99003748601299));
#9717=CARTESIAN_POINT('',(123.694259588519,82.99588519177,7.990037486012));
#9718=CARTESIAN_POINT('',(106.550690881382,82.99588519177,7.9900374860106));
#9719=CARTESIAN_POINT('',(135.894259588519,85.49588519177,7.99003748601299));
#9720=CARTESIAN_POINT('',(135.894259588519,85.49588519177,7.99003748601299));
#9721=CARTESIAN_POINT('',(123.694259588519,85.49588519177,7.990037486012));
#9722=CARTESIAN_POINT('',(139.971874559483,85.49588519177,7.99003748601333));
#9723=CARTESIAN_POINT('',(123.694259588519,85.49588519177,7.990037486012));
#9724=CARTESIAN_POINT('Origin',(123.694259588519,85.49588519177,9.69003748601203));
#9725=CARTESIAN_POINT('',(121.994259588519,82.99588519177,9.69003748601194));
#9726=CARTESIAN_POINT('Origin',(123.694259588519,82.99588519177,9.69003748601203));
#9727=CARTESIAN_POINT('',(121.994259588519,85.49588519177,9.69003748601194));
#9728=CARTESIAN_POINT('Origin',(123.694259588519,85.49588519177,9.69003748601203));
#9729=CARTESIAN_POINT('',(121.994259588519,85.49588519177,9.69003748601194));
#9730=CARTESIAN_POINT('Origin',(121.994259588519,85.49588519177,14.3900374860107));
#9731=CARTESIAN_POINT('',(121.994259588519,82.99588519177,12.1950187430054));
#9732=CARTESIAN_POINT('',(121.994259588519,85.49588519177,12.1950187430054));
#9733=CARTESIAN_POINT('Origin',(137.594259588518,85.49588519177,9.69003748601174));
#9734=CARTESIAN_POINT('',(137.594259588518,82.99588519177,9.69003748601174));
#9735=CARTESIAN_POINT('',(137.594259588518,82.99588519177,9.84501874300059));
#9736=CARTESIAN_POINT('',(137.594259588518,85.49588519177,9.69003748601174));
#9737=CARTESIAN_POINT('',(137.594259588518,85.49588519177,9.84501874300792));
#9738=CARTESIAN_POINT('',(137.594259588518,85.49588519177,9.69003748601174));
#9739=CARTESIAN_POINT('Origin',(135.894259588519,85.49588519177,9.69003748601201));
#9740=CARTESIAN_POINT('Origin',(135.894259588519,82.99588519177,9.69003748601201));
#9741=CARTESIAN_POINT('Origin',(135.894259588519,85.49588519177,9.69003748601201));
#9742=CARTESIAN_POINT('Origin',(105.533223266447,85.49588519177,14.390037486011));
#9743=CARTESIAN_POINT('',(103.833223266447,82.99588519177,14.3900374860107));
#9744=CARTESIAN_POINT('',(104.339074735174,82.99588519177,15.6));
#9745=CARTESIAN_POINT('Origin',(105.533223266447,82.99588519177,14.390037486011));
#9746=CARTESIAN_POINT('',(103.833223266447,85.49588519177,14.3900374860107));
#9747=CARTESIAN_POINT('',(103.833223266447,85.49588519177,14.3900374860107));
#9748=CARTESIAN_POINT('',(105.533223266447,85.49588519177,16.090037486011));
#9749=CARTESIAN_POINT('Origin',(105.533223266447,85.49588519177,14.390037486011));
#9750=CARTESIAN_POINT('',(105.533223266447,83.69588519177,16.090037486011));
#9751=CARTESIAN_POINT('',(105.533223266447,85.49588519177,16.090037486011));
#9752=CARTESIAN_POINT('',(104.339074735174,83.69588519177,15.6));
#9753=CARTESIAN_POINT('Origin',(105.533223266447,83.69588519177,14.390037486011));
#9754=CARTESIAN_POINT('',(104.339074735174,85.49588519177,15.6));
#9755=CARTESIAN_POINT('Origin',(117.733223266447,85.49588519177,16.090037486011));
#9756=CARTESIAN_POINT('',(117.733223266447,83.69588519177,16.090037486011));
#9757=CARTESIAN_POINT('',(103.220172720346,83.69588519177,16.090037486011));
#9758=CARTESIAN_POINT('',(117.733223266447,85.49588519177,16.090037486011));
#9759=CARTESIAN_POINT('',(136.991356398447,85.49588519177,16.090037486011));
#9760=CARTESIAN_POINT('',(117.733223266447,85.49588519177,16.090037486011));
#9761=CARTESIAN_POINT('Origin',(117.733223266447,85.49588519177,14.390037486011));
#9762=CARTESIAN_POINT('',(118.92737179772,83.69588519177,15.6));
#9763=CARTESIAN_POINT('Origin',(117.733223266447,83.69588519177,14.390037486011));
#9764=CARTESIAN_POINT('',(119.433223266447,85.49588519177,14.3900374860145));
#9765=CARTESIAN_POINT('Origin',(117.733223266447,85.49588519177,14.390037486011));
#9766=CARTESIAN_POINT('',(119.433223266447,82.99588519177,14.3900374860145));
#9767=CARTESIAN_POINT('',(119.433223266447,85.49588519177,14.3900374860145));
#9768=CARTESIAN_POINT('',(118.92737179772,82.99588519177,15.6));
#9769=CARTESIAN_POINT('Origin',(117.733223266447,82.99588519177,14.390037486011));
#9770=CARTESIAN_POINT('',(118.92737179772,85.49588519177,15.6));
#9771=CARTESIAN_POINT('Origin',(105.533223266447,85.49588519177,7.990037486012));
#9772=CARTESIAN_POINT('',(117.733223266447,82.99588519177,7.99003748601299));
#9773=CARTESIAN_POINT('',(105.533223266447,82.99588519177,7.990037486012));
#9774=CARTESIAN_POINT('',(97.4701727203456,82.99588519177,7.99003748601134));
#9775=CARTESIAN_POINT('',(117.733223266447,85.49588519177,7.99003748601299));
#9776=CARTESIAN_POINT('',(117.733223266447,85.49588519177,7.99003748601299));
#9777=CARTESIAN_POINT('',(105.533223266447,85.49588519177,7.990037486012));
#9778=CARTESIAN_POINT('',(130.891356398447,85.49588519177,7.99003748601407));
#9779=CARTESIAN_POINT('',(105.533223266447,85.49588519177,7.990037486012));
#9780=CARTESIAN_POINT('Origin',(105.533223266447,85.49588519177,9.69003748601203));
#9781=CARTESIAN_POINT('',(103.833223266447,82.99588519177,9.69003748601194));
#9782=CARTESIAN_POINT('Origin',(105.533223266447,82.99588519177,9.69003748601203));
#9783=CARTESIAN_POINT('',(103.833223266447,85.49588519177,9.69003748601194));
#9784=CARTESIAN_POINT('Origin',(105.533223266447,85.49588519177,9.69003748601203));
#9785=CARTESIAN_POINT('',(103.833223266447,85.49588519177,9.69003748601194));
#9786=CARTESIAN_POINT('Origin',(103.833223266447,85.49588519177,14.3900374860107));
#9787=CARTESIAN_POINT('',(103.833223266447,82.99588519177,12.1950187430054));
#9788=CARTESIAN_POINT('',(103.833223266447,85.49588519177,12.1950187430054));
#9789=CARTESIAN_POINT('Origin',(119.433223266446,85.49588519177,9.69003748601174));
#9790=CARTESIAN_POINT('',(119.433223266446,82.99588519177,9.69003748601174));
#9791=CARTESIAN_POINT('',(119.433223266446,82.99588519177,9.84501874300258));
#9792=CARTESIAN_POINT('',(119.433223266446,85.49588519177,9.69003748601174));
#9793=CARTESIAN_POINT('',(119.433223266446,85.49588519177,9.84501874300991));
#9794=CARTESIAN_POINT('',(119.433223266446,85.49588519177,9.69003748601174));
#9795=CARTESIAN_POINT('Origin',(117.733223266447,85.49588519177,9.69003748601201));
#9796=CARTESIAN_POINT('Origin',(117.733223266447,82.99588519177,9.69003748601201));
#9797=CARTESIAN_POINT('Origin',(117.733223266447,85.49588519177,9.69003748601201));
#9798=CARTESIAN_POINT('Origin',(88.707122174244,83.69588519177,17.));
#9799=CARTESIAN_POINT('',(154.427047705156,83.69588519177,15.6));
#9800=CARTESIAN_POINT('',(88.707122174244,83.69588519177,15.6));
#9801=CARTESIAN_POINT('',(154.427047705156,83.69588519177,17.));
#9802=CARTESIAN_POINT('',(154.427047705156,83.69588519177,17.));
#9803=CARTESIAN_POINT('',(88.707122174244,83.69588519177,17.));
#9804=CARTESIAN_POINT('',(104.967778223475,83.69588519177,17.));
#9805=CARTESIAN_POINT('',(88.707122174244,83.69588519177,15.6));
#9806=CARTESIAN_POINT('',(88.707122174244,83.69588519177,17.));
#9807=CARTESIAN_POINT('',(88.707122174244,83.69588519177,15.6));
#9808=CARTESIAN_POINT('',(88.707122174244,83.69588519177,15.6));
#9809=CARTESIAN_POINT('Origin',(121.217213357861,42.4585077470155,15.6));
#9810=CARTESIAN_POINT('',(151.218320328654,82.99588519177,15.6));
#9811=CARTESIAN_POINT('',(105.312167766052,82.99588519177,15.6));
#9812=CARTESIAN_POINT('',(153.718320328654,82.99588519177,15.6));
#9813=CARTESIAN_POINT('',(105.312167766052,82.99588519177,15.6));
#9814=CARTESIAN_POINT('',(153.687345415775,80.4960770881804,15.6));
#9815=CARTESIAN_POINT('',(153.464716615409,62.5289796043425,15.6));
#9816=CARTESIAN_POINT('',(153.507369590112,65.971257302515,15.6));
#9817=CARTESIAN_POINT('',(153.464716615409,62.5289796043425,15.6));
#9818=CARTESIAN_POINT('',(144.719390388794,65.9712573025255,15.6));
#9819=CARTESIAN_POINT('',(137.362291473986,65.971257302515,15.6));
#9820=CARTESIAN_POINT('',(142.989513240056,65.964942016021,15.6));
#9821=CARTESIAN_POINT('Origin',(144.719578306824,-171.006509313216,15.6));
#9822=CARTESIAN_POINT('',(144.902778105585,63.912648330236,15.6));
#9823=CARTESIAN_POINT('Origin',(114.89726596787,37.857777818059,15.6));
#9824=CARTESIAN_POINT('',(146.955635754591,61.3481232816571,15.6));
#9825=CARTESIAN_POINT('Origin',(113.89493756564,36.987510946396,15.6));
#9826=CARTESIAN_POINT('',(148.589573809231,58.8396661190934,15.6));
#9827=CARTESIAN_POINT('Origin',(126.05593421311,45.948269655586,15.6));
#9828=CARTESIAN_POINT('',(152.442779543078,48.2887538058582,15.6));
#9829=CARTESIAN_POINT('Origin',(119.69057792135,42.306664610471,15.6));
#9830=CARTESIAN_POINT('',(152.4969162682,37.1632094579794,15.6));
#9831=CARTESIAN_POINT('Origin',(121.15198470652,42.573589398485,15.6));
#9832=CARTESIAN_POINT('',(148.717042532903,26.7069849672634,15.6));
#9833=CARTESIAN_POINT('Origin',(121.20138756033,42.565074061938,15.6));
#9834=CARTESIAN_POINT('',(142.531028061061,18.9507229374653,15.6));
#9835=CARTESIAN_POINT('Origin',(120.03554058426,43.236983280311,15.6));
#9836=CARTESIAN_POINT('',(144.269326827706,18.9457556515102,15.6));
#9837=CARTESIAN_POINT('Origin',(144.269315968689,323.102749124196,15.6));
#9838=CARTESIAN_POINT('',(153.507369585378,18.9457556515112,15.6));
#9839=CARTESIAN_POINT('',(132.743270092785,18.9457556515089,15.6));
#9840=CARTESIAN_POINT('',(153.687343729976,4.42107436213254,15.6));
#9841=CARTESIAN_POINT('',(153.359241196364,30.9003486023079,15.6));
#9842=CARTESIAN_POINT('',(153.718320333507,1.921130302261,15.6));
#9843=CARTESIAN_POINT('',(153.359241196364,30.9003486023079,15.6));
#9844=CARTESIAN_POINT('',(151.21827370383,1.921130302261,15.6));
#9845=CARTESIAN_POINT('',(137.467766845684,1.921130302261,15.6));
#9846=CARTESIAN_POINT('',(91.907122174244,1.921130302261,15.6));
#9847=CARTESIAN_POINT('',(137.467766845684,1.921130302261,15.6));
#9848=CARTESIAN_POINT('',(89.407122174244,1.921130302261,15.6));
#9849=CARTESIAN_POINT('',(137.467766845684,1.921130302261,15.6));
#9850=CARTESIAN_POINT('',(89.407122174244,4.421130302261,15.6));
#9851=CARTESIAN_POINT('',(89.407122174244,22.1898190246382,15.6));
#9852=CARTESIAN_POINT('',(89.407122174244,19.1441768648043,15.6));
#9853=CARTESIAN_POINT('',(89.407122174244,22.1898190246382,15.6));
#9854=CARTESIAN_POINT('',(98.0206423812532,19.0317433429871,15.6));
#9855=CARTESIAN_POINT('',(105.157321512899,18.9385872407572,15.6));
#9856=CARTESIAN_POINT('',(99.0073941466288,19.0205112441366,15.6));
#9857=CARTESIAN_POINT('Origin',(101.8750560914,314.296855754481,15.6));
#9858=CARTESIAN_POINT('',(98.0482848448142,19.9754566248821,15.6));
#9859=CARTESIAN_POINT('Origin',(136.26842322811,57.403130808338,15.6));
#9860=CARTESIAN_POINT('',(95.8138242794257,22.4032939857454,15.6));
#9861=CARTESIAN_POINT('Origin',(136.10519217741,57.243300125589,15.6));
#9862=CARTESIAN_POINT('',(94.1790314278225,24.5689860925143,15.6));
#9863=CARTESIAN_POINT('Origin',(111.28935204508,35.785005568861,15.6));
#9864=CARTESIAN_POINT('',(91.6743843951359,28.9365347110715,15.6));
#9865=CARTESIAN_POINT('Origin',(129.54938990155,47.75467698853,15.6));
#9866=CARTESIAN_POINT('',(89.970091170409,33.2290713955954,15.6));
#9867=CARTESIAN_POINT('Origin',(116.56736008921,41.304553207461,15.6));
#9868=CARTESIAN_POINT('',(89.0138467254328,37.7057470746331,15.6));
#9869=CARTESIAN_POINT('Origin',(115.97108736775,41.123505792532,15.6));
#9870=CARTESIAN_POINT('',(88.7074135118901,42.611164135133,15.6));
#9871=CARTESIAN_POINT('Origin',(127.29772210621,42.559556565628,15.6));
#9872=CARTESIAN_POINT('',(88.8856538271727,46.6354366290497,15.6));
#9873=CARTESIAN_POINT('Origin',(135.6428294901,42.548416400103,15.6));
#9874=CARTESIAN_POINT('',(89.4418739327312,50.1358841076551,15.6));
#9875=CARTESIAN_POINT('Origin',(113.98639626576,44.441351164924,15.6));
#9876=CARTESIAN_POINT('',(90.4806145516328,53.5057851429043,15.6));
#9877=CARTESIAN_POINT('Origin',(113.64486890217,44.520577828487,15.6));
#9878=CARTESIAN_POINT('',(92.0803692506481,57.1396834699754,15.6));
#9879=CARTESIAN_POINT('Origin',(131.92206075202,37.431055758317,15.6));
#9880=CARTESIAN_POINT('',(93.8920002037887,60.2896751576338,15.6));
#9881=CARTESIAN_POINT('Origin',(118.13314848128,44.252095779733,15.6));
#9882=CARTESIAN_POINT('',(96.1210741936317,63.2778434692944,15.6));
#9883=CARTESIAN_POINT('Origin',(121.44991836988,42.057878096389,15.6));
#9884=CARTESIAN_POINT('',(98.5423505626602,65.8860067869531,15.6));
#9885=CARTESIAN_POINT('Origin',(122.92930067149,40.818522269389,15.6));
#9886=CARTESIAN_POINT('',(89.407122174244,65.7453572086355,15.6));
#9887=CARTESIAN_POINT('',(109.696788306043,66.0577449086805,15.6));
#9888=CARTESIAN_POINT('',(89.407122174244,80.49588519177,15.6));
#9889=CARTESIAN_POINT('',(89.407122174244,54.1019324778255,15.6));
#9890=CARTESIAN_POINT('',(89.407122174244,82.99588519177,15.6));
#9891=CARTESIAN_POINT('',(89.407122174244,54.1019324778255,15.6));
#9892=CARTESIAN_POINT('',(91.907122174244,82.99588519177,15.6));
#9893=CARTESIAN_POINT('',(105.312167766052,82.99588519177,15.6));
#9894=CARTESIAN_POINT('',(105.312167766052,82.99588519177,15.6));
#9895=CARTESIAN_POINT('',(88.707122174244,65.0344967704045,15.6));
#9896=CARTESIAN_POINT('',(88.707122174244,65.0344967704045,15.6));
#9897=CARTESIAN_POINT('',(96.8514954803927,65.1598907531763,15.6));
#9898=CARTESIAN_POINT('',(96.8514954803927,65.1598907531763,15.6));
#9899=CARTESIAN_POINT('',(95.5844938427707,63.7273782589046,15.6));
#9900=CARTESIAN_POINT('Origin',(122.92930067149,40.818522269389,15.6));
#9901=CARTESIAN_POINT('',(93.3081983265139,60.6759074298358,15.6));
#9902=CARTESIAN_POINT('Origin',(121.44991836988,42.057878096389,15.6));
#9903=CARTESIAN_POINT('',(91.4529388185086,57.4500559120916,15.6));
#9904=CARTESIAN_POINT('Origin',(118.13314848128,44.252095779733,15.6));
#9905=CARTESIAN_POINT('',(89.8279913512735,53.7589312634608,15.6));
#9906=CARTESIAN_POINT('Origin',(131.92206075202,37.431055758317,15.6));
#9907=CARTESIAN_POINT('',(88.7599857529965,50.2940881225793,15.6));
#9908=CARTESIAN_POINT('Origin',(113.64486890217,44.520577828487,15.6));
#9909=CARTESIAN_POINT('',(88.1883128491251,46.6963920253778,15.6));
#9910=CARTESIAN_POINT('Origin',(113.98639626576,44.441351164924,15.6));
#9911=CARTESIAN_POINT('',(88.0074141374404,42.6120999609769,15.6));
#9912=CARTESIAN_POINT('Origin',(135.6428294901,42.548416400103,15.6));
#9913=CARTESIAN_POINT('',(88.3194058209928,37.6177025958706,15.6));
#9914=CARTESIAN_POINT('Origin',(127.29772210621,42.559556565628,15.6));
#9915=CARTESIAN_POINT('',(89.3002838957552,33.0257042034996,15.6));
#9916=CARTESIAN_POINT('Origin',(115.97108736775,41.123505792532,15.6));
#9917=CARTESIAN_POINT('',(91.0474969101667,28.6250670864476,15.6));
#9918=CARTESIAN_POINT('Origin',(116.56736008921,41.304553207461,15.6));
#9919=CARTESIAN_POINT('',(93.5935997593837,24.1852286670631,15.6));
#9920=CARTESIAN_POINT('Origin',(129.54938990155,47.75467698853,15.6));
#9921=CARTESIAN_POINT('',(95.2843272539822,21.9454371303347,15.6));
#9922=CARTESIAN_POINT('Origin',(111.28935204508,35.785005568861,15.6));
#9923=CARTESIAN_POINT('',(97.2995770264063,19.7412151451434,15.6));
#9924=CARTESIAN_POINT('Origin',(136.10519217741,57.243300125589,15.6));
#9925=CARTESIAN_POINT('',(88.707122174244,19.853373697845,15.6));
#9926=CARTESIAN_POINT('',(88.707122174244,19.853373697845,15.6));
#9927=CARTESIAN_POINT('',(88.707122174244,1.221130302261,15.6));
#9928=CARTESIAN_POINT('',(88.707122174244,1.221130302261,15.6));
#9929=CARTESIAN_POINT('',(154.427047711719,1.221130302261,15.6));
#9930=CARTESIAN_POINT('',(154.427047711719,1.221130302261,15.6));
#9931=CARTESIAN_POINT('',(154.198749677448,19.6457556515113,15.6));
#9932=CARTESIAN_POINT('',(154.198749677448,19.6457556515113,15.6));
#9933=CARTESIAN_POINT('',(144.269326827652,19.6457556515101,15.6));
#9934=CARTESIAN_POINT('',(144.269326827702,19.6457556515102,15.6));
#9935=CARTESIAN_POINT('',(144.246259367323,19.6457565274279,15.6));
#9936=CARTESIAN_POINT('Origin',(144.269315968684,323.102749123602,15.6));
#9937=CARTESIAN_POINT('',(149.323528183951,26.3574493395038,15.6));
#9938=CARTESIAN_POINT('Origin',(120.03554058426,43.236983280311,15.6));
#9939=CARTESIAN_POINT('',(153.186715884406,37.0441443939125,15.6));
#9940=CARTESIAN_POINT('Origin',(121.20138756033,42.565074061938,15.6));
#9941=CARTESIAN_POINT('',(153.131387830887,48.4145259250283,15.6));
#9942=CARTESIAN_POINT('Origin',(121.15198470652,42.573589398485,15.6));
#9943=CARTESIAN_POINT('',(149.197169229362,59.1872690613074,15.6));
#9944=CARTESIAN_POINT('Origin',(119.69057792135,42.306664610471,15.6));
#9945=CARTESIAN_POINT('',(147.519173893736,61.763363893506,15.6));
#9946=CARTESIAN_POINT('Origin',(126.05593421311,45.948269655586,15.6));
#9947=CARTESIAN_POINT('',(145.431324275883,64.3716025173434,15.6));
#9948=CARTESIAN_POINT('Origin',(113.89493756564,36.987510946396,15.6));
#9949=CARTESIAN_POINT('',(144.626271494481,65.2712388790266,15.6));
#9950=CARTESIAN_POINT('Origin',(114.89726596787,37.857777818059,15.6));
#9951=CARTESIAN_POINT('',(144.719390943878,65.2712573025258,15.6));
#9952=CARTESIAN_POINT('Origin',(144.719578306841,-171.006509318304,15.6));
#9953=CARTESIAN_POINT('',(154.198749683849,65.2712573025142,15.6));
#9954=CARTESIAN_POINT('',(154.198749683849,65.2712573025142,15.6));
#9955=CARTESIAN_POINT('',(154.427047705156,83.69588519177,15.6));
#9956=CARTESIAN_POINT('Origin',(121.217213357861,42.4585077470155,15.6));
#9957=CARTESIAN_POINT('',(105.312167766052,82.99588519177,15.6));
#9958=CARTESIAN_POINT('Origin',(140.798288036577,-0.578869697739001,13.850043103791));
#9959=CARTESIAN_POINT('',(147.238288036575,1.921130302261,13.850043103791));
#9960=CARTESIAN_POINT('',(140.798288036577,1.921130302261,13.850043103791));
#9961=CARTESIAN_POINT('',(147.258304185042,1.921130302261,13.850043103791));
#9962=CARTESIAN_POINT('',(147.238288036575,-0.578869697739001,13.850043103791));
#9963=CARTESIAN_POINT('',(147.238288036575,-0.578869697739001,13.850043103791));
#9964=CARTESIAN_POINT('',(140.798288036577,-0.578869697739001,13.850043103791));
#9965=CARTESIAN_POINT('',(113.852705105411,-0.578869697739001,13.850043103791));
#9966=CARTESIAN_POINT('',(140.798288036577,-0.578869697739001,13.850043103791));
#9967=CARTESIAN_POINT('Origin',(140.798288036577,-0.578869697739001,11.100043103791));
#9968=CARTESIAN_POINT('',(138.048288036577,1.921130302261,11.1000431037933));
#9969=CARTESIAN_POINT('Origin',(140.798288036577,1.921130302261,11.100043103791));
#9970=CARTESIAN_POINT('',(138.048288036577,-0.578869697739001,11.1000431037933));
#9971=CARTESIAN_POINT('Origin',(140.798288036577,-0.578869697739,11.100043103791));
#9972=CARTESIAN_POINT('',(138.048288036577,-0.578869697739001,11.1000431037933));
#9973=CARTESIAN_POINT('Origin',(138.048288036577,-0.578869697739001,10.440043103792));
#9974=CARTESIAN_POINT('',(138.048288036577,1.921130302261,10.440043103792));
#9975=CARTESIAN_POINT('',(138.048288036577,1.921130302261,10.2200215519078));
#9976=CARTESIAN_POINT('',(138.048288036577,-0.578869697739001,10.440043103792));
#9977=CARTESIAN_POINT('',(138.048288036577,-0.578869697739001,10.2200215518574));
#9978=CARTESIAN_POINT('',(138.048288036577,-0.578869697739001,10.440043103792));
#9979=CARTESIAN_POINT('Origin',(140.798288036577,-0.578869697739001,10.440043103792));
#9980=CARTESIAN_POINT('',(140.798288036576,1.921130302261,7.69004310379202));
#9981=CARTESIAN_POINT('Origin',(140.798288036577,1.921130302261,10.440043103792));
#9982=CARTESIAN_POINT('',(140.798288036576,-0.578869697739001,7.69004310379202));
#9983=CARTESIAN_POINT('Origin',(140.798288036577,-0.578869697739,10.440043103792));
#9984=CARTESIAN_POINT('',(140.798288036576,-0.578869697739001,7.69004310379202));
#9985=CARTESIAN_POINT('Origin',(147.238288036577,-0.578869697739001,7.690043103792));
#9986=CARTESIAN_POINT('',(147.238288036577,1.921130302261,7.690043103792));
#9987=CARTESIAN_POINT('',(150.478304185042,1.921130302261,7.69004310379149));
#9988=CARTESIAN_POINT('',(147.238288036577,-0.578869697739001,7.690043103792));
#9989=CARTESIAN_POINT('',(117.07270510541,-0.578869697739001,7.69004310379676));
#9990=CARTESIAN_POINT('',(147.238288036577,-0.578869697739001,7.690043103792));
#9991=CARTESIAN_POINT('Origin',(147.238288036575,-0.578869697739001,10.440043103792));
#9992=CARTESIAN_POINT('',(149.988288036575,1.921130302261,10.4400431037897));
#9993=CARTESIAN_POINT('Origin',(147.238288036575,1.921130302261,10.440043103792));
#9994=CARTESIAN_POINT('',(149.988288036575,-0.578869697739001,10.4400431037897));
#9995=CARTESIAN_POINT('Origin',(147.238288036575,-0.578869697739,10.440043103792));
#9996=CARTESIAN_POINT('',(149.988288036575,-0.578869697739001,10.4400431037897));
#9997=CARTESIAN_POINT('Origin',(149.988288036575,-0.578869697739001,11.100043103791));
#9998=CARTESIAN_POINT('',(149.988288036575,1.921130302261,11.100043103791));
#9999=CARTESIAN_POINT('',(149.988288036574,1.921130302261,10.5500215518983));
#10000=CARTESIAN_POINT('',(149.988288036575,-0.578869697739001,11.100043103791));
#10001=CARTESIAN_POINT('',(149.988288036574,-0.578869697739002,10.550021551848));
#10002=CARTESIAN_POINT('',(149.988288036575,-0.578869697739001,11.100043103791));
#10003=CARTESIAN_POINT('Origin',(147.238288036575,-0.578869697739001,11.100043103791));
#10004=CARTESIAN_POINT('Origin',(147.238288036575,1.921130302261,11.100043103791));
#10005=CARTESIAN_POINT('Origin',(147.238288036575,-0.578869697739,11.100043103791));
#10006=CARTESIAN_POINT('Origin',(101.899197358396,-0.578869697739001,7.690043103792));
#10007=CARTESIAN_POINT('',(95.4591973583948,1.921130302261,7.69004310379202));
#10008=CARTESIAN_POINT('',(101.899197358396,1.921130302261,7.690043103792));
#10009=CARTESIAN_POINT('',(127.808758845952,1.921130302261,7.69004310378791));
#10010=CARTESIAN_POINT('',(95.4591973583948,-0.578869697739001,7.69004310379202));
#10011=CARTESIAN_POINT('',(95.4591973583948,-0.578869697739001,7.69004310379202));
#10012=CARTESIAN_POINT('',(101.899197358396,-0.578869697739001,7.690043103792));
#10013=CARTESIAN_POINT('',(94.4031597663199,-0.578869697739,7.69004310379318));
#10014=CARTESIAN_POINT('',(101.899197358396,-0.578869697739001,7.690043103792));
#10015=CARTESIAN_POINT('Origin',(101.899197358394,-0.578869697739001,10.440043103792));
#10016=CARTESIAN_POINT('',(104.649197358394,1.921130302261,10.4400431037897));
#10017=CARTESIAN_POINT('Origin',(101.899197358394,1.921130302261,10.440043103792));
#10018=CARTESIAN_POINT('',(104.649197358394,-0.578869697739001,10.4400431037897));
#10019=CARTESIAN_POINT('Origin',(101.899197358394,-0.578869697739,10.440043103792));
#10020=CARTESIAN_POINT('',(104.649197358394,-0.578869697739001,10.4400431037897));
#10021=CARTESIAN_POINT('Origin',(104.649197358394,-0.578869697739001,11.100043103791));
#10022=CARTESIAN_POINT('',(104.649197358394,1.921130302261,11.100043103791));
#10023=CARTESIAN_POINT('',(104.649197358393,1.921130302261,10.5500215519325));
#10024=CARTESIAN_POINT('',(104.649197358394,-0.578869697739001,11.100043103791));
#10025=CARTESIAN_POINT('',(104.649197358393,-0.578869697739001,10.5500215518821));
#10026=CARTESIAN_POINT('',(104.649197358394,-0.578869697739001,11.100043103791));
#10027=CARTESIAN_POINT('Origin',(101.899197358394,-0.578869697739001,11.100043103791));
#10028=CARTESIAN_POINT('',(101.899197358394,1.921130302261,13.850043103791));
#10029=CARTESIAN_POINT('Origin',(101.899197358394,1.921130302261,11.100043103791));
#10030=CARTESIAN_POINT('',(101.899197358394,-0.578869697739001,13.850043103791));
#10031=CARTESIAN_POINT('Origin',(101.899197358394,-0.578869697739,11.100043103791));
#10032=CARTESIAN_POINT('',(101.899197358394,-0.578869697739001,13.850043103791));
#10033=CARTESIAN_POINT('Origin',(95.459197358396,-0.578869697739001,13.850043103791));
#10034=CARTESIAN_POINT('',(95.459197358396,1.921130302261,13.850043103791));
#10035=CARTESIAN_POINT('',(124.588758845952,1.921130302261,13.850043103791));
#10036=CARTESIAN_POINT('',(95.459197358396,-0.578869697739001,13.850043103791));
#10037=CARTESIAN_POINT('',(91.18315976632,-0.578869697739,13.850043103791));
#10038=CARTESIAN_POINT('',(95.459197358396,-0.578869697739001,13.850043103791));
#10039=CARTESIAN_POINT('Origin',(95.459197358396,-0.578869697739001,11.100043103791));
#10040=CARTESIAN_POINT('',(92.709197358396,1.921130302261,11.1000431037933));
#10041=CARTESIAN_POINT('Origin',(95.459197358396,1.921130302261,11.100043103791));
#10042=CARTESIAN_POINT('',(92.709197358396,-0.578869697739001,11.1000431037933));
#10043=CARTESIAN_POINT('Origin',(95.459197358396,-0.578869697739,11.100043103791));
#10044=CARTESIAN_POINT('',(92.709197358396,-0.578869697739001,11.1000431037933));
#10045=CARTESIAN_POINT('Origin',(92.709197358396,-0.578869697739001,10.440043103792));
#10046=CARTESIAN_POINT('',(92.709197358396,1.921130302261,10.440043103792));
#10047=CARTESIAN_POINT('',(92.7091973583957,1.921130302261,10.220021551942));
#10048=CARTESIAN_POINT('',(92.709197358396,-0.578869697739001,10.440043103792));
#10049=CARTESIAN_POINT('',(92.7091973583957,-0.578869697739,10.2200215518916));
#10050=CARTESIAN_POINT('',(92.709197358396,-0.578869697739001,10.440043103792));
#10051=CARTESIAN_POINT('Origin',(95.459197358396,-0.578869697739001,10.440043103792));
#10052=CARTESIAN_POINT('Origin',(95.459197358396,1.921130302261,10.440043103792));
#10053=CARTESIAN_POINT('Origin',(95.459197358396,-0.578869697739,10.440043103792));
#10054=CARTESIAN_POINT('Origin',(155.674699223168,39.1078461481688,13.85004310379));
#10055=CARTESIAN_POINT('',(152.817614822741,45.5843725274274,13.85004310379));
#10056=CARTESIAN_POINT('',(152.774972052308,39.1437764247213,13.85004310379));
#10057=CARTESIAN_POINT('Origin',(121.15198470652,42.573589398485,13.85004310379));
#10058=CARTESIAN_POINT('',(155.330792219987,45.5532319567503,13.85004310379));
#10059=CARTESIAN_POINT('',(155.754498405342,45.5479818488885,13.85004310379));
#10060=CARTESIAN_POINT('',(155.285416818661,39.1126697138448,13.85004310379));
#10061=CARTESIAN_POINT('Origin',(121.15198470652,42.573589398485,13.85004310379));
#10062=CARTESIAN_POINT('',(155.674699223168,39.1078461481688,13.85004310379));
#10063=CARTESIAN_POINT('Ctrl Pts',(155.640581887519,36.3544310712097,11.100043103791));
#10064=CARTESIAN_POINT('Ctrl Pts',(152.140850542494,36.3977959492402,11.100043103791));
#10065=CARTESIAN_POINT('Ctrl Pts',(155.640581887519,36.3544310712097,11.7326572628138));
#10066=CARTESIAN_POINT('Ctrl Pts',(152.140850542494,36.3977959492402,11.7326572628138));
#10067=CARTESIAN_POINT('Ctrl Pts',(155.643794719005,36.6137203294521,12.4300733732431));
#10068=CARTESIAN_POINT('Ctrl Pts',(152.14406337398,36.6570852074826,12.4300733732431));
#10069=CARTESIAN_POINT('Ctrl Pts',(155.649044666564,37.0374135776242,12.912774145779));
#10070=CARTESIAN_POINT('Ctrl Pts',(152.149313321538,37.0807784556547,12.912774145779));
#10071=CARTESIAN_POINT('Ctrl Pts',(155.653944363747,37.432840120764,13.3632715249049));
#10072=CARTESIAN_POINT('Ctrl Pts',(152.154213018721,37.4762049987945,13.3632715249049));
#10073=CARTESIAN_POINT('Ctrl Pts',(155.660974256127,38.0001825378042,13.6909625144172));
#10074=CARTESIAN_POINT('Ctrl Pts',(152.161242911102,38.0435474158347,13.6909625144172));
#10075=CARTESIAN_POINT('Ctrl Pts',(155.668437537469,38.6025012997892,13.8033138476681));
#10076=CARTESIAN_POINT('Ctrl Pts',(152.168706192444,38.6458661778197,13.8033138476681));
#10077=CARTESIAN_POINT('Ctrl Pts',(155.670542344588,38.7723682470666,13.8349993590724));
#10078=CARTESIAN_POINT('Ctrl Pts',(152.170810999563,38.8157331250971,13.8349993590724));
#10079=CARTESIAN_POINT('Ctrl Pts',(155.672653497896,38.9427473589678,13.85004310379));
#10080=CARTESIAN_POINT('Ctrl Pts',(152.172922152871,38.9861122369982,13.85004310379));
#10081=CARTESIAN_POINT('Ctrl Pts',(155.674699223168,39.1078461481688,13.85004310379));
#10082=CARTESIAN_POINT('Ctrl Pts',(152.174967878143,39.1512110261993,13.85004310379));
#10083=CARTESIAN_POINT('',(152.4969162682,37.1632094579794,13.0070568317533));
#10084=CARTESIAN_POINT('Ctrl Pts',(152.774972052308,39.1437764247213,13.85004310379));
#10085=CARTESIAN_POINT('Ctrl Pts',(152.768537165786,39.0844465613674,13.85004310379));
#10086=CARTESIAN_POINT('Ctrl Pts',(152.761938398933,39.0251577138492,13.8480982074804));
#10087=CARTESIAN_POINT('Ctrl Pts',(152.755193958914,38.9660664701423,13.8442606010135));
#10088=CARTESIAN_POINT('Ctrl Pts',(152.748065317382,38.9036090544227,13.8402043827409));
#10089=CARTESIAN_POINT('Ctrl Pts',(152.740773924427,38.8413716870403,13.83403416372));
#10090=CARTESIAN_POINT('Ctrl Pts',(152.733340704533,38.779492877235,13.825774121842));
#10091=CARTESIAN_POINT('Ctrl Pts',(152.727691739071,38.7324673264682,13.8194968030006));
#10092=CARTESIAN_POINT('Ctrl Pts',(152.721960849129,38.6856477757848,13.8120117618766));
#10093=CARTESIAN_POINT('Ctrl Pts',(152.716157066788,38.639082759879,13.8033138476681));
#10094=CARTESIAN_POINT('Ctrl Pts',(152.708516115582,38.5777777361043,13.7918626363464));
#10095=CARTESIAN_POINT('Ctrl Pts',(152.700752479026,38.5172091707417,13.778248243765));
#10096=CARTESIAN_POINT('Ctrl Pts',(152.692884939835,38.4573402770358,13.762590918664));
#10097=CARTESIAN_POINT('Ctrl Pts',(152.684483601476,38.3934093805939,13.7458712706527));
#10098=CARTESIAN_POINT('Ctrl Pts',(152.675963773977,38.3302755960609,13.7268222274535));
#10099=CARTESIAN_POINT('Ctrl Pts',(152.667348415669,38.2679011691161,13.7055265931325));
#10100=CARTESIAN_POINT('Ctrl Pts',(152.65873305736,38.2055267421713,13.6842309588116));
#10101=CARTESIAN_POINT('Ctrl Pts',(152.650022159375,38.1439109571327,13.6606882401396));
#10102=CARTESIAN_POINT('Ctrl Pts',(152.641238900209,38.0830338281166,13.6349232981346));
#10103=CARTESIAN_POINT('Ctrl Pts',(152.632289270253,38.0210035763316,13.6086703215961));
#10104=CARTESIAN_POINT('Ctrl Pts',(152.62329523633,37.9599962050431,13.5802176726315));
#10105=CARTESIAN_POINT('Ctrl Pts',(152.614294728695,37.9000257811851,13.5496094406753));
#10106=CARTESIAN_POINT('Ctrl Pts',(152.605345402144,37.8403963771225,13.519175261399));
#10107=CARTESIAN_POINT('Ctrl Pts',(152.596389667487,37.7817915305224,13.4866094887318));
#10108=CARTESIAN_POINT('Ctrl Pts',(152.587465145694,37.7242520338703,13.4519122428601));
#10109=CARTESIAN_POINT('Ctrl Pts',(152.580133769493,37.6769841010672,13.4234089158978));
#10110=CARTESIAN_POINT('Ctrl Pts',(152.572823460877,37.6304354228029,13.3934663028134));
#10111=CARTESIAN_POINT('Ctrl Pts',(152.565555303615,37.5846469927552,13.3620655718774));
#10112=CARTESIAN_POINT('Ctrl Pts',(152.556313553681,37.5264251897411,13.3221382983467));
#10113=CARTESIAN_POINT('Ctrl Pts',(152.547153015943,37.4692217018877,13.2797006933679));
#10114=CARTESIAN_POINT('Ctrl Pts',(152.538125493861,37.413478675959,13.2348872767941));
#10115=CARTESIAN_POINT('Ctrl Pts',(152.52901488539,37.3572226092734,13.1896614120483));
#10116=CARTESIAN_POINT('Ctrl Pts',(152.520039761738,37.3024547724753,13.1420160646107));
#10117=CARTESIAN_POINT('Ctrl Pts',(152.511253204236,37.2496162620615,13.0921407049678));
#10118=CARTESIAN_POINT('Ctrl Pts',(152.506418349487,37.2205415621115,13.0646964960914));
#10119=CARTESIAN_POINT('Ctrl Pts',(152.501640585356,37.1920507257956,13.0365779575213));
#10120=CARTESIAN_POINT('Ctrl Pts',(152.496928718285,37.1642142331977,13.0078226756307));
#10121=CARTESIAN_POINT('',(154.960486484174,36.7379780022238,12.4855542591012));
#10122=CARTESIAN_POINT('Ctrl Pts',(154.960486484172,36.7379780022239,12.4855542591014));
#10123=CARTESIAN_POINT('Ctrl Pts',(154.989999314991,36.9089600168673,12.7788773815184));
#10124=CARTESIAN_POINT('Ctrl Pts',(155.027277618294,37.1325171847663,13.0375591182313));
#10125=CARTESIAN_POINT('Ctrl Pts',(155.104799284017,37.640419461905,13.4433595225578));
#10126=CARTESIAN_POINT('Ctrl Pts',(155.143978666349,37.9151037996759,13.5950137170018));
#10127=CARTESIAN_POINT('Ctrl Pts',(155.21892244928,38.499466930306,13.7983409730199));
#10128=CARTESIAN_POINT('Ctrl Pts',(155.254199948983,38.8047923289372,13.85004310379));
#10129=CARTESIAN_POINT('Ctrl Pts',(155.285416818661,39.1126697138448,13.85004310379));
#10130=CARTESIAN_POINT('',(154.893739570489,36.3636851318199,11.100043103791));
#10131=CARTESIAN_POINT('Ctrl Pts',(154.893739570489,36.3636851318198,11.100043103791));
#10132=CARTESIAN_POINT('Ctrl Pts',(154.893739570489,36.3636851318198,11.1546368441068));
#10133=CARTESIAN_POINT('Ctrl Pts',(154.894044488272,36.3656089817413,11.2091045358622));
#10134=CARTESIAN_POINT('Ctrl Pts',(154.894647359649,36.3692896351419,11.2633754453572));
#10135=CARTESIAN_POINT('Ctrl Pts',(154.895284877178,36.3731818104107,11.3207652261279));
#10136=CARTESIAN_POINT('Ctrl Pts',(154.896255577085,36.3790384179204,11.3779354250655));
#10137=CARTESIAN_POINT('Ctrl Pts',(154.897551852538,36.3867126349413,11.4348315006143));
#10138=CARTESIAN_POINT('Ctrl Pts',(154.898890165657,36.3946357235828,11.493572691892));
#10139=CARTESIAN_POINT('Ctrl Pts',(154.90057551455,36.4044963245376,11.5520223907281));
#10140=CARTESIAN_POINT('Ctrl Pts',(154.90260017504,36.4161850759248,11.6101414259149));
#10141=CARTESIAN_POINT('Ctrl Pts',(154.904701074951,36.4283139720482,11.6704489572516));
#10142=CARTESIAN_POINT('Ctrl Pts',(154.907167322052,36.4424113417821,11.7304012935467));
#10143=CARTESIAN_POINT('Ctrl Pts',(154.909990957646,36.4584091766688,11.7899648065586));
#10144=CARTESIAN_POINT('Ctrl Pts',(154.910271073645,36.4599962261824,11.7958737464259));
#10145=CARTESIAN_POINT('Ctrl Pts',(154.910554707381,36.4616020210634,11.8017788613807));
#10146=CARTESIAN_POINT('Ctrl Pts',(154.910841851425,36.4632265223221,11.8076801186925));
#10147=CARTESIAN_POINT('Ctrl Pts',(154.914138186191,36.48187535067,11.8754249320983));
#10148=CARTESIAN_POINT('Ctrl Pts',(154.917886800948,36.5029270617364,11.9424511904922));
#10149=CARTESIAN_POINT('Ctrl Pts',(154.922057706096,36.5262798306983,12.0086172636197));
#10150=CARTESIAN_POINT('Ctrl Pts',(154.926258390215,36.5497993311986,12.0752557420187));
#10151=CARTESIAN_POINT('Ctrl Pts',(154.930887420692,36.5756532192862,12.1410228430773));
#10152=CARTESIAN_POINT('Ctrl Pts',(154.935914808888,36.6037897624764,12.2057658353079));
#10153=CARTESIAN_POINT('Ctrl Pts',(154.940832253855,36.6313109916581,12.269092972371));
#10154=CARTESIAN_POINT('Ctrl Pts',(154.946130830106,36.6610166384362,12.3314412768593));
#10155=CARTESIAN_POINT('Ctrl Pts',(154.951783007732,36.6929013860371,12.3926446757891));
#10156=CARTESIAN_POINT('Ctrl Pts',(154.954615100916,36.7088776313616,12.4233113923094));
#10157=CARTESIAN_POINT('Ctrl Pts',(154.957535978353,36.7254016047662,12.4536902092589));
#10158=CARTESIAN_POINT('Ctrl Pts',(154.960542221793,36.7424762667154,12.4837568125476));
#10159=CARTESIAN_POINT('',(152.354593883222,36.395147473404,11.100043103791));
#10160=CARTESIAN_POINT('',(155.640581887519,36.3544310712097,11.100043103791));
#10161=CARTESIAN_POINT('Ctrl Pts',(152.4969162682,37.1632094579794,13.0070568317533));
#10162=CARTESIAN_POINT('Ctrl Pts',(152.45503576949,36.9205761367513,12.7548000881642));
#10163=CARTESIAN_POINT('Ctrl Pts',(152.418925394524,36.7278136126375,12.457957908263));
#10164=CARTESIAN_POINT('Ctrl Pts',(152.368340868994,36.4634778450157,11.8045370456388));
#10165=CARTESIAN_POINT('Ctrl Pts',(152.354593883222,36.395147473404,11.4542400694989));
#10166=CARTESIAN_POINT('Ctrl Pts',(152.354593883222,36.395147473404,11.100043103791));
#10167=CARTESIAN_POINT('Ctrl Pts',(155.754498405342,45.5479818488885,13.85004310379));
#10168=CARTESIAN_POINT('Ctrl Pts',(152.254767060317,45.591346726919,13.85004310379));
#10169=CARTESIAN_POINT('Ctrl Pts',(155.762300348364,46.1776320586122,13.85004310379));
#10170=CARTESIAN_POINT('Ctrl Pts',(152.262569003339,46.2209969366427,13.85004310379));
#10171=CARTESIAN_POINT('Ctrl Pts',(155.770912191788,46.8726446987278,13.5935568343648));
#10172=CARTESIAN_POINT('Ctrl Pts',(152.271180846762,46.9160095767583,13.5935568343648));
#10173=CARTESIAN_POINT('Ctrl Pts',(155.776904857876,47.356278512553,13.1699501579189));
#10174=CARTESIAN_POINT('Ctrl Pts',(152.27717351285,47.3996433905835,13.1699501579189));
#10175=CARTESIAN_POINT('Ctrl Pts',(155.782486799433,47.8067650980781,12.7753765780271));
#10176=CARTESIAN_POINT('Ctrl Pts',(152.282755454408,47.8501299761086,12.7753765780271));
#10177=CARTESIAN_POINT('Ctrl Pts',(155.786562961997,48.1357288710072,12.2074265078973));
#10178=CARTESIAN_POINT('Ctrl Pts',(152.286831616971,48.1790937490376,12.2074265078973));
#10179=CARTESIAN_POINT('Ctrl Pts',(155.787954347052,48.2480196029145,11.6033895241006));
#10180=CARTESIAN_POINT('Ctrl Pts',(152.288223002027,48.291384480945,11.6033895241006));
#10181=CARTESIAN_POINT('Ctrl Pts',(155.788344109092,48.2794750684654,11.4341835334319));
#10182=CARTESIAN_POINT('Ctrl Pts',(152.288612764067,48.3228399464958,11.4341835334319));
#10183=CARTESIAN_POINT('Ctrl Pts',(155.788529129795,48.2944070314821,11.264476201642));
#10184=CARTESIAN_POINT('Ctrl Pts',(152.28879778477,48.3377719095126,11.264476201642));
#10185=CARTESIAN_POINT('Ctrl Pts',(155.788529129795,48.2944070314821,11.100043103791));
#10186=CARTESIAN_POINT('Ctrl Pts',(152.28879778477,48.3377719095126,11.100043103791));
#10187=CARTESIAN_POINT('',(152.434120244785,48.3359712310798,11.100043103791));
#10188=CARTESIAN_POINT('',(152.442779543078,48.2887538058582,11.6072230783912));
#10189=CARTESIAN_POINT('Ctrl Pts',(152.434120244785,48.3359712310798,11.100043103791));
#10190=CARTESIAN_POINT('Ctrl Pts',(152.434120244785,48.3359712310798,11.1577077552182));
#10191=CARTESIAN_POINT('Ctrl Pts',(152.434455540054,48.3341332819787,11.2153422132693));
#10192=CARTESIAN_POINT('Ctrl Pts',(152.435122196025,48.3305008249094,11.272831513944));
#10193=CARTESIAN_POINT('Ctrl Pts',(152.435821093922,48.3266926889041,11.3331012078829));
#10194=CARTESIAN_POINT('Ctrl Pts',(152.43688418521,48.3209127526887,11.3932121981555));
#10195=CARTESIAN_POINT('Ctrl Pts',(152.438306418687,48.3131692887225,11.4530728839781));
#10196=CARTESIAN_POINT('Ctrl Pts',(152.439501373333,48.3066632625403,11.5033675829586));
#10197=CARTESIAN_POINT('Ctrl Pts',(152.440949848479,48.2987704470493,11.5534866401235));
#10198=CARTESIAN_POINT('Ctrl Pts',(152.442648541589,48.2894710070158,11.6033895241006));
#10199=CARTESIAN_POINT('Ctrl Pts',(152.442692044528,48.2892328515982,11.6046675195634));
#10200=CARTESIAN_POINT('Ctrl Pts',(152.442735711218,48.2889937450441,11.6059452407466));
#10201=CARTESIAN_POINT('Ctrl Pts',(152.442779541623,48.2887536884176,11.6072226882894));
#10202=CARTESIAN_POINT('',(154.978401068693,48.3044452604475,11.100043103791));
#10203=CARTESIAN_POINT('',(155.788529129795,48.2944070314821,11.100043103791));
#10204=CARTESIAN_POINT('Ctrl Pts',(155.330792219987,45.5532319567504,13.85004310379));
#10205=CARTESIAN_POINT('Ctrl Pts',(155.298890978097,45.9191639048541,13.85004310379));
#10206=CARTESIAN_POINT('Ctrl Pts',(155.261209712995,46.2809989626408,13.7770385253491));
#10207=CARTESIAN_POINT('Ctrl Pts',(155.182502412517,46.9440621466079,13.4988700488637));
#10208=CARTESIAN_POINT('Ctrl Pts',(155.142397133781,47.2410806438022,13.300232096413));
#10209=CARTESIAN_POINT('Ctrl Pts',(155.068713708801,47.749714978296,12.7950659095797));
#10210=CARTESIAN_POINT('Ctrl Pts',(155.036136422069,47.9544286638438,12.4906516827249));
#10211=CARTESIAN_POINT('Ctrl Pts',(154.990750085484,48.2328186234685,11.8206464556841));
#10212=CARTESIAN_POINT('Ctrl Pts',(154.978401068693,48.3044452604475,11.4623737692254));
#10213=CARTESIAN_POINT('Ctrl Pts',(154.978401068693,48.3044452604475,11.100043103791));
#10214=CARTESIAN_POINT('Ctrl Pts',(152.442779543078,48.2887538058582,11.6072230783912));
#10215=CARTESIAN_POINT('Ctrl Pts',(152.454778090562,48.2230611921549,11.956987161623));
#10216=CARTESIAN_POINT('Ctrl Pts',(152.478997143125,48.0902149126138,12.2899244212846));
#10217=CARTESIAN_POINT('Ctrl Pts',(152.543643678004,47.7094776881683,12.8811770077767));
#10218=CARTESIAN_POINT('Ctrl Pts',(152.583075483204,47.4669773564519,13.1353294108234));
#10219=CARTESIAN_POINT('Ctrl Pts',(152.658775323653,46.9502247327519,13.5044024784305));
#10220=CARTESIAN_POINT('Ctrl Pts',(152.693939774619,46.691621157457,13.6338086629192));
#10221=CARTESIAN_POINT('Ctrl Pts',(152.760064316159,46.1484716664034,13.8063668233665));
#10222=CARTESIAN_POINT('Ctrl Pts',(152.790701077905,45.8674353228983,13.85004310379));
#10223=CARTESIAN_POINT('Ctrl Pts',(152.817614822741,45.5843725274274,13.85004310379));
#10224=CARTESIAN_POINT('Origin',(155.788529129795,48.2944070314821,11.100043103791));
#10225=CARTESIAN_POINT('',(152.434120244785,48.3359712310798,10.440043103792));
#10226=CARTESIAN_POINT('',(152.434120244785,48.3359712310798,10.));
#10227=CARTESIAN_POINT('',(154.978401068693,48.3044452604475,10.440043103792));
#10228=CARTESIAN_POINT('',(155.788529129795,48.2944070314821,10.440043103792));
#10229=CARTESIAN_POINT('',(154.978401068693,48.3044452604475,10.));
#10230=CARTESIAN_POINT('Ctrl Pts',(155.788529129795,48.2944070314821,10.440043103792));
#10231=CARTESIAN_POINT('Ctrl Pts',(152.28879778477,48.3377719095126,10.440043103792));
#10232=CARTESIAN_POINT('Ctrl Pts',(155.788529129795,48.2944070314821,9.8083689125843));
#10233=CARTESIAN_POINT('Ctrl Pts',(152.28879778477,48.3377719095126,9.8083689125843));
#10234=CARTESIAN_POINT('Ctrl Pts',(155.785337813731,48.0368541598708,9.1106766631702));
#10235=CARTESIAN_POINT('Ctrl Pts',(152.285606468705,48.0802190379013,9.1106766631702));
#10236=CARTESIAN_POINT('Ctrl Pts',(155.780080735873,47.6125854660442,8.62641303758009));
#10237=CARTESIAN_POINT('Ctrl Pts',(152.280349390848,47.6559503440746,8.62641303758009));
#10238=CARTESIAN_POINT('Ctrl Pts',(155.775228060336,47.2209537710624,8.17940153928326));
#10239=CARTESIAN_POINT('Ctrl Pts',(152.27549671531,47.2643186490928,8.17940153928326));
#10240=CARTESIAN_POINT('Ctrl Pts',(155.768248818642,46.6576990813289,7.85139225319219));
#10241=CARTESIAN_POINT('Ctrl Pts',(152.268517473617,46.7010639593594,7.85139225319219));
#10242=CARTESIAN_POINT('Ctrl Pts',(155.760822430543,46.0583577619773,7.73792789067591));
#10243=CARTESIAN_POINT('Ctrl Pts',(152.261091085517,46.1017226400078,7.73792789067591));
#10244=CARTESIAN_POINT('Ctrl Pts',(155.758697160423,45.8868393629299,7.70545686760548));
#10245=CARTESIAN_POINT('Ctrl Pts',(152.258965815397,45.9302042409604,7.70545686760548));
#10246=CARTESIAN_POINT('Ctrl Pts',(155.756564248847,45.714704265626,7.690043103793));
#10247=CARTESIAN_POINT('Ctrl Pts',(152.256832903821,45.7580691436565,7.690043103793));
#10248=CARTESIAN_POINT('Ctrl Pts',(155.754498405342,45.5479818488885,7.690043103793));
#10249=CARTESIAN_POINT('Ctrl Pts',(152.254767060317,45.591346726919,7.690043103793));
#10250=CARTESIAN_POINT('',(152.442779543078,48.2887538058582,9.93286312919179));
#10251=CARTESIAN_POINT('Ctrl Pts',(152.442724903678,48.2843441723245,9.93443593822298));
#10252=CARTESIAN_POINT('Ctrl Pts',(152.440763643419,48.2957487750938,9.99157751071174));
#10253=CARTESIAN_POINT('Ctrl Pts',(152.439134473691,48.305374709495,10.0489995948373));
#10254=CARTESIAN_POINT('Ctrl Pts',(152.437840864085,48.3131263670791,10.1066728685185));
#10255=CARTESIAN_POINT('Ctrl Pts',(152.436603597685,48.3205404009797,10.1618341809972));
#10256=CARTESIAN_POINT('Ctrl Pts',(152.43567329705,48.3262398494954,10.2172258479822));
#10257=CARTESIAN_POINT('Ctrl Pts',(152.435052457764,48.3300974713769,10.2728056780173));
#10258=CARTESIAN_POINT('Ctrl Pts',(152.434431618478,48.3339550932585,10.3283855080524));
#10259=CARTESIAN_POINT('Ctrl Pts',(152.434120244785,48.3359712310798,10.3841542141507));
#10260=CARTESIAN_POINT('Ctrl Pts',(152.434120244785,48.3359712310798,10.440043103792));
#10261=CARTESIAN_POINT('',(152.817614822741,45.5843725274274,7.69004310379301));
#10262=CARTESIAN_POINT('Ctrl Pts',(152.817614822741,45.5843725274274,7.690043103793));
#10263=CARTESIAN_POINT('Ctrl Pts',(152.782783325905,45.9507095394202,7.690043103793));
#10264=CARTESIAN_POINT('Ctrl Pts',(152.741701086378,46.3128625949984,7.76319265991826));
#10265=CARTESIAN_POINT('Ctrl Pts',(152.65595206486,46.9764879383311,8.04180885311214));
#10266=CARTESIAN_POINT('Ctrl Pts',(152.612273005354,47.2738012183943,8.2408353749914));
#10267=CARTESIAN_POINT('Ctrl Pts',(152.542205151035,47.718417411097,8.6830274546486));
#10268=CARTESIAN_POINT('Ctrl Pts',(152.514572116849,47.8822766880576,8.90306791821314));
#10269=CARTESIAN_POINT('Ctrl Pts',(152.469303546836,48.1431899233453,9.39094151191244));
#10270=CARTESIAN_POINT('Ctrl Pts',(152.452246537516,48.2369215645464,9.65689517263949));
#10271=CARTESIAN_POINT('Ctrl Pts',(152.442779543078,48.2887538058582,9.93286312919179));
#10272=CARTESIAN_POINT('',(155.330792219987,45.5532319567503,7.69004310379301));
#10273=CARTESIAN_POINT('',(155.754498405342,45.5479818488885,7.69004310379301));
#10274=CARTESIAN_POINT('Ctrl Pts',(154.978401068693,48.3044452604475,10.440043103792));
#10275=CARTESIAN_POINT('Ctrl Pts',(154.978401068693,48.3044452604475,10.0800650824579));
#10276=CARTESIAN_POINT('Ctrl Pts',(154.990587818294,48.2337453362215,9.72406721685034));
#10277=CARTESIAN_POINT('Ctrl Pts',(155.034640670952,47.9636685926814,9.06938987247349));
#10278=CARTESIAN_POINT('Ctrl Pts',(155.065396639574,47.770659032324,8.77566410049368));
#10279=CARTESIAN_POINT('Ctrl Pts',(155.137978262167,47.2733635893513,8.26293852314421));
#10280=CARTESIAN_POINT('Ctrl Pts',(155.179483016858,46.9683173912309,8.05358215722932));
#10281=CARTESIAN_POINT('Ctrl Pts',(155.240123106703,46.4592095598593,7.83675705423653));
#10282=CARTESIAN_POINT('Ctrl Pts',(155.26014258849,46.2799084811048,7.78114458996594));
#10283=CARTESIAN_POINT('Ctrl Pts',(155.297539541982,45.9176133316879,7.70819988951401));
#10284=CARTESIAN_POINT('Ctrl Pts',(155.314883948343,45.7357121515213,7.690043103793));
#10285=CARTESIAN_POINT('Ctrl Pts',(155.330792219987,45.5532319567503,7.690043103793));
#10286=CARTESIAN_POINT('Origin',(155.640581887519,36.3544310712097,10.440043103792));
#10287=CARTESIAN_POINT('',(152.354593883222,36.395147473404,10.440043103792));
#10288=CARTESIAN_POINT('',(152.354593883222,36.395147473404,10.));
#10289=CARTESIAN_POINT('',(154.893739570489,36.3636851318199,10.440043103792));
#10290=CARTESIAN_POINT('',(154.893739570489,36.3636851318199,10.));
#10291=CARTESIAN_POINT('',(155.640581887519,36.3544310712097,10.440043103792));
#10292=CARTESIAN_POINT('Ctrl Pts',(155.674699223168,39.1078461481689,7.690043103793));
#10293=CARTESIAN_POINT('Ctrl Pts',(152.174967878143,39.1512110261994,7.690043103793));
#10294=CARTESIAN_POINT('Ctrl Pts',(155.666891300393,38.477713346793,7.69004310379299));
#10295=CARTESIAN_POINT('Ctrl Pts',(152.167159955368,38.5210782248235,7.69004310379299));
#10296=CARTESIAN_POINT('Ctrl Pts',(155.658272811099,37.7821643564526,7.94523317954388));
#10297=CARTESIAN_POINT('Ctrl Pts',(152.158541466074,37.8255292344831,7.94523317954388));
#10298=CARTESIAN_POINT('Ctrl Pts',(155.652253237962,37.2963590285743,8.36912969470236));
#10299=CARTESIAN_POINT('Ctrl Pts',(152.152521892937,37.3397239066048,8.36912969470236));
#10300=CARTESIAN_POINT('Ctrl Pts',(155.646708026697,36.8488367349159,8.75962179071544));
#10301=CARTESIAN_POINT('Ctrl Pts',(152.146976681671,36.8922016129464,8.75962179071544));
#10302=CARTESIAN_POINT('Ctrl Pts',(155.642614604565,36.5184800409118,9.32219512881071));
#10303=CARTESIAN_POINT('Ctrl Pts',(152.14288325954,36.5618449189423,9.32219512881071));
#10304=CARTESIAN_POINT('Ctrl Pts',(155.641187962506,36.4033439178186,9.92405228614539));
#10305=CARTESIAN_POINT('Ctrl Pts',(152.14145661748,36.4467087958491,9.92405228614539));
#10306=CARTESIAN_POINT('Ctrl Pts',(155.640777130046,36.3701879791587,10.0973700812429));
#10307=CARTESIAN_POINT('Ctrl Pts',(152.141045785021,36.4135528571892,10.0973700812429));
#10308=CARTESIAN_POINT('Ctrl Pts',(155.640581887519,36.3544310712097,10.2714553595553));
#10309=CARTESIAN_POINT('Ctrl Pts',(152.140850542494,36.3977959492402,10.2714553595553));
#10310=CARTESIAN_POINT('Ctrl Pts',(155.640581887519,36.3544310712097,10.440043103792));
#10311=CARTESIAN_POINT('Ctrl Pts',(152.140850542494,36.3977959492402,10.440043103792));
#10312=CARTESIAN_POINT('',(152.4969162682,37.1632094579794,8.5330293758297));
#10313=CARTESIAN_POINT('',(152.774972052308,39.1437764247201,7.690043103793));
#10314=CARTESIAN_POINT('Ctrl Pts',(152.496916268197,37.1632094579797,8.53302937582949));
#10315=CARTESIAN_POINT('Ctrl Pts',(152.540583911265,37.4161971036654,8.27000763156198));
#10316=CARTESIAN_POINT('Ctrl Pts',(152.589589206251,37.7188757583931,8.06016393043997));
#10317=CARTESIAN_POINT('Ctrl Pts',(152.66258098736,38.2273145792328,7.84042097194193));
#10318=CARTESIAN_POINT('Ctrl Pts',(152.687111707656,38.4085256336731,7.7834290364));
#10319=CARTESIAN_POINT('Ctrl Pts',(152.733315544878,38.7749506041961,7.70866192210328));
#10320=CARTESIAN_POINT('Ctrl Pts',(152.754935988123,38.9590432602508,7.69004310379308));
#10321=CARTESIAN_POINT('Ctrl Pts',(152.774972052308,39.1437764247201,7.690043103793));
#10322=CARTESIAN_POINT('Ctrl Pts',(152.354593883222,36.395147473404,10.440043103792));
#10323=CARTESIAN_POINT('Ctrl Pts',(152.354593883222,36.395147473404,10.0810368892656));
#10324=CARTESIAN_POINT('Ctrl Pts',(152.36872196751,36.4653449079496,9.72608994528761));
#10325=CARTESIAN_POINT('Ctrl Pts',(152.419902678036,36.7330459523385,9.07407871755028));
#10326=CARTESIAN_POINT('Ctrl Pts',(152.455606410828,36.9238821289755,8.78184900357432));
#10327=CARTESIAN_POINT('Ctrl Pts',(152.4969162682,37.1632094579794,8.53302937582969));
#10328=CARTESIAN_POINT('',(154.960486484174,36.7379780022238,9.05453194848176));
#10329=CARTESIAN_POINT('Ctrl Pts',(154.960467503297,36.7364461642006,9.06257129959983));
#10330=CARTESIAN_POINT('Ctrl Pts',(154.954369092802,36.7015322949867,9.12285528623595));
#10331=CARTESIAN_POINT('Ctrl Pts',(154.948622060409,36.6689238403628,9.18424631654375));
#10332=CARTESIAN_POINT('Ctrl Pts',(154.943255415499,36.6386380403724,9.24668260677044));
#10333=CARTESIAN_POINT('Ctrl Pts',(154.937908457424,36.6084633398761,9.30888985763673));
#10334=CARTESIAN_POINT('Ctrl Pts',(154.932939095824,36.5805938550186,9.37213540375478));
#10335=CARTESIAN_POINT('Ctrl Pts',(154.928376555128,36.555089662769,9.43638634680061));
#10336=CARTESIAN_POINT('Ctrl Pts',(154.923910782764,36.5301263967894,9.49927457180278));
#10337=CARTESIAN_POINT('Ctrl Pts',(154.919834753967,36.5074288678417,9.56312665904454));
#10338=CARTESIAN_POINT('Ctrl Pts',(154.916176447261,36.4870997691962,9.62792880209316));
#10339=CARTESIAN_POINT('Ctrl Pts',(154.914266907498,36.4764885150529,9.66175381425507));
#10340=CARTESIAN_POINT('Ctrl Pts',(154.912471188725,36.4665233531122,9.69583789956665));
#10341=CARTESIAN_POINT('Ctrl Pts',(154.910793339355,36.457224492447,9.73018010927169));
#10342=CARTESIAN_POINT('Ctrl Pts',(154.907960347155,36.4415236791278,9.78816577471596));
#10343=CARTESIAN_POINT('Ctrl Pts',(154.905470947343,36.4277610633415,9.84673209764351));
#10344=CARTESIAN_POINT('Ctrl Pts',(154.903332867813,36.416020202723,9.90593557133746));
#10345=CARTESIAN_POINT('Ctrl Pts',(154.903115018093,36.4148239220588,9.91196783533751));
#10346=CARTESIAN_POINT('Ctrl Pts',(154.902900816208,36.4136486750483,9.91800671934077));
#10347=CARTESIAN_POINT('Ctrl Pts',(154.902690270713,36.4124945808762,9.92405228614539));
#10348=CARTESIAN_POINT('Ctrl Pts',(154.900591506537,36.4009903142386,9.98431583671062));
#10349=CARTESIAN_POINT('Ctrl Pts',(154.898855340906,36.391529771163,10.0449439075028));
#10350=CARTESIAN_POINT('Ctrl Pts',(154.897488486535,36.3840887962688,10.1058522604658));
#10351=CARTESIAN_POINT('Ctrl Pts',(154.896184862065,36.3769920366125,10.1639430278976));
#10352=CARTESIAN_POINT('Ctrl Pts',(154.895217176673,36.3717327843995,10.222289546968));
#10353=CARTESIAN_POINT('Ctrl Pts',(154.89459173297,36.3683287448414,10.2807944136461));
#10354=CARTESIAN_POINT('Ctrl Pts',(154.894025289805,36.3652458215831,10.3337802885522));
#10355=CARTESIAN_POINT('Ctrl Pts',(154.893739570489,36.3636851318198,10.3868963020358));
#10356=CARTESIAN_POINT('Ctrl Pts',(154.893739570489,36.3636851318198,10.440043103792));
#10357=CARTESIAN_POINT('',(155.285416818661,39.1126697138436,7.690043103793));
#10358=CARTESIAN_POINT('Ctrl Pts',(155.285416818661,39.1126697138436,7.690043103793));
#10359=CARTESIAN_POINT('Ctrl Pts',(155.248288507197,38.7464905434885,7.69004310379317));
#10360=CARTESIAN_POINT('Ctrl Pts',(155.205411746187,38.3844744381326,7.76317796672429));
#10361=CARTESIAN_POINT('Ctrl Pts',(155.123639118169,37.7700152274438,8.02140674838476));
#10362=CARTESIAN_POINT('Ctrl Pts',(155.085962530252,37.5133185038549,8.18299977713826));
#10363=CARTESIAN_POINT('Ctrl Pts',(155.016915526611,37.0704960981306,8.57612406084387));
#10364=CARTESIAN_POINT('Ctrl Pts',(154.985826544627,36.8847851524591,8.80268129746464));
#10365=CARTESIAN_POINT('Ctrl Pts',(154.960486484172,36.7379780022239,9.05453194848159));
#10366=CARTESIAN_POINT('',(155.674699223168,39.1078461481676,7.690043103793));
#10367=CARTESIAN_POINT('Origin',(155.754498405342,45.5479818488885,7.69004310379301));
#10368=CARTESIAN_POINT('Origin',(121.15198470652,42.573589398485,7.69004310379301));
#10369=CARTESIAN_POINT('Origin',(121.15198470652,42.573589398485,7.69004310379301));
#10370=CARTESIAN_POINT('Origin',(119.69057792135,42.306664610471,10.));
#10371=CARTESIAN_POINT('',(152.442779543078,48.2887538058582,10.));
#10372=CARTESIAN_POINT('',(148.589573809231,58.8396661190934,6.99999999998636));
#10373=CARTESIAN_POINT('',(148.589573809231,58.8396661190934,10.));
#10374=CARTESIAN_POINT('',(152.442779543078,48.2887538058582,6.99999999998636));
#10375=CARTESIAN_POINT('Origin',(119.69057792135,42.306664610471,6.99999999998636));
#10376=CARTESIAN_POINT('',(152.442779543078,48.2887538058582,10.));
#10377=CARTESIAN_POINT('Origin',(121.15198470652,42.573589398485,10.));
#10378=CARTESIAN_POINT('',(152.4969162682,37.1632094579794,10.));
#10379=CARTESIAN_POINT('Origin',(121.15198470652,42.573589398485,10.));
#10380=CARTESIAN_POINT('',(154.960486484174,36.7379780022238,4.5));
#10381=CARTESIAN_POINT('',(154.960486484174,36.7379780022238,10.));
#10382=CARTESIAN_POINT('',(154.902094810562,48.7379401982597,4.5));
#10383=CARTESIAN_POINT('Origin',(121.15198470652,42.573589398485,4.5));
#10384=CARTESIAN_POINT('',(154.902094810562,48.7379401982597,17.));
#10385=CARTESIAN_POINT('',(154.902094810562,48.7379401982597,10.));
#10386=CARTESIAN_POINT('',(154.960486484174,36.7379780022238,17.));
#10387=CARTESIAN_POINT('Origin',(121.15198470652,42.573589398485,17.));
#10388=CARTESIAN_POINT('',(154.960486484174,36.7379780022238,10.));
#10389=CARTESIAN_POINT('Origin',(96.520193040386,76.200152400305,9.99367508117602));
#10390=CARTESIAN_POINT('Ctrl Pts',(97.8117903279068,76.1994499412919,8.86867508117601));
#10391=CARTESIAN_POINT('Ctrl Pts',(97.8120830771545,76.1558945454451,8.86624850629615));
#10392=CARTESIAN_POINT('Ctrl Pts',(97.7903789040611,75.687464464163,8.84013516067739));
#10393=CARTESIAN_POINT('Ctrl Pts',(97.2189577108319,74.8479058528879,8.79033504431976));
#10394=CARTESIAN_POINT('Ctrl Pts',(95.7702267029466,74.8757430759918,8.71927473210307));
#10395=CARTESIAN_POINT('Ctrl Pts',(95.0012183480934,76.1037304825089,8.64821441988641));
#10396=CARTESIAN_POINT('Ctrl Pts',(95.6088119364545,77.4191700191445,8.57715410766974));
#10397=CARTESIAN_POINT('Ctrl Pts',(97.0423841772411,77.629802623664,8.50609379545308));
#10398=CARTESIAN_POINT('Ctrl Pts',(97.7562836103484,76.8231968674264,8.4532674532885));
#10399=CARTESIAN_POINT('Ctrl Pts',(97.8111847553641,76.2994819850944,8.42412788186282));
#10400=CARTESIAN_POINT('Ctrl Pts',(97.8102975911246,76.2012970297207,8.41867508117602));
#10401=CARTESIAN_POINT('Ctrl Pts',(97.8088472370038,76.2012917479597,8.90632491882399));
#10402=CARTESIAN_POINT('Ctrl Pts',(97.8067491141474,75.9099625693105,8.89017640440488));
#10403=CARTESIAN_POINT('Ctrl Pts',(97.5659129023348,75.1872871287439,8.85034111924688));
#10404=CARTESIAN_POINT('Ctrl Pts',(96.3712639543757,74.6856287603023,8.78681906335));
#10405=CARTESIAN_POINT('Ctrl Pts',(95.1708415905278,75.4961318554561,8.71575875113333));
#10406=CARTESIAN_POINT('Ctrl Pts',(95.1928240388454,76.9450915669454,8.64469843891667));
#10407=CARTESIAN_POINT('Ctrl Pts',(96.4180117073711,77.7187269290472,8.57363812669999));
#10408=CARTESIAN_POINT('Ctrl Pts',(97.5823578224794,77.1863130008114,8.51084695333577));
#10409=CARTESIAN_POINT('Ctrl Pts',(97.807111879683,76.4776104927368,8.47174255071043));
#10410=CARTESIAN_POINT('Ctrl Pts',(97.8089380269036,76.199249760058,8.45632491882398));
#10411=CARTESIAN_POINT('Ctrl Pts',(95.7437955429124,75.5115799724394,9.));
#10412=CARTESIAN_POINT('Ctrl Pts',(95.5160641829473,75.7683576922811,8.97631322926111));
#10413=CARTESIAN_POINT('Ctrl Pts',(95.3395122478304,76.5216285698137,8.92893968778333));
#10414=CARTESIAN_POINT('Ctrl Pts',(96.1442538446853,77.3660853671388,8.85787937556667));
#10415=CARTESIAN_POINT('Ctrl Pts',(97.2904186659803,77.1517462574601,8.78681906335));
#10416=CARTESIAN_POINT('Ctrl Pts',(97.7382473635679,76.0760475606496,8.71575875113333));
#10417=CARTESIAN_POINT('Ctrl Pts',(97.0823194254675,75.1123277068305,8.64469843891666));
#10418=CARTESIAN_POINT('Ctrl Pts',(95.9168770972251,75.1347215659592,8.57363812669999));
#10419=CARTESIAN_POINT('Ctrl Pts',(95.2982426629234,76.12258507845,8.50257781448333));
#10420=CARTESIAN_POINT('Ctrl Pts',(95.7870257996071,77.1808001010419,8.43151750226666));
#10421=CARTESIAN_POINT('Ctrl Pts',(96.9402735460227,77.3502450509181,8.36045719005));
#10422=CARTESIAN_POINT('Ctrl Pts',(97.7128058345636,76.4773924306207,8.28939687783332));
#10423=CARTESIAN_POINT('Ctrl Pts',(97.4044948070999,75.3532760389664,8.21833656561665));
#10424=CARTESIAN_POINT('Ctrl Pts',(96.2947551011241,74.9966722569338,8.14727625339998));
#10425=CARTESIAN_POINT('Ctrl Pts',(95.3893264042008,75.730761060145,8.07621594118332));
#10426=CARTESIAN_POINT('Ctrl Pts',(95.5087830148187,76.8902519951297,8.00515562896665));
#10427=CARTESIAN_POINT('Ctrl Pts',(96.5448636755809,77.4243169307519,7.93409531674999));
#10428=CARTESIAN_POINT('Ctrl Pts',(97.5585857118169,76.8489421999061,7.86303500453331));
#10429=CARTESIAN_POINT('Ctrl Pts',(97.6312298838923,75.6855800745244,7.79197469231664));
#10430=CARTESIAN_POINT('Ctrl Pts',(96.6969599666145,74.9885662602305,7.72091438009998));
#10431=CARTESIAN_POINT('Ctrl Pts',(95.6024891496509,75.3895926539406,7.64985406788331));
#10432=CARTESIAN_POINT('Ctrl Pts',(95.3397179939487,76.5252157749951,7.57879375566664));
#10433=CARTESIAN_POINT('Ctrl Pts',(96.1467915996398,77.3662394016421,7.50773344344997));
#10434=CARTESIAN_POINT('Ctrl Pts',(97.2922726751628,77.150457913391,7.43667313123331));
#10435=CARTESIAN_POINT('Ctrl Pts',(97.7380309122587,76.0734304580107,7.36561281901664));
#10436=CARTESIAN_POINT('Ctrl Pts',(97.0800830840844,75.1112489737037,7.29455250679997));
#10437=CARTESIAN_POINT('Ctrl Pts',(95.9147162928209,75.1359224302389,7.22349219458331));
#10438=CARTESIAN_POINT('Ctrl Pts',(95.2980829256858,76.1250896689718,7.15243188236663));
#10439=CARTESIAN_POINT('Ctrl Pts',(95.78902750396,77.1822850300912,7.08137157014996));
#10440=CARTESIAN_POINT('Ctrl Pts',(96.9426151172714,77.3493899853174,7.0103112579333));
#10441=CARTESIAN_POINT('Ctrl Pts',(97.7133687680651,76.4749602849672,6.93925094571663));
#10442=CARTESIAN_POINT('Ctrl Pts',(97.4027670556956,75.3514765572679,6.86819063349996));
#10443=CARTESIAN_POINT('Ctrl Pts',(96.2923036931409,74.9971340441028,6.79713032128329));
#10444=CARTESIAN_POINT('Ctrl Pts',(95.3883717973836,75.733065834564,6.72607000906663));
#10445=CARTESIAN_POINT('Ctrl Pts',(95.510192280783,76.8923126251424,6.65500969684996));
#10446=CARTESIAN_POINT('Ctrl Pts',(96.5473558659397,77.4242614302194,6.58394938463329));
#10447=CARTESIAN_POINT('Ctrl Pts',(97.5599099423868,76.8468307435376,6.51288907241662));
#10448=CARTESIAN_POINT('Ctrl Pts',(97.630169821033,75.6833052654333,6.44182876019995));
#10449=CARTESIAN_POINT('Ctrl Pts',(96.6945103376061,74.9882338923447,6.37076844798329));
#10450=CARTESIAN_POINT('Ctrl Pts',(95.6007985729467,75.3914111253723,6.29970813576661));
#10451=CARTESIAN_POINT('Ctrl Pts',(95.3404685884616,76.527732257713,6.22864782354996));
#10452=CARTESIAN_POINT('Ctrl Pts',(96.1489872896718,77.3667648783517,6.15758751133328));
#10453=CARTESIAN_POINT('Ctrl Pts',(97.2945804505172,77.1493910958101,6.08652719911662));
#10454=CARTESIAN_POINT('Ctrl Pts',(97.7369173827548,76.0700142577059,6.01546688689994));
#10455=CARTESIAN_POINT('Ctrl Pts',(97.2983949847807,75.4326088080844,5.96809334542217));
#10456=CARTESIAN_POINT('Ctrl Pts',(96.9928457489499,75.27628851445,5.94440657468328));
#10457=CARTESIAN_POINT('Ctrl Pts',(95.6808882053271,75.4557886306169,9.04854553513436));
#10458=CARTESIAN_POINT('Ctrl Pts',(95.4347049910131,75.7333716760283,9.02485876439547));
#10459=CARTESIAN_POINT('Ctrl Pts',(95.2438479966709,76.5476760647977,8.9774852229177));
#10460=CARTESIAN_POINT('Ctrl Pts',(96.1137935019196,77.4605546808411,8.90642491070103));
#10461=CARTESIAN_POINT('Ctrl Pts',(97.3528259297902,77.228848819242,8.83536459848437));
#10462=CARTESIAN_POINT('Ctrl Pts',(97.8369397920663,76.0659920091189,8.76430428626768));
#10463=CARTESIAN_POINT('Ctrl Pts',(97.1278655205889,75.0241870888497,8.69324397405103));
#10464=CARTESIAN_POINT('Ctrl Pts',(95.8679936324656,75.0483954026367,8.62218366183435));
#10465=CARTESIAN_POINT('Ctrl Pts',(95.1992345579801,76.1163002131363,8.55112334961769));
#10466=CARTESIAN_POINT('Ctrl Pts',(95.7276211785562,77.2602567404095,8.48006303740102));
#10467=CARTESIAN_POINT('Ctrl Pts',(96.9743104230955,77.4434309085,8.40900272518435));
#10468=CARTESIAN_POINT('Ctrl Pts',(97.8094368720105,76.49985570779,8.33794241296768));
#10469=CARTESIAN_POINT('Ctrl Pts',(97.4761450506246,75.2846581759141,8.26688210075102));
#10470=CARTESIAN_POINT('Ctrl Pts',(96.2764890703913,74.8991606962929,8.19582178853434));
#10471=CARTESIAN_POINT('Ctrl Pts',(95.2976983277605,75.6927287898309,8.12476147631769));
#10472=CARTESIAN_POINT('Ctrl Pts',(95.4268338687658,76.9461670751247,8.05370116410101));
#10473=CARTESIAN_POINT('Ctrl Pts',(96.5468626052293,77.5235044366718,7.98264085188435));
#10474=CARTESIAN_POINT('Ctrl Pts',(97.6427211173798,76.9015101680903,7.91158053966767));
#10475=CARTESIAN_POINT('Ctrl Pts',(97.7212512582678,75.643887030542,7.84052022745101));
#10476=CARTESIAN_POINT('Ctrl Pts',(96.71128244542,74.890397914022,7.76945991523434));
#10477=CARTESIAN_POINT('Ctrl Pts',(95.5281325106281,75.3239173320035,7.69839960301767));
#10478=CARTESIAN_POINT('Ctrl Pts',(95.244070413297,76.551553922033,7.627339290801));
#10479=CARTESIAN_POINT('Ctrl Pts',(96.1165368775879,77.4607211959366,7.55627897858434));
#10480=CARTESIAN_POINT('Ctrl Pts',(97.3548301594228,77.2274560875421,7.48521866636767));
#10481=CARTESIAN_POINT('Ctrl Pts',(97.8367058028649,76.0631628566476,7.414158354151));
#10482=CARTESIAN_POINT('Ctrl Pts',(97.1254479804219,75.0230209517458,7.34309804193434));
#10483=CARTESIAN_POINT('Ctrl Pts',(95.865657749635,75.0496935665276,7.27203772971766));
#10484=CARTESIAN_POINT('Ctrl Pts',(95.1990618780883,76.1190077372352,7.200977417501));
#10485=CARTESIAN_POINT('Ctrl Pts',(95.7297850703092,77.2618619853192,7.12991710528433));
#10486=CARTESIAN_POINT('Ctrl Pts',(96.9768417193414,77.442506561506,7.05885679306766));
#10487=CARTESIAN_POINT('Ctrl Pts',(97.8100454170033,76.4972264983796,6.98779648085099));
#10488=CARTESIAN_POINT('Ctrl Pts',(97.4742773087629,75.282712891836,6.91673616863433));
#10489=CARTESIAN_POINT('Ctrl Pts',(96.2738390379277,74.8996598996068,6.84567585641766));
#10490=CARTESIAN_POINT('Ctrl Pts',(95.2966663742576,75.6952203077968,6.77461554420099));
#10491=CARTESIAN_POINT('Ctrl Pts',(95.4283573200154,76.9483946669685,6.70355523198432));
#10492=CARTESIAN_POINT('Ctrl Pts',(96.5495567244464,77.523444439228,6.63249491976766));
#10493=CARTESIAN_POINT('Ctrl Pts',(97.6441526432715,76.8992276317028,6.56143460755097));
#10494=CARTESIAN_POINT('Ctrl Pts',(97.7201053041835,75.6414279058343,6.49037429533432));
#10495=CARTESIAN_POINT('Ctrl Pts',(96.7086343360718,74.8900386161436,6.41931398311764));
#10496=CARTESIAN_POINT('Ctrl Pts',(95.5263049555336,75.3258831444515,6.34825367090098));
#10497=CARTESIAN_POINT('Ctrl Pts',(95.2448818244696,76.5542743018891,6.27719335868431));
#10498=CARTESIAN_POINT('Ctrl Pts',(96.1189104726422,77.461289249214,6.20613304646764));
#10499=CARTESIAN_POINT('Ctrl Pts',(97.3573249214737,77.2263028314373,6.13507273425097));
#10500=CARTESIAN_POINT('Ctrl Pts',(97.8355020500197,76.0594698598996,6.06401242203431));
#10501=CARTESIAN_POINT('Ctrl Pts',(97.3614485270512,75.3704188550971,6.01663888055653));
#10502=CARTESIAN_POINT('Ctrl Pts',(97.0311422705063,75.2014327639619,5.99295210981764));
#10503=CARTESIAN_POINT('Ctrl Pts',(95.6179808677416,75.3999972887943,9.09709107026872));
#10504=CARTESIAN_POINT('Ctrl Pts',(95.353345799079,75.6983856597755,9.07340429952984));
#10505=CARTESIAN_POINT('Ctrl Pts',(95.1481837455115,76.5737235597815,9.02603075805206));
#10506=CARTESIAN_POINT('Ctrl Pts',(96.0833331591537,77.5550239945434,8.95497044583539));
#10507=CARTESIAN_POINT('Ctrl Pts',(97.4152331936001,77.3059513810239,8.88391013361872));
#10508=CARTESIAN_POINT('Ctrl Pts',(97.9356322205646,76.0559364575881,8.81284982140205));
#10509=CARTESIAN_POINT('Ctrl Pts',(97.1734116157105,74.9360464708688,8.74178950918539));
#10510=CARTESIAN_POINT('Ctrl Pts',(95.819110167706,74.9620692393142,8.67072919696871));
#10511=CARTESIAN_POINT('Ctrl Pts',(95.1002264530369,76.1100153478226,8.59966888475205));
#10512=CARTESIAN_POINT('Ctrl Pts',(95.6682165575053,77.339713379777,8.52860857253538));
#10513=CARTESIAN_POINT('Ctrl Pts',(97.0083473001683,77.536616766082,8.45754826031871));
#10514=CARTESIAN_POINT('Ctrl Pts',(97.9060679094572,76.5223189849592,8.38648794810205));
#10515=CARTESIAN_POINT('Ctrl Pts',(97.5477952941495,75.2160403128618,8.31542763588537));
#10516=CARTESIAN_POINT('Ctrl Pts',(96.2582230396586,74.8016491356519,8.24436732366871));
#10517=CARTESIAN_POINT('Ctrl Pts',(95.2060702513202,75.6546965195168,8.17330701145204));
#10518=CARTESIAN_POINT('Ctrl Pts',(95.3448847227128,77.0020821551197,8.10224669923537));
#10519=CARTESIAN_POINT('Ctrl Pts',(96.5488615348777,77.6226919425917,8.03118638701871));
#10520=CARTESIAN_POINT('Ctrl Pts',(97.7268565229425,76.9540781362745,7.96012607480203));
#10521=CARTESIAN_POINT('Ctrl Pts',(97.8112726326433,75.6021939865596,7.88906576258537));
#10522=CARTESIAN_POINT('Ctrl Pts',(96.7256049242255,74.7922295678134,7.8180054503687));
#10523=CARTESIAN_POINT('Ctrl Pts',(95.4537758716052,75.2582420100665,7.74694513815204));
#10524=CARTESIAN_POINT('Ctrl Pts',(95.1484228326454,76.5778920690708,7.67588482593536));
#10525=CARTESIAN_POINT('Ctrl Pts',(96.0862821555358,77.5552029902311,7.6048245137187));
#10526=CARTESIAN_POINT('Ctrl Pts',(97.4173876436829,77.3044542616932,7.53376420150203));
#10527=CARTESIAN_POINT('Ctrl Pts',(97.9353806934711,76.0528952552845,7.46270388928536));
#10528=CARTESIAN_POINT('Ctrl Pts',(97.1708128767595,74.934792929788,7.39164357706869));
#10529=CARTESIAN_POINT('Ctrl Pts',(95.8165992064493,74.9634647028163,7.32058326485203));
#10530=CARTESIAN_POINT('Ctrl Pts',(95.1000408304907,76.1129258054987,7.24952295263536));
#10531=CARTESIAN_POINT('Ctrl Pts',(95.6705426366583,77.3414389405473,7.17846264041869));
#10532=CARTESIAN_POINT('Ctrl Pts',(97.0110683214114,77.5356231376947,7.10740232820202));
#10533=CARTESIAN_POINT('Ctrl Pts',(97.9067220659416,76.5194927117919,7.03634201598535));
#10534=CARTESIAN_POINT('Ctrl Pts',(97.5457875618302,75.213949226404,6.96528170376869));
#10535=CARTESIAN_POINT('Ctrl Pts',(96.2553743827144,74.8021857551108,6.89422139155201));
#10536=CARTESIAN_POINT('Ctrl Pts',(95.2049609511314,75.6573747810295,6.82316107933535));
#10537=CARTESIAN_POINT('Ctrl Pts',(95.3465223592477,77.0044767087947,6.75210076711868));
#10538=CARTESIAN_POINT('Ctrl Pts',(96.5517575829531,77.6226274482365,6.68104045490201));
#10539=CARTESIAN_POINT('Ctrl Pts',(97.7283953441564,76.9516245198681,6.60998014268534));
#10540=CARTESIAN_POINT('Ctrl Pts',(97.810040787334,75.5995505462354,6.53891983046868));
#10541=CARTESIAN_POINT('Ctrl Pts',(96.7227583345377,74.7918433399425,6.46785951825201));
#10542=CARTESIAN_POINT('Ctrl Pts',(95.4518113381204,75.2603551635306,6.39679920603534));
#10543=CARTESIAN_POINT('Ctrl Pts',(95.1492950604776,76.5808163460651,6.32573889381867));
#10544=CARTESIAN_POINT('Ctrl Pts',(96.0888336556125,77.5558136200764,6.25467858160201));
#10545=CARTESIAN_POINT('Ctrl Pts',(97.4200693924303,77.3032145670644,6.18361826938534));
#10546=CARTESIAN_POINT('Ctrl Pts',(97.9340867172846,76.0489254620932,6.11255795716867));
#10547=CARTESIAN_POINT('Ctrl Pts',(97.4245020693216,75.3082289021098,6.06518441569089));
#10548=CARTESIAN_POINT('Ctrl Pts',(97.0694387920626,75.1265770134739,6.041497644952));
#10549=CARTESIAN_POINT('Ctrl Pts',(95.5550735301562,75.3442059469717,9.14563660540309));
#10550=CARTESIAN_POINT('Ctrl Pts',(95.2719866071449,75.6633996435227,9.1219498346642));
#10551=CARTESIAN_POINT('Ctrl Pts',(95.052519494352,76.5997710547654,9.07457629318642));
#10552=CARTESIAN_POINT('Ctrl Pts',(96.0528728163881,77.6494933082458,9.00351598096975));
#10553=CARTESIAN_POINT('Ctrl Pts',(97.47764045741,77.3830539428058,8.93245566875309));
#10554=CARTESIAN_POINT('Ctrl Pts',(98.0343246490631,76.0458809060574,8.8613953565364));
#10555=CARTESIAN_POINT('Ctrl Pts',(97.2189577108319,74.8479058528879,8.79033504431976));
#10556=CARTESIAN_POINT('Ctrl Pts',(95.7702267029466,74.8757430759918,8.71927473210307));
#10557=CARTESIAN_POINT('Ctrl Pts',(95.0012183480934,76.1037304825089,8.64821441988641));
#10558=CARTESIAN_POINT('Ctrl Pts',(95.6088119364545,77.4191700191445,8.57715410766974));
#10559=CARTESIAN_POINT('Ctrl Pts',(97.0423841772411,77.629802623664,8.50609379545308));
#10560=CARTESIAN_POINT('Ctrl Pts',(98.002698946904,76.5447822621285,8.4350334832364));
#10561=CARTESIAN_POINT('Ctrl Pts',(97.6194455376742,75.1474224498094,8.36397317101974));
#10562=CARTESIAN_POINT('Ctrl Pts',(96.2399570089258,74.704137575011,8.29291285880307));
#10563=CARTESIAN_POINT('Ctrl Pts',(95.1144421748799,75.6166642492027,8.2218525465864));
#10564=CARTESIAN_POINT('Ctrl Pts',(95.2629355766599,77.0579972351147,8.15079223436973));
#10565=CARTESIAN_POINT('Ctrl Pts',(96.550860464526,77.7218794485117,8.07973192215307));
#10566=CARTESIAN_POINT('Ctrl Pts',(97.8109919285054,77.0066461044586,8.0086716099364));
#10567=CARTESIAN_POINT('Ctrl Pts',(97.9012940070187,75.5605009425773,7.93761129771973));
#10568=CARTESIAN_POINT('Ctrl Pts',(96.7399274030309,74.6940612216048,7.86655098550306));
#10569=CARTESIAN_POINT('Ctrl Pts',(95.3794192325824,75.1925666881295,7.79549067328639));
#10570=CARTESIAN_POINT('Ctrl Pts',(95.0527752519936,76.6042302161086,7.72443036106973));
#10571=CARTESIAN_POINT('Ctrl Pts',(96.056027433484,77.6496847845256,7.65337004885305));
#10572=CARTESIAN_POINT('Ctrl Pts',(97.4799451279428,77.3814524358443,7.5823097366364));
#10573=CARTESIAN_POINT('Ctrl Pts',(98.0340555840774,76.0426276539214,7.51124942441972));
#10574=CARTESIAN_POINT('Ctrl Pts',(97.216177773097,74.8465649078301,7.44018911220305));
#10575=CARTESIAN_POINT('Ctrl Pts',(95.7675406632634,74.8772358391051,7.36912879998639));
#10576=CARTESIAN_POINT('Ctrl Pts',(95.0010197828931,76.1068438737621,7.29806848776972));
#10577=CARTESIAN_POINT('Ctrl Pts',(95.6113002030074,77.4210158957752,7.22700817555305));
#10578=CARTESIAN_POINT('Ctrl Pts',(97.0452949234813,77.6287397138834,7.15594786333638));
#10579=CARTESIAN_POINT('Ctrl Pts',(98.0033987148799,76.5417589252043,7.08488755111971));
#10580=CARTESIAN_POINT('Ctrl Pts',(97.6172978148975,75.145185560972,7.01382723890305));
#10581=CARTESIAN_POINT('Ctrl Pts',(96.2369097275012,74.7047116106149,6.94276692668638));
#10582=CARTESIAN_POINT('Ctrl Pts',(95.1132555280053,75.6195292542622,6.87170661446971));
#10583=CARTESIAN_POINT('Ctrl Pts',(95.2646873984801,77.0605587506208,6.80064630225305));
#10584=CARTESIAN_POINT('Ctrl Pts',(96.5539584414598,77.7218104572451,6.72958599003637));
#10585=CARTESIAN_POINT('Ctrl Pts',(97.8126380450412,77.0040214080334,6.6585256778197));
#10586=CARTESIAN_POINT('Ctrl Pts',(97.8999762704844,75.5576731866364,6.58746536560304));
#10587=CARTESIAN_POINT('Ctrl Pts',(96.7368823330035,74.6936480637414,6.51640505338637));
#10588=CARTESIAN_POINT('Ctrl Pts',(95.3773177207071,75.1948271826098,6.44534474116971));
#10589=CARTESIAN_POINT('Ctrl Pts',(95.0537082964858,76.6073583902412,6.37428442895303));
#10590=CARTESIAN_POINT('Ctrl Pts',(96.0587568385827,77.6503379909388,6.30322411673637));
#10591=CARTESIAN_POINT('Ctrl Pts',(97.482813863387,77.3801263026915,6.2321638045197));
#10592=CARTESIAN_POINT('Ctrl Pts',(98.0326713845495,76.0383810642869,6.16110349230303));
#10593=CARTESIAN_POINT('Ctrl Pts',(97.4875556115921,75.2460389491225,6.11372995082525));
#10594=CARTESIAN_POINT('Ctrl Pts',(97.1077353136189,75.0517212629858,6.09004318008636));
#10595=CARTESIAN_POINT('Ctrl Pts',(97.1077353136189,75.0517212629858,6.09004318008636));
#10596=CARTESIAN_POINT('Ctrl Pts',(97.1525053922943,75.0803389067482,6.09004318008636));
#10597=CARTESIAN_POINT('Ctrl Pts',(97.1952442132165,75.111879884565,6.09004318008636));
#10598=CARTESIAN_POINT('Ctrl Pts',(97.2358091580788,75.1460458220348,6.09004318008636));
#10599=CARTESIAN_POINT('Ctrl Pts',(97.2715895202296,75.1761819314278,6.09004318008636));
#10600=CARTESIAN_POINT('Ctrl Pts',(97.3056782730039,75.2083614491341,6.09004318008636));
#10601=CARTESIAN_POINT('Ctrl Pts',(97.337949493142,75.24239821004,6.09004318008636));
#10602=CARTESIAN_POINT('Ctrl Pts',(97.3478386767151,75.2528284254268,6.09004318008636));
#10603=CARTESIAN_POINT('Ctrl Pts',(97.3575580833202,75.2634346542745,6.09004318008636));
#10604=CARTESIAN_POINT('Ctrl Pts',(97.3670893581459,75.2741948880323,6.09004318008636));
#10605=CARTESIAN_POINT('Ctrl Pts',(97.4018462769953,75.3134333507099,6.09004318008636));
#10606=CARTESIAN_POINT('Ctrl Pts',(97.4341510828103,75.3547649137096,6.09004318008636));
#10607=CARTESIAN_POINT('Ctrl Pts',(97.4638383003904,75.3979156876031,6.09004318008636));
#10608=CARTESIAN_POINT('Ctrl Pts',(97.481036915831,75.4229141086966,6.09004318008636));
#10609=CARTESIAN_POINT('Ctrl Pts',(97.4973561581485,75.4485235498881,6.09004318008636));
#10610=CARTESIAN_POINT('Ctrl Pts',(97.5127561305503,75.4746930005103,6.09004318008636));
#10611=CARTESIAN_POINT('Ctrl Pts',(97.5182275693732,75.4839907151019,6.09004318008636));
#10612=CARTESIAN_POINT('Ctrl Pts',(97.5235829134248,75.4933591274958,6.09004318008636));
#10613=CARTESIAN_POINT('Ctrl Pts',(97.528820187099,75.5027959661168,6.09004318008636));
#10614=CARTESIAN_POINT('Ctrl Pts',(97.5343384586552,75.5127391238323,6.09004318008636));
#10615=CARTESIAN_POINT('Ctrl Pts',(97.5397217257577,75.5227513087855,6.09004318008636));
#10616=CARTESIAN_POINT('Ctrl Pts',(97.5449649330667,75.5328230193872,6.09004318008636));
#10617=CARTESIAN_POINT('Ctrl Pts',(97.5683405005505,75.5777252971284,6.09004318008636));
#10618=CARTESIAN_POINT('Ctrl Pts',(97.5889589343544,75.6238505942281,6.09004318008636));
#10619=CARTESIAN_POINT('Ctrl Pts',(97.6066680506646,75.6709507361607,6.09004318008636));
#10620=CARTESIAN_POINT('Ctrl Pts',(97.6240333162542,75.7171363537625,6.09004318008636));
#10621=CARTESIAN_POINT('Ctrl Pts',(97.6386013471226,75.7642603050831,6.09004318008636));
#10622=CARTESIAN_POINT('Ctrl Pts',(97.6501800071011,75.8120934294438,6.09004318008636));
#10623=CARTESIAN_POINT('Ctrl Pts',(97.6561806196051,75.836882830348,6.09004318008636));
#10624=CARTESIAN_POINT('Ctrl Pts',(97.6613775235464,75.8618626917137,6.09004318008636));
#10625=CARTESIAN_POINT('Ctrl Pts',(97.6657384089632,75.8870003640663,6.09004318008636));
#10626=CARTESIAN_POINT('Ctrl Pts',(97.6683303258008,75.9019410813758,6.09004318008636));
#10627=CARTESIAN_POINT('Ctrl Pts',(97.6706268375678,75.9169375318387,6.09004318008636));
#10628=CARTESIAN_POINT('Ctrl Pts',(97.6726204869078,75.9319826759805,6.09004318008636));
#10629=CARTESIAN_POINT('Ctrl Pts',(97.6740818292003,75.9430107464588,6.09004318008636));
#10630=CARTESIAN_POINT('Ctrl Pts',(97.6753805074134,75.9540672234547,6.09004318008636));
#10631=CARTESIAN_POINT('Ctrl Pts',(97.6765115854572,75.9651267775489,6.09004318008636));
#10632=CARTESIAN_POINT('Ctrl Pts',(97.6803168970595,76.0023346870655,6.09004318008636));
#10633=CARTESIAN_POINT('Ctrl Pts',(97.6822348527048,76.0396323978739,6.09004318008636));
#10634=CARTESIAN_POINT('Ctrl Pts',(97.682188821071,76.0769178235177,6.09004318008636));
#10635=CARTESIAN_POINT('Ctrl Pts',(97.6821283364493,76.1259101072935,6.09004318008636));
#10636=CARTESIAN_POINT('Ctrl Pts',(97.6786784389887,76.1748823360612,6.09004318008636));
#10637=CARTESIAN_POINT('Ctrl Pts',(97.6719927078428,76.223541837147,6.09004318008636));
#10638=CARTESIAN_POINT('Ctrl Pts',(97.6665871025052,76.262884439034,6.09004318008636));
#10639=CARTESIAN_POINT('Ctrl Pts',(97.6590649617176,76.302022662277,6.09004318008636));
#10640=CARTESIAN_POINT('Ctrl Pts',(97.6494857811099,76.3407895511639,6.09004318008636));
#10641=CARTESIAN_POINT('Ctrl Pts',(97.6458367493528,76.3555571617213,6.09004318008636));
#10642=CARTESIAN_POINT('Ctrl Pts',(97.6418890419496,76.370270739915,6.09004318008636));
#10643=CARTESIAN_POINT('Ctrl Pts',(97.6376453353439,76.3849204436176,6.09004318008636));
#10644=CARTESIAN_POINT('Ctrl Pts',(97.6349780495651,76.3941281834496,6.09004318008636));
#10645=CARTESIAN_POINT('Ctrl Pts',(97.6321960018562,76.4033029969144,6.09004318008636));
#10646=CARTESIAN_POINT('Ctrl Pts',(97.6293022112215,76.4124371727001,6.09004318008636));
#10647=CARTESIAN_POINT('Ctrl Pts',(97.6148032341854,76.4582028211789,6.09004318008636));
#10648=CARTESIAN_POINT('Ctrl Pts',(97.5974898280257,76.5029951884419,6.09004318008636));
#10649=CARTESIAN_POINT('Ctrl Pts',(97.5775083530299,76.5465401911215,6.09004318008636));
#10650=CARTESIAN_POINT('Ctrl Pts',(97.5577288637207,76.5896450127203,6.09004318008636));
#10651=CARTESIAN_POINT('Ctrl Pts',(97.5353341905077,76.631528508291,6.09004318008636));
#10652=CARTESIAN_POINT('Ctrl Pts',(97.5104281644251,76.6718917070344,6.09004318008636));
#10653=CARTESIAN_POINT('Ctrl Pts',(97.4980629611425,76.6919310001734,6.09004318008636));
#10654=CARTESIAN_POINT('Ctrl Pts',(97.4850782222541,76.7115949566557,6.09004318008636));
#10655=CARTESIAN_POINT('Ctrl Pts',(97.4714839959233,76.730842832125,6.09004318008636));
#10656=CARTESIAN_POINT('Ctrl Pts',(97.4625094522974,76.7435497632812,6.09004318008636));
#10657=CARTESIAN_POINT('Ctrl Pts',(97.4532692429607,76.7560752943692,6.09004318008636));
#10658=CARTESIAN_POINT('Ctrl Pts',(97.4437659267026,76.7684069193329,6.09004318008636));
#10659=CARTESIAN_POINT('Ctrl Pts',(97.4383426963913,76.7754441724847,6.09004318008636));
#10660=CARTESIAN_POINT('Ctrl Pts',(97.4328395599785,76.7824107399163,6.09004318008636));
#10661=CARTESIAN_POINT('Ctrl Pts',(97.4272585650252,76.7893033729824,6.09004318008636));
#10662=CARTESIAN_POINT('Ctrl Pts',(97.3985585737194,76.8247483985961,6.09004318008636));
#10663=CARTESIAN_POINT('Ctrl Pts',(97.3677922156228,76.8582543635763,6.09004318008636));
#10664=CARTESIAN_POINT('Ctrl Pts',(97.3350635649341,76.8895575303322,6.09004318008636));
#10665=CARTESIAN_POINT('Ctrl Pts',(97.3034674728904,76.919777466604,6.09004318008636));
#10666=CARTESIAN_POINT('Ctrl Pts',(97.2700418220246,76.947944910095,6.09004318008636));
#10667=CARTESIAN_POINT('Ctrl Pts',(97.2348581203924,76.9737799300224,6.09004318008636));
#10668=CARTESIAN_POINT('Ctrl Pts',(97.2174113952609,76.9865908757311,6.09004318008636));
#10669=CARTESIAN_POINT('Ctrl Pts',(97.1995320972775,76.9988275812439,6.09004318008636));
#10670=CARTESIAN_POINT('Ctrl Pts',(97.1812276155555,77.0104512780172,6.09004318008636));
#10671=CARTESIAN_POINT('Ctrl Pts',(97.1668251402048,77.0195971259468,6.09004318008636));
#10672=CARTESIAN_POINT('Ctrl Pts',(97.1521593907916,77.0283633715503,6.09004318008636));
#10673=CARTESIAN_POINT('Ctrl Pts',(97.1372467819952,77.036745687342,6.09004318008636));
#10674=CARTESIAN_POINT('Ctrl Pts',(95.7437955429124,75.5115799724394,9.));
#10675=CARTESIAN_POINT('Ctrl Pts',(95.7113216742683,75.5404260058317,9.));
#10676=CARTESIAN_POINT('Ctrl Pts',(95.6809498609766,75.5713500327357,9.));
#10677=CARTESIAN_POINT('Ctrl Pts',(95.6526871327107,75.6040479505017,9.));
#10678=CARTESIAN_POINT('Ctrl Pts',(95.623131115774,75.6382421090486,9.));
#10679=CARTESIAN_POINT('Ctrl Pts',(95.5958809553923,75.6743766699031,9.));
#10680=CARTESIAN_POINT('Ctrl Pts',(95.5709706560636,75.7121545631857,9.));
#10681=CARTESIAN_POINT('Ctrl Pts',(95.551931281592,75.7410288632278,9.));
#10682=CARTESIAN_POINT('Ctrl Pts',(95.5342592811955,75.7708643331856,9.));
#10683=CARTESIAN_POINT('Ctrl Pts',(95.5179830759913,75.8015439183479,9.));
#10684=CARTESIAN_POINT('Ctrl Pts',(95.5126040575167,75.8116830173152,9.));
#10685=CARTESIAN_POINT('Ctrl Pts',(95.5073775903512,75.8219144012863,9.));
#10686=CARTESIAN_POINT('Ctrl Pts',(95.5023050199721,75.8322340920105,9.));
#10687=CARTESIAN_POINT('Ctrl Pts',(95.4988372815348,75.839288895692,9.));
#10688=CARTESIAN_POINT('Ctrl Pts',(95.4954420280372,75.8463839939827,9.));
#10689=CARTESIAN_POINT('Ctrl Pts',(95.4921237383324,75.8535088803199,9.));
#10690=CARTESIAN_POINT('Ctrl Pts',(95.4722881804581,75.8960989215349,9.));
#10691=CARTESIAN_POINT('Ctrl Pts',(95.455157155065,75.9398362199164,9.));
#10692=CARTESIAN_POINT('Ctrl Pts',(95.4407608394403,75.9844056689591,9.));
#10693=CARTESIAN_POINT('Ctrl Pts',(95.4254568254308,76.0317852548426,9.));
#10694=CARTESIAN_POINT('Ctrl Pts',(95.4132421713716,76.0801060531907,9.));
#10695=CARTESIAN_POINT('Ctrl Pts',(95.4041987466179,76.1290311013562,9.));
#10696=CARTESIAN_POINT('Ctrl Pts',(95.3984391105491,76.1601908090729,9.));
#10697=CARTESIAN_POINT('Ctrl Pts',(95.3939667724527,76.1915964260257,9.));
#10698=CARTESIAN_POINT('Ctrl Pts',(95.3908147355495,76.2231661816185,9.));
#10699=CARTESIAN_POINT('Ctrl Pts',(95.3899406485667,76.2319207467656,9.));
#10700=CARTESIAN_POINT('Ctrl Pts',(95.3891681522199,76.2406879490036,9.));
#10701=CARTESIAN_POINT('Ctrl Pts',(95.3884980905776,76.2494660717523,9.));
#10702=CARTESIAN_POINT('Ctrl Pts',(95.387820604607,76.2583414566947,9.));
#10703=CARTESIAN_POINT('Ctrl Pts',(95.3872485392018,76.2672190189533,9.));
#10704=CARTESIAN_POINT('Ctrl Pts',(95.3867822535385,76.2760948074814,9.));
#10705=CARTESIAN_POINT('Ctrl Pts',(95.3841978106053,76.3252899055632,9.));
#10706=CARTESIAN_POINT('Ctrl Pts',(95.3848577992052,76.3744483978032,9.00000000000001));
#10707=CARTESIAN_POINT('Ctrl Pts',(95.3888233375471,76.4232531300841,9.00000000000001));
#10708=CARTESIAN_POINT('Ctrl Pts',(95.3910899676014,76.4511490330982,9.00000000000001));
#10709=CARTESIAN_POINT('Ctrl Pts',(95.3944373521048,76.4789298815771,9.00000000000001));
#10710=CARTESIAN_POINT('Ctrl Pts',(95.398884091154,76.506539109201,9.00000000000001));
#10711=CARTESIAN_POINT('Ctrl Pts',(95.4064579876794,76.5535644531341,9.));
#10712=CARTESIAN_POINT('Ctrl Pts',(95.4172181250057,76.6000923051709,9.));
#10713=CARTESIAN_POINT('Ctrl Pts',(95.4309547862218,76.6459276414929,9.));
#10714=CARTESIAN_POINT('Ctrl Pts',(95.4345775638726,76.6580158213959,9.));
#10715=CARTESIAN_POINT('Ctrl Pts',(95.4384076494769,76.6700558139161,9.));
#10716=CARTESIAN_POINT('Ctrl Pts',(95.4424417794504,76.6820439652942,9.));
#10717=CARTESIAN_POINT('Ctrl Pts',(95.4453288199054,76.6906233314117,9.));
#10718=CARTESIAN_POINT('Ctrl Pts',(95.4483201183571,76.6991750898232,9.00000000000001));
#10719=CARTESIAN_POINT('Ctrl Pts',(95.4514098615461,76.7076860649326,9.00000000000001));
#10720=CARTESIAN_POINT('Ctrl Pts',(95.4682029005402,76.7539439990549,9.00000000000001));
#10721=CARTESIAN_POINT('Ctrl Pts',(95.487930558783,76.7990908022451,9.));
#10722=CARTESIAN_POINT('Ctrl Pts',(95.5103255439369,76.8429240215155,9.));
#10723=CARTESIAN_POINT('Ctrl Pts',(95.5332760408454,76.8878445319085,9.));
#10724=CARTESIAN_POINT('Ctrl Pts',(95.5590281587168,76.9313864357943,9.00000000000001));
#10725=CARTESIAN_POINT('Ctrl Pts',(95.5873497189752,76.9733279391417,9.00000000000001));
#10726=CARTESIAN_POINT('Ctrl Pts',(95.6039250459779,76.9978744022117,9.00000000000001));
#10727=CARTESIAN_POINT('Ctrl Pts',(95.6213814792405,77.0218725470311,9.));
#10728=CARTESIAN_POINT('Ctrl Pts',(95.6396802123614,77.0452752479055,9.));
#10729=CARTESIAN_POINT('Ctrl Pts',(95.6497160245694,77.0581102955333,9.));
#10730=CARTESIAN_POINT('Ctrl Pts',(95.660005286336,77.070766195446,9.));
#10731=CARTESIAN_POINT('Ctrl Pts',(95.670542242503,77.0832347786247,9.));
#10732=CARTESIAN_POINT('Ctrl Pts',(95.6772902633293,77.0912198416382,9.));
#10733=CARTESIAN_POINT('Ctrl Pts',(95.6841400415352,77.0991280770456,9.));
#10734=CARTESIAN_POINT('Ctrl Pts',(95.6910799514986,77.106946305769,9.));
#10735=CARTESIAN_POINT('Ctrl Pts',(95.725998598429,77.1462842755484,9.));
#10736=CARTESIAN_POINT('Ctrl Pts',(95.7632545521504,77.1834166150263,9.));
#10737=CARTESIAN_POINT('Ctrl Pts',(95.8026046723454,77.2181012447875,9.));
#10738=CARTESIAN_POINT('Ctrl Pts',(95.8279345754592,77.2404279443512,9.));
#10739=CARTESIAN_POINT('Ctrl Pts',(95.8541332758502,77.2617401335296,9.));
#10740=CARTESIAN_POINT('Ctrl Pts',(95.8811457806373,77.2819674759189,9.));
#10741=CARTESIAN_POINT('Ctrl Pts',(95.8906079489187,77.289052880219,9.));
#10742=CARTESIAN_POINT('Ctrl Pts',(95.9001719005473,77.2960064294696,9.));
#10743=CARTESIAN_POINT('Ctrl Pts',(95.9098293824736,77.302820647854,9.));
#10744=CARTESIAN_POINT('Ctrl Pts',(95.9533001304951,77.3334931536496,9.));
#10745=CARTESIAN_POINT('Ctrl Pts',(95.9985742362427,77.3612843118283,9.));
#10746=CARTESIAN_POINT('Ctrl Pts',(96.0454212252198,77.3859413246351,9.));
#10747=CARTESIAN_POINT('Ctrl Pts',(96.0716265073169,77.3997339715134,9.));
#10748=CARTESIAN_POINT('Ctrl Pts',(96.0983247375083,77.4125454357874,9.));
#10749=CARTESIAN_POINT('Ctrl Pts',(96.1254807402405,77.4243265213459,9.));
#10750=CARTESIAN_POINT('Ctrl Pts',(96.1447947160694,77.4327055012702,9.));
#10751=CARTESIAN_POINT('Ctrl Pts',(96.1643403259117,77.440563201586,9.));
#10752=CARTESIAN_POINT('Ctrl Pts',(96.1840980299223,77.447904869503,9.));
#10753=CARTESIAN_POINT('Ctrl Pts',(97.5580271469977,76.2010732058679,8.27303847577294));
#10754=CARTESIAN_POINT('Ctrl Pts',(97.5587408328035,76.2800588162857,8.27849127645974));
#10755=CARTESIAN_POINT('Ctrl Pts',(97.5504762507216,76.3588966006583,8.28394407714653));
#10756=CARTESIAN_POINT('Ctrl Pts',(97.5326652818962,76.4355151353946,8.28939687783333));
#10757=CARTESIAN_POINT('Ctrl Pts',(97.4552950717167,76.7683433040532,8.31308364857222));
#10758=CARTESIAN_POINT('Ctrl Pts',(97.1977843088697,77.0592941774856,8.33677041931111));
#10759=CARTESIAN_POINT('Ctrl Pts',(96.8768209697103,77.1765287892225,8.36045719005));
#10760=CARTESIAN_POINT('Ctrl Pts',(96.5558576305508,77.2937634009594,8.38414396078889));
#10761=CARTESIAN_POINT('Ctrl Pts',(96.171441715079,77.2372817510007,8.40783073152778));
#10762=CARTESIAN_POINT('Ctrl Pts',(95.8977699012291,77.0326717555893,8.43151750226667));
#10763=CARTESIAN_POINT('Ctrl Pts',(95.6240980873792,76.828061760178,8.45520427300556));
#10764=CARTESIAN_POINT('Ctrl Pts',(95.4611703751513,76.475323419314,8.47889104374445));
#10765=CARTESIAN_POINT('Ctrl Pts',(95.4828122580876,76.1343103301335,8.50257781448333));
#10766=CARTESIAN_POINT('Ctrl Pts',(95.5044541410239,75.7932972409531,8.52626458522222));
#10767=CARTESIAN_POINT('Ctrl Pts',(95.7106656191245,75.4640094034561,8.54995135596111));
#10768=CARTESIAN_POINT('Ctrl Pts',(96.0080117462152,75.2956331748529,8.5736381267));
#10769=CARTESIAN_POINT('Ctrl Pts',(96.3053578733059,75.1272569462496,8.59732489743889));
#10770=CARTESIAN_POINT('Ctrl Pts',(96.6938386493867,75.1197923265401,8.62101166817778));
#10771=CARTESIAN_POINT('Ctrl Pts',(96.9974003604438,75.2766799923218,8.64469843891667));
#10772=CARTESIAN_POINT('Ctrl Pts',(97.300962071501,75.4335676581035,8.66838520965556));
#10773=CARTESIAN_POINT('Ctrl Pts',(97.5196047175344,75.7548076093766,8.69207198039445));
#10774=CARTESIAN_POINT('Ctrl Pts',(97.5542879242866,76.0947107011482,8.71575875113334));
#10775=CARTESIAN_POINT('Ctrl Pts',(97.5578410214641,76.1295318387855,8.71818532601321));
#10776=CARTESIAN_POINT('Ctrl Pts',(97.5594634943833,76.164548843033,8.72061190089308));
#10777=CARTESIAN_POINT('Ctrl Pts',(97.5592279900951,76.1995873019787,8.72303847577294));
#10778=CARTESIAN_POINT('Ctrl Pts',(96.8553728679093,77.445846778241,9.));
#10779=CARTESIAN_POINT('Ctrl Pts',(97.2673610093277,77.3349928508025,8.97631322926111));
#10780=CARTESIAN_POINT('Ctrl Pts',(97.9657006788192,76.6737220395796,8.92893968778334));
#10781=CARTESIAN_POINT('Ctrl Pts',(97.7076836598256,75.2468196692589,8.85787937556667));
#10782=CARTESIAN_POINT('Ctrl Pts',(96.3712639543757,74.6856287603023,8.78681906335));
#10783=CARTESIAN_POINT('Ctrl Pts',(95.1708415905278,75.4961318554561,8.71575875113333));
#10784=CARTESIAN_POINT('Ctrl Pts',(95.1928240388454,76.9450915669454,8.64469843891667));
#10785=CARTESIAN_POINT('Ctrl Pts',(96.4180117073711,77.7187269290472,8.57363812669999));
#10786=CARTESIAN_POINT('Ctrl Pts',(97.7356937004743,77.1161979756626,8.50257781448333));
#10787=CARTESIAN_POINT('Ctrl Pts',(97.9518405981991,75.6834273378767,8.43151750226666));
#10788=CARTESIAN_POINT('Ctrl Pts',(96.8704841653727,74.7189773520573,8.36045719004999));
#10789=CARTESIAN_POINT('Ctrl Pts',(95.4716767167761,75.0968813214501,8.28939687783332));
#10790=CARTESIAN_POINT('Ctrl Pts',(95.0231163535523,76.4746662341601,8.21833656561666));
#10791=CARTESIAN_POINT('Ctrl Pts',(95.9313342245755,77.6036615509832,8.14727625339999));
#10792=CARTESIAN_POINT('Ctrl Pts',(97.3732236857849,77.4606811331464,8.07621594118332));
#10793=CARTESIAN_POINT('Ctrl Pts',(98.042026376699,76.1753041174583,8.00515562896665));
#10794=CARTESIAN_POINT('Ctrl Pts',(97.3316167150999,74.9124469330963,7.93409531674999));
#10795=CARTESIAN_POINT('Ctrl Pts',(95.8858275086733,74.8166155245499,7.86303500453331));
#10796=CARTESIAN_POINT('Ctrl Pts',(95.014953090955,75.9746604668875,7.79197469231665));
#10797=CARTESIAN_POINT('Ctrl Pts',(95.5082524563012,77.33706494442,7.72091438009998));
#10798=CARTESIAN_POINT('Ctrl Pts',(96.9186566067086,77.669104640597,7.64985406788331));
#10799=CARTESIAN_POINT('Ctrl Pts',(97.9679399088861,76.669857522332,7.57879375566665));
#10800=CARTESIAN_POINT('Ctrl Pts',(97.7051544722753,75.2449245225371,7.50773344344997));
#10801=CARTESIAN_POINT('Ctrl Pts',(96.3684583412241,74.6856985467326,7.43667313123331));
#10802=CARTESIAN_POINT('Ctrl Pts',(95.1692768253503,75.4989967279586,7.36561281901663));
#10803=CARTESIAN_POINT('Ctrl Pts',(95.1944080463207,76.9477405539409,7.29455250679997));
#10804=CARTESIAN_POINT('Ctrl Pts',(96.4210759979929,77.7189577501082,7.2234921945833));
#10805=CARTESIAN_POINT('Ctrl Pts',(97.7375720663786,77.1137071192316,7.15243188236664));
#10806=CARTESIAN_POINT('Ctrl Pts',(97.9507779130562,75.6805171085029,7.08137157014997));
#10807=CARTESIAN_POINT('Ctrl Pts',(96.8674686601105,74.7182639449514,7.01031125793329));
#10808=CARTESIAN_POINT('Ctrl Pts',(95.4694293169148,75.0990212827214,6.93925094571663));
#10809=CARTESIAN_POINT('Ctrl Pts',(95.0236795628178,76.4777156899617,6.86819063349996));
#10810=CARTESIAN_POINT('Ctrl Pts',(95.9341948458948,77.6048583328931,6.79713032128329));
#10811=CARTESIAN_POINT('Ctrl Pts',(97.3757906005273,77.4589412095654,6.72607000906663));
#10812=CARTESIAN_POINT('Ctrl Pts',(98.0419723580571,76.1722013247863,6.65500969684996));
#10813=CARTESIAN_POINT('Ctrl Pts',(97.3289915592969,74.9108004888379,6.58394938463329));
#10814=CARTESIAN_POINT('Ctrl Pts',(95.8830090609125,74.8179020263727,6.51288907241662));
#10815=CARTESIAN_POINT('Ctrl Pts',(95.0144981463272,75.9777468320013,6.44182876019995));
#10816=CARTESIAN_POINT('Ctrl Pts',(95.5105682179192,77.3390849452875,6.37076844798328));
#10817=CARTESIAN_POINT('Ctrl Pts',(96.9216550389866,77.6683727829198,6.29970813576662));
#10818=CARTESIAN_POINT('Ctrl Pts',(97.9688813621029,76.6667318783413,6.22864782354995));
#10819=CARTESIAN_POINT('Ctrl Pts',(97.7032343847237,75.2428776715177,6.15758751133328));
#10820=CARTESIAN_POINT('Ctrl Pts',(96.3653331148778,74.6852280883962,6.08652719911661));
#10821=CARTESIAN_POINT('Ctrl Pts',(95.1680970654202,75.5033044897158,6.01546688689995));
#10822=CARTESIAN_POINT('Ctrl Pts',(95.1875059054201,76.4648556722801,5.96809334542217));
#10823=CARTESIAN_POINT('Ctrl Pts',(95.3978188361933,76.8360581682948,5.94440657468328));
#10824=CARTESIAN_POINT('Ctrl Pts',(96.8335255522781,77.3646513242787,9.04854553513436));
#10825=CARTESIAN_POINT('Ctrl Pts',(97.2186599446855,77.2610229532217,9.02485876439547));
#10826=CARTESIAN_POINT('Ctrl Pts',(97.8714812209911,76.6428543544357,8.97748522291771));
#10827=CARTESIAN_POINT('Ctrl Pts',(97.6302819779771,75.3089587342218,8.90642491070102));
#10828=CARTESIAN_POINT('Ctrl Pts',(96.3809712830439,74.7843467417469,8.83536459848437));
#10829=CARTESIAN_POINT('Ctrl Pts',(95.2587935035063,75.5420205330887,8.76430428626768));
#10830=CARTESIAN_POINT('Ctrl Pts',(95.2793431165298,76.8965357775953,8.69324397405103));
#10831=CARTESIAN_POINT('Ctrl Pts',(96.4246719764287,77.6197449071156,8.62218366183435));
#10832=CARTESIAN_POINT('Ctrl Pts',(97.6564662995681,77.0564893202662,8.55112334961769));
#10833=CARTESIAN_POINT('Ctrl Pts',(97.8585245526025,75.7171079314161,8.48006303740102));
#10834=CARTESIAN_POINT('Ctrl Pts',(96.8476518820968,74.8155216429928,8.40900272518436));
#10835=CARTESIAN_POINT('Ctrl Pts',(95.5400199319261,75.168793499652,8.33794241296768));
#10836=CARTESIAN_POINT('Ctrl Pts',(95.1206971272613,76.4567731812945,8.26688210075102));
#10837=CARTESIAN_POINT('Ctrl Pts',(95.9697165595337,77.5121795914849,8.19582178853435));
#10838=CARTESIAN_POINT('Ctrl Pts',(97.3176223988852,77.3785187628986,8.12476147631767));
#10839=CARTESIAN_POINT('Ctrl Pts',(97.9428319428269,76.1769237503648,8.05370116410101));
#10840=CARTESIAN_POINT('Ctrl Pts',(97.2787274071033,74.9963807067664,7.98264085188435));
#10841=CARTESIAN_POINT('Ctrl Pts',(95.9271760113541,74.906795673622,7.91158053966767));
#10842=CARTESIAN_POINT('Ctrl Pts',(95.1130659532919,75.9893582292143,7.84052022745101));
#10843=CARTESIAN_POINT('Ctrl Pts',(95.5742116326153,77.2629599859566,7.76945991523435));
#10844=CARTESIAN_POINT('Ctrl Pts',(96.8926844013844,77.5733570430224,7.69839960301767));
#10845=CARTESIAN_POINT('Ctrl Pts',(97.8735744960748,76.6392417298175,7.62733929080101));
#10846=CARTESIAN_POINT('Ctrl Pts',(97.6279176450934,75.3071871148283,7.55627897858433));
#10847=CARTESIAN_POINT('Ctrl Pts',(96.3783485422224,74.7844119794364,7.48521866636767));
#10848=CARTESIAN_POINT('Ctrl Pts',(95.2573307310978,75.5446986706846,7.414158354151));
#10849=CARTESIAN_POINT('Ctrl Pts',(95.2808238770063,76.8990121012911,7.34309804193433));
#10850=CARTESIAN_POINT('Ctrl Pts',(96.4275365338956,77.6199606830571,7.27203772971766));
#10851=CARTESIAN_POINT('Ctrl Pts',(97.6582222319324,77.0541608200458,7.200977417501));
#10852=CARTESIAN_POINT('Ctrl Pts',(97.8575311342111,75.7143873933497,7.12991710528433));
#10853=CARTESIAN_POINT('Ctrl Pts',(96.8448329301167,74.8148547363889,7.05885679306765));
#10854=CARTESIAN_POINT('Ctrl Pts',(95.5379190195624,75.1707939763675,6.98779648085099));
#10855=CARTESIAN_POINT('Ctrl Pts',(95.1212236260519,76.4596238708878,6.91673616863433));
#10856=CARTESIAN_POINT('Ctrl Pts',(95.9723907230424,77.5132983660984,6.84567585641765));
#10857=CARTESIAN_POINT('Ctrl Pts',(97.3200219998694,77.3768922490651,6.77461554420099));
#10858=CARTESIAN_POINT('Ctrl Pts',(97.9427814451676,76.1740232004452,6.70355523198432));
#10859=CARTESIAN_POINT('Ctrl Pts',(97.2762733612619,74.9948415791913,6.63249491976765));
#10860=CARTESIAN_POINT('Ctrl Pts',(95.9245412724945,74.9079983201257,6.56143460755098));
#10861=CARTESIAN_POINT('Ctrl Pts',(95.1126406623547,75.9922434223384,6.49037429533432));
#10862=CARTESIAN_POINT('Ctrl Pts',(95.5763764508566,77.264848321393,6.41931398311765));
#10863=CARTESIAN_POINT('Ctrl Pts',(96.8954873932121,77.5726728884716,6.34825367090098));
#10864=CARTESIAN_POINT('Ctrl Pts',(97.8744545845441,76.6363198180481,6.27719335868431));
#10865=CARTESIAN_POINT('Ctrl Pts',(97.6261227105353,75.3052736793566,6.20613304646764));
#10866=CARTESIAN_POINT('Ctrl Pts',(96.3754270208751,74.7839721859876,6.13507273425097));
#10867=CARTESIAN_POINT('Ctrl Pts',(95.2562278689564,75.5487256487459,6.06401242203431));
#10868=CARTESIAN_POINT('Ctrl Pts',(95.2743716237134,76.4476020804569,6.01663888055653));
#10869=CARTESIAN_POINT('Ctrl Pts',(95.4709761728877,76.7946092716603,5.99295210981764));
#10870=CARTESIAN_POINT('Ctrl Pts',(96.8116782366469,77.2834558703163,9.09709107026872));
#10871=CARTESIAN_POINT('Ctrl Pts',(97.1699588800432,77.1870530556408,9.07340429952984));
#10872=CARTESIAN_POINT('Ctrl Pts',(97.777261763163,76.6119866692918,9.02603075805206));
#10873=CARTESIAN_POINT('Ctrl Pts',(97.5528802961286,75.3710977991847,8.95497044583539));
#10874=CARTESIAN_POINT('Ctrl Pts',(96.3906786117121,74.8830647231915,8.88391013361872));
#10875=CARTESIAN_POINT('Ctrl Pts',(95.3467454164847,75.5879092107213,8.81284982140206));
#10876=CARTESIAN_POINT('Ctrl Pts',(95.3658621942142,76.8479799882452,8.74178950918538));
#10877=CARTESIAN_POINT('Ctrl Pts',(96.4313322454864,77.520762885184,8.67072919696872));
#10878=CARTESIAN_POINT('Ctrl Pts',(97.5772388986617,76.9967806648699,8.59966888475205));
#10879=CARTESIAN_POINT('Ctrl Pts',(97.7652085070061,75.7507885249555,8.52860857253538));
#10880=CARTESIAN_POINT('Ctrl Pts',(96.8248195988208,74.9120659339283,8.45754826031872));
#10881=CARTESIAN_POINT('Ctrl Pts',(95.6083631470762,75.2407056778538,8.38648794810205));
#10882=CARTESIAN_POINT('Ctrl Pts',(95.2182779009703,76.4388801284288,8.31542763588538));
#10883=CARTESIAN_POINT('Ctrl Pts',(96.0080988944919,77.4206976319866,8.24436732366871));
#10884=CARTESIAN_POINT('Ctrl Pts',(97.2620211119854,77.2963563926507,8.17330701145204));
#10885=CARTESIAN_POINT('Ctrl Pts',(97.8436375089549,76.1785433832713,8.10224669923537));
#10886=CARTESIAN_POINT('Ctrl Pts',(97.2258380991067,75.0803144804365,8.03118638701871));
#10887=CARTESIAN_POINT('Ctrl Pts',(95.968524514035,74.9969758226942,7.96012607480204));
#10888=CARTESIAN_POINT('Ctrl Pts',(95.2111788156288,76.004055991541,7.88906576258537));
#10889=CARTESIAN_POINT('Ctrl Pts',(95.6401708089294,77.1888550274934,7.8180054503687));
#10890=CARTESIAN_POINT('Ctrl Pts',(96.86671219606,77.4776094454478,7.74694513815203));
#10891=CARTESIAN_POINT('Ctrl Pts',(97.7792090832638,76.6086259373029,7.67588482593537));
#10892=CARTESIAN_POINT('Ctrl Pts',(97.5506808179114,75.3694497071195,7.60482451371869));
#10893=CARTESIAN_POINT('Ctrl Pts',(96.3882387432208,74.8831254121401,7.53376420150203));
#10894=CARTESIAN_POINT('Ctrl Pts',(95.3453846368453,75.5904006134105,7.46270388928536));
#10895=CARTESIAN_POINT('Ctrl Pts',(95.3672397076918,76.8502836486414,7.3916435770687));
#10896=CARTESIAN_POINT('Ctrl Pts',(96.4339970697984,77.5209636160059,7.32058326485202));
#10897=CARTESIAN_POINT('Ctrl Pts',(97.5788723974863,76.9946145208599,7.24952295263536));
#10898=CARTESIAN_POINT('Ctrl Pts',(97.7642843553658,75.7482576781966,7.17846264041869));
#10899=CARTESIAN_POINT('Ctrl Pts',(96.822197200123,74.9114455278263,7.10740232820202));
#10900=CARTESIAN_POINT('Ctrl Pts',(95.6064087222097,75.2425666700136,7.03634201598535));
#10901=CARTESIAN_POINT('Ctrl Pts',(95.2187676892864,76.441532051814,6.96528170376869));
#10902=CARTESIAN_POINT('Ctrl Pts',(96.0105866001896,77.4217383993038,6.89422139155201));
#10903=CARTESIAN_POINT('Ctrl Pts',(97.2642533992117,77.2948432885649,6.82316107933535));
#10904=CARTESIAN_POINT('Ctrl Pts',(97.843590532278,76.175845076104,6.75210076711868));
#10905=CARTESIAN_POINT('Ctrl Pts',(97.2235551632269,75.0788826695448,6.68104045490201));
#10906=CARTESIAN_POINT('Ctrl Pts',(95.9660734840764,74.9980946138788,6.60998014268534));
#10907=CARTESIAN_POINT('Ctrl Pts',(95.2107831783822,76.0067400126756,6.53891983046868));
#10908=CARTESIAN_POINT('Ctrl Pts',(95.6421846837937,77.1906116974985,6.467859518252));
#10909=CARTESIAN_POINT('Ctrl Pts',(96.8693197474378,77.4769729940234,6.39679920603534));
#10910=CARTESIAN_POINT('Ctrl Pts',(97.7800278069851,76.6059077577549,6.32573889381867));
#10911=CARTESIAN_POINT('Ctrl Pts',(97.5490110363468,75.3676696871956,6.254678581602));
#10912=CARTESIAN_POINT('Ctrl Pts',(96.3855209268724,74.8827162835791,6.18361826938533));
#10913=CARTESIAN_POINT('Ctrl Pts',(95.3443586724926,75.5941468077759,6.11255795716867));
#10914=CARTESIAN_POINT('Ctrl Pts',(95.3612373420067,76.4303484886337,6.06518441569089));
#10915=CARTESIAN_POINT('Ctrl Pts',(95.5441335095822,76.7531603750258,6.041497644952));
#10916=CARTESIAN_POINT('Ctrl Pts',(96.7898309210157,77.2022604163539,9.14563660540309));
#10917=CARTESIAN_POINT('Ctrl Pts',(97.121257815401,77.1130831580599,9.1219498346642));
#10918=CARTESIAN_POINT('Ctrl Pts',(97.6830423053349,76.5811189841478,9.07457629318641));
#10919=CARTESIAN_POINT('Ctrl Pts',(97.4754786142802,75.4332368641476,9.00351598096975));
#10920=CARTESIAN_POINT('Ctrl Pts',(96.4003859403803,74.9817827046361,8.93245566875308));
#10921=CARTESIAN_POINT('Ctrl Pts',(95.4346973294633,75.633797888354,8.86139535653642));
#10922=CARTESIAN_POINT('Ctrl Pts',(95.4523812718986,76.799424198895,8.79033504431975));
#10923=CARTESIAN_POINT('Ctrl Pts',(96.437992514544,77.4217808632525,8.71927473210308));
#10924=CARTESIAN_POINT('Ctrl Pts',(97.4980114977555,76.9370720094735,8.64821441988641));
#10925=CARTESIAN_POINT('Ctrl Pts',(97.6718924614097,75.7844691184949,8.57715410766974));
#10926=CARTESIAN_POINT('Ctrl Pts',(96.8019873155448,75.0086102248639,8.50609379545308));
#10927=CARTESIAN_POINT('Ctrl Pts',(95.6767063622262,75.3126178560557,8.43503348323641));
#10928=CARTESIAN_POINT('Ctrl Pts',(95.3158586746793,76.4209870755632,8.36397317101974));
#10929=CARTESIAN_POINT('Ctrl Pts',(96.0464812294501,77.3292156724882,8.29291285880307));
#10930=CARTESIAN_POINT('Ctrl Pts',(97.2064198250858,77.2141940224028,8.2218525465864));
#10931=CARTESIAN_POINT('Ctrl Pts',(97.7444430750828,76.1801630161777,8.15079223436973));
#10932=CARTESIAN_POINT('Ctrl Pts',(97.1729487911102,75.1642482541067,8.07973192215307));
#10933=CARTESIAN_POINT('Ctrl Pts',(96.0098730167156,75.0871559717664,8.0086716099364));
#10934=CARTESIAN_POINT('Ctrl Pts',(95.3092916779659,76.0187537538678,7.93761129771973));
#10935=CARTESIAN_POINT('Ctrl Pts',(95.7061299852434,77.11475006903,7.86655098550307));
#10936=CARTESIAN_POINT('Ctrl Pts',(96.8407399907359,77.3818618478732,7.79549067328639));
#10937=CARTESIAN_POINT('Ctrl Pts',(97.6848436704526,76.5780101447883,7.72443036106973));
#10938=CARTESIAN_POINT('Ctrl Pts',(97.4734439907295,75.4317122994107,7.65337004885305));
#10939=CARTESIAN_POINT('Ctrl Pts',(96.3981289442192,74.9818388448439,7.58230973663639));
#10940=CARTESIAN_POINT('Ctrl Pts',(95.4334385425927,75.6361025561364,7.51124942441971));
#10941=CARTESIAN_POINT('Ctrl Pts',(95.4536555383773,76.8015551959916,7.44018911220306));
#10942=CARTESIAN_POINT('Ctrl Pts',(96.4404576057011,77.4219665489548,7.36912879998638));
#10943=CARTESIAN_POINT('Ctrl Pts',(97.4995225630401,76.9350682216741,7.29806848776972));
#10944=CARTESIAN_POINT('Ctrl Pts',(97.6710375765205,75.7821279630433,7.22700817555305));
#10945=CARTESIAN_POINT('Ctrl Pts',(96.7995614701294,75.0080363192638,7.15594786333638));
#10946=CARTESIAN_POINT('Ctrl Pts',(95.6748984248571,75.3143393636597,7.08488755111971));
#10947=CARTESIAN_POINT('Ctrl Pts',(95.3163117525206,76.4234402327401,7.01382723890305));
#10948=CARTESIAN_POINT('Ctrl Pts',(96.0487824773371,77.3301784325091,6.94276692668638));
#10949=CARTESIAN_POINT('Ctrl Pts',(97.2084847985538,77.2127943280646,6.8717066144697));
#10950=CARTESIAN_POINT('Ctrl Pts',(97.7443996193885,76.1776669517628,6.80064630225305));
#10951=CARTESIAN_POINT('Ctrl Pts',(97.170836965192,75.1629237598981,6.72958599003637));
#10952=CARTESIAN_POINT('Ctrl Pts',(96.0076056956584,75.0881909076319,6.65852567781971));
#10953=CARTESIAN_POINT('Ctrl Pts',(95.3089256944097,76.0212366030127,6.58746536560304));
#10954=CARTESIAN_POINT('Ctrl Pts',(95.707992916731,77.1163750736039,6.51640505338637));
#10955=CARTESIAN_POINT('Ctrl Pts',(96.8431521016633,77.3812730995752,6.4453447411697));
#10956=CARTESIAN_POINT('Ctrl Pts',(97.6856010294261,76.5754956974617,6.37428442895303));
#10957=CARTESIAN_POINT('Ctrl Pts',(97.4718993621585,75.4300656950345,6.30322411673637));
#10958=CARTESIAN_POINT('Ctrl Pts',(96.3956148328696,74.9814603811706,6.23216380451969));
#10959=CARTESIAN_POINT('Ctrl Pts',(95.4324894760288,75.6395679668059,6.16110349230303));
#10960=CARTESIAN_POINT('Ctrl Pts',(95.4481030603001,76.4130948968105,6.11372995082525));
#10961=CARTESIAN_POINT('Ctrl Pts',(95.6172908462767,76.7117114783914,6.09004318008636));
#10962=CARTESIAN_POINT('Ctrl Pts',(95.6172908462767,76.7117114783913,6.09004318008636));
#10963=CARTESIAN_POINT('Ctrl Pts',(95.5901429763212,76.6748233571607,6.09004318008636));
#10964=CARTESIAN_POINT('Ctrl Pts',(95.5657352531762,76.6361262621802,6.09004318008636));
#10965=CARTESIAN_POINT('Ctrl Pts',(95.5440169646925,76.595956601725,6.09004318008636));
#10966=CARTESIAN_POINT('Ctrl Pts',(95.5270165344907,76.564512986391,6.09004318008636));
#10967=CARTESIAN_POINT('Ctrl Pts',(95.5116646412163,76.5321657876316,6.09004318008636));
#10968=CARTESIAN_POINT('Ctrl Pts',(95.4979540656338,76.4990579005585,6.09004318008636));
#10969=CARTESIAN_POINT('Ctrl Pts',(95.4928569430243,76.4867495216187,6.09004318008636));
#10970=CARTESIAN_POINT('Ctrl Pts',(95.4879863435916,76.4743339810893,6.09004318008636));
#10971=CARTESIAN_POINT('Ctrl Pts',(95.4833497685363,76.4618396425422,6.09004318008636));
#10972=CARTESIAN_POINT('Ctrl Pts',(95.4672292338025,76.4183990821885,6.09004318008636));
#10973=CARTESIAN_POINT('Ctrl Pts',(95.4539107739623,76.3739542421563,6.09004318008636));
#10974=CARTESIAN_POINT('Ctrl Pts',(95.4433676494708,76.3288153591904,6.09004318008636));
#10975=CARTESIAN_POINT('Ctrl Pts',(95.4361840034381,76.298059603835,6.09004318008636));
#10976=CARTESIAN_POINT('Ctrl Pts',(95.4302896055243,76.2669807630265,6.09004318008636));
#10977=CARTESIAN_POINT('Ctrl Pts',(95.4256873673585,76.2356694693858,6.09004318008636));
#10978=CARTESIAN_POINT('Ctrl Pts',(95.4241879497476,76.2254681926564,6.09004318008636));
#10979=CARTESIAN_POINT('Ctrl Pts',(95.4228258621644,76.2152419020133,6.09004318008636));
#10980=CARTESIAN_POINT('Ctrl Pts',(95.4216028676679,76.2050089548932,6.09004318008636));
#10981=CARTESIAN_POINT('Ctrl Pts',(95.4158812094348,76.1571351285517,6.09004318008636));
#10982=CARTESIAN_POINT('Ctrl Pts',(95.4131877518353,76.1090377133541,6.09004318008636));
#10983=CARTESIAN_POINT('Ctrl Pts',(95.4134933095752,76.0610424893275,6.09004318008636));
#10984=CARTESIAN_POINT('Ctrl Pts',(95.4137999017257,76.0128847861338,6.09004318008636));
#10985=CARTESIAN_POINT('Ctrl Pts',(95.4171255188435,75.9648287696352,6.09004318008636));
#10986=CARTESIAN_POINT('Ctrl Pts',(95.4234888225464,75.9171823812194,6.09004318008636));
#10987=CARTESIAN_POINT('Ctrl Pts',(95.4266589675694,75.8934453464729,6.09004318008636));
#10988=CARTESIAN_POINT('Ctrl Pts',(95.4305838291973,75.8698097628879,6.09004318008636));
#10989=CARTESIAN_POINT('Ctrl Pts',(95.4352705469004,75.8463131956151,6.09004318008636));
#10990=CARTESIAN_POINT('Ctrl Pts',(95.4386875412451,75.8291823073095,6.09004318008636));
#10991=CARTESIAN_POINT('Ctrl Pts',(95.4425095734832,75.812125308404,6.09004318008636));
#10992=CARTESIAN_POINT('Ctrl Pts',(95.4467405481696,75.7951568822755,6.09004318008636));
#10993=CARTESIAN_POINT('Ctrl Pts',(95.4489491865247,75.7862990848293,6.09004318008636));
#10994=CARTESIAN_POINT('Ctrl Pts',(95.4512672449766,75.7774737061902,6.09004318008636));
#10995=CARTESIAN_POINT('Ctrl Pts',(95.4536937417512,75.7686860645703,6.09004318008636));
#10996=CARTESIAN_POINT('Ctrl Pts',(95.4632487392819,75.7340823120089,6.09004318008636));
#10997=CARTESIAN_POINT('Ctrl Pts',(95.4744881670951,75.7000476029031,6.09004318008636));
#10998=CARTESIAN_POINT('Ctrl Pts',(95.4874102438937,75.6667049256974,6.09004318008636));
#10999=CARTESIAN_POINT('Ctrl Pts',(95.5044947345566,75.6226220227497,6.09004318008636));
#11000=CARTESIAN_POINT('Ctrl Pts',(95.524518145604,75.5797478714803,6.09004318008636));
#11001=CARTESIAN_POINT('Ctrl Pts',(95.5472088329152,75.5382180417508,6.09004318008636));
#11002=CARTESIAN_POINT('Ctrl Pts',(95.5685650260852,75.4991306816434,6.09004318008636));
#11003=CARTESIAN_POINT('Ctrl Pts',(95.5922848577372,75.4612337153789,6.09004318008636));
#11004=CARTESIAN_POINT('Ctrl Pts',(95.6181804096628,75.4246500597619,6.09004318008636));
#11005=CARTESIAN_POINT('Ctrl Pts',(95.6256216078232,75.4141375890619,6.09004318008636));
#11006=CARTESIAN_POINT('Ctrl Pts',(95.6332426731956,75.4037336498324,6.09004318008636));
#11007=CARTESIAN_POINT('Ctrl Pts',(95.6410396376093,75.39344139971,6.09004318008636));
#11008=CARTESIAN_POINT('Ctrl Pts',(95.6472139214506,75.3852911414492,6.09004318008636));
#11009=CARTESIAN_POINT('Ctrl Pts',(95.6534941748781,75.3772167649009,6.09004318008636));
#11010=CARTESIAN_POINT('Ctrl Pts',(95.6598726346397,75.3692260391233,6.09004318008636));
#11011=CARTESIAN_POINT('Ctrl Pts',(95.6911831255286,75.3300012801679,6.09004318008636));
#11012=CARTESIAN_POINT('Ctrl Pts',(95.7248928244907,75.2927421114489,6.09004318008636));
#11013=CARTESIAN_POINT('Ctrl Pts',(95.7607020828383,75.2575979041804,6.09004318008636));
#11014=CARTESIAN_POINT('Ctrl Pts',(95.797284291312,75.2216951020485,6.09004318008636));
#11015=CARTESIAN_POINT('Ctrl Pts',(95.8360582814251,75.187998641207,6.09004318008636));
#11016=CARTESIAN_POINT('Ctrl Pts',(95.8767547873232,75.1566884369249,6.09004318008636));
#11017=CARTESIAN_POINT('Ctrl Pts',(95.8978130719195,75.1404870658738,6.09004318008636));
#11018=CARTESIAN_POINT('Ctrl Pts',(95.9193868687673,75.1249250374685,6.09004318008636));
#11019=CARTESIAN_POINT('Ctrl Pts',(95.9414431156021,75.1100306452251,6.09004318008636));
#11020=CARTESIAN_POINT('Ctrl Pts',(95.9582861714321,75.098656675665,6.09004318008636));
#11021=CARTESIAN_POINT('Ctrl Pts',(95.9754106266566,75.0876720817303,6.09004318008636));
#11022=CARTESIAN_POINT('Ctrl Pts',(95.9928026746871,75.0770906035384,6.09004318008636));
#11023=CARTESIAN_POINT('Ctrl Pts',(96.0011080628534,75.0720375308006,6.09004318008636));
#11024=CARTESIAN_POINT('Ctrl Pts',(96.0094666476777,75.0670811980761,6.09004318008636));
#11025=CARTESIAN_POINT('Ctrl Pts',(96.0178738922118,75.0622241682579,6.09004318008636));
#11026=CARTESIAN_POINT('Ctrl Pts',(96.063807932778,75.035687173432,6.09004318008636));
#11027=CARTESIAN_POINT('Ctrl Pts',(96.1112159288528,75.0120969356693,6.09004318008636));
#11028=CARTESIAN_POINT('Ctrl Pts',(96.1598043117275,74.9916321657223,6.09004318008636));
#11029=CARTESIAN_POINT('Ctrl Pts',(96.2079416805676,74.9713573567888,6.09004318008636));
#11030=CARTESIAN_POINT('Ctrl Pts',(96.2572385527671,74.9541494436155,6.09004318008636));
#11031=CARTESIAN_POINT('Ctrl Pts',(96.3074443369707,74.9402181697933,6.09004318008636));
#11032=CARTESIAN_POINT('Ctrl Pts',(96.334509609548,74.9327080047928,6.09004318008636));
#11033=CARTESIAN_POINT('Ctrl Pts',(96.3618395443468,74.9261507704893,6.09004318008636));
#11034=CARTESIAN_POINT('Ctrl Pts',(96.3893977082327,74.920585011548,6.09004318008636));
#11035=CARTESIAN_POINT('Ctrl Pts',(96.4100239808218,74.9164192455861,6.09004318008636));
#11036=CARTESIAN_POINT('Ctrl Pts',(96.4307781491309,74.9128089934849,6.09004318008636));
#11037=CARTESIAN_POINT('Ctrl Pts',(96.4516428279367,74.9097466538781,6.09004318008636));
#11038=CARTESIAN_POINT('Ctrl Pts',(97.5569334355477,76.1994262647109,8.60196152422707));
#11039=CARTESIAN_POINT('Ctrl Pts',(97.5577213542891,76.0793233312402,8.59369238537463));
#11040=CARTESIAN_POINT('Ctrl Pts',(97.5384255438185,75.9594653026177,8.58542324652218));
#11041=CARTESIAN_POINT('Ctrl Pts',(97.4979281098232,75.8472597847195,8.57715410766974));
#11042=CARTESIAN_POINT('Ctrl Pts',(97.3819240794547,75.5258494872846,8.55346733693085));
#11043=CARTESIAN_POINT('Ctrl Pts',(97.0919556974998,75.2672298560742,8.52978056619197));
#11044=CARTESIAN_POINT('Ctrl Pts',(96.7594246809692,75.188587979001,8.50609379545308));
#11045=CARTESIAN_POINT('Ctrl Pts',(96.4268936644386,75.1099461019278,8.48240702471419));
#11046=CARTESIAN_POINT('Ctrl Pts',(96.0518000133324,75.2112819789917,8.4587202539753));
#11047=CARTESIAN_POINT('Ctrl Pts',(95.8041119065215,75.446678120775,8.43503348323641));
#11048=CARTESIAN_POINT('Ctrl Pts',(95.5564237997106,75.6820742625582,8.41134671249752));
#11049=CARTESIAN_POINT('Ctrl Pts',(95.4361412371949,76.0515306690607,8.38765994175863));
#11050=CARTESIAN_POINT('Ctrl Pts',(95.4977703817323,76.3876303051328,8.36397317101974));
#11051=CARTESIAN_POINT('Ctrl Pts',(95.5593995262696,76.7237299412049,8.34028640028085));
#11052=CARTESIAN_POINT('Ctrl Pts',(95.8029403778598,77.0264728068465,8.31659962954196));
#11053=CARTESIAN_POINT('Ctrl Pts',(96.1180339029276,77.1586739646531,8.29291285880307));
#11054=CARTESIAN_POINT('Ctrl Pts',(96.4331274279953,77.2908751224597,8.26922608806418));
#11055=CARTESIAN_POINT('Ctrl Pts',(96.8197736265405,77.2525345724313,8.24553931732529));
#11056=CARTESIAN_POINT('Ctrl Pts',(97.1027672674793,77.0610257963795,8.2218525465864));
#11057=CARTESIAN_POINT('Ctrl Pts',(97.3811042782442,76.872668276809,8.19855553913329));
#11058=CARTESIAN_POINT('Ctrl Pts',(97.5591718496288,76.5361417924887,8.17525853168018));
#11059=CARTESIAN_POINT('Ctrl Pts',(97.5596490208771,76.2000499664086,8.15196152422707));
#11060=CARTESIAN_POINT('Ctrl Pts',(96.8553728679093,77.445846778241,9.));
#11061=CARTESIAN_POINT('Ctrl Pts',(96.9044624923877,77.4274414152107,9.));
#11062=CARTESIAN_POINT('Ctrl Pts',(96.9521496791282,77.4058639002553,9.));
#11063=CARTESIAN_POINT('Ctrl Pts',(96.9982566938026,77.3813854206387,9.));
#11064=CARTESIAN_POINT('Ctrl Pts',(97.0449066758904,77.3566186764955,9.));
#11065=CARTESIAN_POINT('Ctrl Pts',(97.0899398339237,77.3288812983695,9.));
#11066=CARTESIAN_POINT('Ctrl Pts',(97.1331388723975,77.2984113919968,9.));
#11067=CARTESIAN_POINT('Ctrl Pts',(97.1641515177921,77.2765370069427,9.));
#11068=CARTESIAN_POINT('Ctrl Pts',(97.1942182235355,77.2532533929687,9.));
#11069=CARTESIAN_POINT('Ctrl Pts',(97.2232448250693,77.2286394201182,9.));
#11070=CARTESIAN_POINT('Ctrl Pts',(97.2351793686148,77.2185191678224,9.));
#11071=CARTESIAN_POINT('Ctrl Pts',(97.2469379317218,77.2081739461835,9.));
#11072=CARTESIAN_POINT('Ctrl Pts',(97.2585133104524,77.1976089905948,9.));
#11073=CARTESIAN_POINT('Ctrl Pts',(97.2671424964547,77.1897330524503,9.));
#11074=CARTESIAN_POINT('Ctrl Pts',(97.275671667438,77.1817330678311,9.));
#11075=CARTESIAN_POINT('Ctrl Pts',(97.2840809258481,77.173627923422,9.));
#11076=CARTESIAN_POINT('Ctrl Pts',(97.3211960130097,77.1378550732449,9.));
#11077=CARTESIAN_POINT('Ctrl Pts',(97.3560514613803,77.0999717746214,9.));
#11078=CARTESIAN_POINT('Ctrl Pts',(97.3884494333423,77.0602063134325,9.));
#11079=CARTESIAN_POINT('Ctrl Pts',(97.4201106485227,77.0213451518474,9.));
#11080=CARTESIAN_POINT('Ctrl Pts',(97.4494253117638,76.9806854703614,9.));
#11081=CARTESIAN_POINT('Ctrl Pts',(97.4761648299859,76.9384196461465,9.));
#11082=CARTESIAN_POINT('Ctrl Pts',(97.494405887968,76.9095869146156,9.));
#11083=CARTESIAN_POINT('Ctrl Pts',(97.5114476599568,76.8800063270862,9.00000000000001));
#11084=CARTESIAN_POINT('Ctrl Pts',(97.5272038965449,76.849736647053,9.00000000000001));
#11085=CARTESIAN_POINT('Ctrl Pts',(97.533430944773,76.8377737169231,9.00000000000001));
#11086=CARTESIAN_POINT('Ctrl Pts',(97.5394570717443,76.825703148465,9.00000000000001));
#11087=CARTESIAN_POINT('Ctrl Pts',(97.5452764241353,76.8135285658435,9.00000000000001));
#11088=CARTESIAN_POINT('Ctrl Pts',(97.5492982227766,76.8051146193158,9.00000000000001));
#11089=CARTESIAN_POINT('Ctrl Pts',(97.5532193723508,76.7966547551337,9.));
#11090=CARTESIAN_POINT('Ctrl Pts',(97.5570345281547,76.7881588584527,9.));
#11091=CARTESIAN_POINT('Ctrl Pts',(97.5768490735839,76.7440342304171,9.));
#11092=CARTESIAN_POINT('Ctrl Pts',(97.593841436762,76.6988701209575,9.00000000000001));
#11093=CARTESIAN_POINT('Ctrl Pts',(97.6078097079894,76.6528477412475,9.00000000000001));
#11094=CARTESIAN_POINT('Ctrl Pts',(97.6168007892014,76.6232241073126,9.00000000000001));
#11095=CARTESIAN_POINT('Ctrl Pts',(97.6245379764073,76.5932445692918,9.00000000000001));
#11096=CARTESIAN_POINT('Ctrl Pts',(97.6309559739615,76.5629562010937,9.00000000000001));
#11097=CARTESIAN_POINT('Ctrl Pts',(97.6404195271683,76.5182949837014,9.));
#11098=CARTESIAN_POINT('Ctrl Pts',(97.6470161491212,76.4729613981392,9.));
#11099=CARTESIAN_POINT('Ctrl Pts',(97.6507911734098,76.4272155988789,9.));
#11100=CARTESIAN_POINT('Ctrl Pts',(97.6521297113514,76.4109951766253,9.));
#11101=CARTESIAN_POINT('Ctrl Pts',(97.6531131737099,76.3947230423767,9.));
#11102=CARTESIAN_POINT('Ctrl Pts',(97.6537425345687,76.3784112773855,9.));
#11103=CARTESIAN_POINT('Ctrl Pts',(97.6540717577788,76.3698784753247,9.));
#11104=CARTESIAN_POINT('Ctrl Pts',(97.6543038747079,76.3613384444655,9.));
#11105=CARTESIAN_POINT('Ctrl Pts',(97.6544392702343,76.3528011409151,9.));
#11106=CARTESIAN_POINT('Ctrl Pts',(97.6552043595035,76.3045587838049,9.));
#11107=CARTESIAN_POINT('Ctrl Pts',(97.6528885396664,76.2563240866067,9.));
#11108=CARTESIAN_POINT('Ctrl Pts',(97.6475909006155,76.2083979968643,9.));
#11109=CARTESIAN_POINT('Ctrl Pts',(97.642312006507,76.1606414867755,9.));
#11110=CARTESIAN_POINT('Ctrl Pts',(97.6340718287325,76.1131902309373,9.));
#11111=CARTESIAN_POINT('Ctrl Pts',(97.6229206596418,76.066360321321,9.));
#11112=CARTESIAN_POINT('Ctrl Pts',(97.6170917807626,76.0418816438964,9.));
#11113=CARTESIAN_POINT('Ctrl Pts',(97.6104667874882,76.0175731492011,9.));
#11114=CARTESIAN_POINT('Ctrl Pts',(97.6030483640411,75.9934835960162,9.));
#11115=CARTESIAN_POINT('Ctrl Pts',(97.5989261599289,75.9800977255667,9.));
#11116=CARTESIAN_POINT('Ctrl Pts',(97.5945589160664,75.9667795090229,9.));
#11117=CARTESIAN_POINT('Ctrl Pts',(97.5899467234866,75.9535377446791,9.));
#11118=CARTESIAN_POINT('Ctrl Pts',(97.5866761165947,75.944147719225,9.));
#11119=CARTESIAN_POINT('Ctrl Pts',(97.5832826555217,75.9347974039524,9.));
#11120=CARTESIAN_POINT('Ctrl Pts',(97.5797710610044,75.925501452917,9.));
#11121=CARTESIAN_POINT('Ctrl Pts',(97.5634215774982,75.882220830005,9.));
#11122=CARTESIAN_POINT('Ctrl Pts',(97.5444905959964,75.8400465787787,9.));
#11123=CARTESIAN_POINT('Ctrl Pts',(97.5230194029287,75.7992754737645,9.));
#11124=CARTESIAN_POINT('Ctrl Pts',(97.5092325201518,75.773095911048,9.));
#11125=CARTESIAN_POINT('Ctrl Pts',(97.4943974899333,75.747495450286,9.));
#11126=CARTESIAN_POINT('Ctrl Pts',(97.4785177302653,75.7225612727692,9.));
#11127=CARTESIAN_POINT('Ctrl Pts',(97.4709019788175,75.7106031258896,9.));
#11128=CARTESIAN_POINT('Ctrl Pts',(97.4630436554555,75.6987955443496,9.));
#11129=CARTESIAN_POINT('Ctrl Pts',(97.4549580091385,75.6871697161676,9.));
#11130=CARTESIAN_POINT('Ctrl Pts',(97.4297712193026,75.6509552591396,9.));
#11131=CARTESIAN_POINT('Ctrl Pts',(97.402355707163,75.6164590784072,9.));
#11132=CARTESIAN_POINT('Ctrl Pts',(97.3727334876802,75.5839665568675,9.));
#11133=CARTESIAN_POINT('Ctrl Pts',(97.360734002468,75.5708043584053,9.));
#11134=CARTESIAN_POINT('Ctrl Pts',(97.3483720748926,75.5579714181448,9.));
#11135=CARTESIAN_POINT('Ctrl Pts',(97.335647889015,75.5454888234123,9.));
#11136=CARTESIAN_POINT('Ctrl Pts',(97.323464215073,75.5335364780415,9.));
#11137=CARTESIAN_POINT('Ctrl Pts',(97.3109483730451,75.521905367191,9.));
#11138=CARTESIAN_POINT('Ctrl Pts',(97.2981160840901,75.510602247714,9.));
#11139=CARTESIAN_POINT('Origin',(107.18821437642,12.44602489205,9.99367508117602));
#11140=CARTESIAN_POINT('Ctrl Pts',(108.479793180334,12.4453250870015,8.86867508117602));
#11141=CARTESIAN_POINT('Ctrl Pts',(108.480086267409,12.4017708358733,8.86624850629615));
#11142=CARTESIAN_POINT('Ctrl Pts',(108.458385649887,11.9333521789885,8.8401351606774));
#11143=CARTESIAN_POINT('Ctrl Pts',(107.886965810639,11.093789704358,8.79033504431974));
#11144=CARTESIAN_POINT('Ctrl Pts',(106.438260262243,11.121639402979,8.71927473210308));
#11145=CARTESIAN_POINT('Ctrl Pts',(105.669261233077,12.3496019094311,8.6482144198864));
#11146=CARTESIAN_POINT('Ctrl Pts',(106.276846767924,13.6650260879894,8.57715410766975));
#11147=CARTESIAN_POINT('Ctrl Pts',(107.710397819122,13.8756536136468,8.50609379545307));
#11148=CARTESIAN_POINT('Ctrl Pts',(108.42428696112,13.0690603844827,8.4532674532885));
#11149=CARTESIAN_POINT('Ctrl Pts',(108.479187315007,12.5453531513679,8.42412788186282));
#11150=CARTESIAN_POINT('Ctrl Pts',(108.47830016404,12.4471696207747,8.41867508117602));
#11151=CARTESIAN_POINT('Ctrl Pts',(108.4768748895,12.4472566844276,8.90632491882398));
#11152=CARTESIAN_POINT('Ctrl Pts',(108.474771384619,12.1559080859947,8.89017640440488));
#11153=CARTESIAN_POINT('Ctrl Pts',(108.233915089709,11.4331386530408,8.85034111924688));
#11154=CARTESIAN_POINT('Ctrl Pts',(107.039287092326,10.9315551322811,8.78681906335));
#11155=CARTESIAN_POINT('Ctrl Pts',(105.838884872682,11.7419986051502,8.71575875113333));
#11156=CARTESIAN_POINT('Ctrl Pts',(105.860862676324,13.1909618502071,8.64469843891667));
#11157=CARTESIAN_POINT('Ctrl Pts',(107.086035945572,13.964572795405,8.57363812669999));
#11158=CARTESIAN_POINT('Ctrl Pts',(108.250363078247,13.4321727062939,8.51084695333577));
#11159=CARTESIAN_POINT('Ctrl Pts',(108.475114289605,12.7234795408641,8.47174255071043));
#11160=CARTESIAN_POINT('Ctrl Pts',(108.476940565926,12.445122468454,8.45632491882398));
#11161=CARTESIAN_POINT('Ctrl Pts',(106.411816878946,11.7574524641844,9.));
#11162=CARTESIAN_POINT('Ctrl Pts',(106.184085518981,12.0142301840261,8.97631322926111));
#11163=CARTESIAN_POINT('Ctrl Pts',(106.00743446095,12.7673877311539,8.92893968778333));
#11164=CARTESIAN_POINT('Ctrl Pts',(106.812302937238,13.6119683513742,8.85787937556668));
#11165=CARTESIAN_POINT('Ctrl Pts',(107.958414944676,13.3975833412338,8.78681906334999));
#11166=CARTESIAN_POINT('Ctrl Pts',(108.406256497402,12.3219336255112,8.71575875113334));
#11167=CARTESIAN_POINT('Ctrl Pts',(107.750330113522,11.3582093369901,8.64469843891666));
#11168=CARTESIAN_POINT('Ctrl Pts',(106.584908266353,11.3806132321404,8.5736381267));
#11169=CARTESIAN_POINT('Ctrl Pts',(105.966281334168,12.3684567135905,8.50257781448332));
#11170=CARTESIAN_POINT('Ctrl Pts',(106.455057992144,13.426659381264,8.43151750226666));
#11171=CARTESIAN_POINT('Ctrl Pts',(107.608288692439,13.5961002454121,8.36045719004999));
#11172=CARTESIAN_POINT('Ctrl Pts',(108.380809844657,12.723261181042,8.28939687783332));
#11173=CARTESIAN_POINT('Ctrl Pts',(108.072503262529,11.5991607027108,8.21833656561665));
#11174=CARTESIAN_POINT('Ctrl Pts',(106.962779721937,11.2425623417796,8.14727625339999));
#11175=CARTESIAN_POINT('Ctrl Pts',(106.05736419651,11.976640342368,8.07621594118332));
#11176=CARTESIAN_POINT('Ctrl Pts',(106.176819070123,13.1361144646355,8.00515562896665));
#11177=CARTESIAN_POINT('Ctrl Pts',(107.212884652631,13.6701715966657,7.93409531674998));
#11178=CARTESIAN_POINT('Ctrl Pts',(108.226591936041,13.0948052552042,7.86303500453331));
#11179=CARTESIAN_POINT('Ctrl Pts',(108.299235051117,11.9314600521097,7.79197469231665));
#11180=CARTESIAN_POINT('Ctrl Pts',(107.364978730099,11.2344563855321,7.72091438009998));
#11181=CARTESIAN_POINT('Ctrl Pts',(106.270523841059,11.6354769410718,7.64985406788331));
#11182=CARTESIAN_POINT('Ctrl Pts',(106.007756509372,12.7710835364084,7.57879375566664));
#11183=CARTESIAN_POINT('Ctrl Pts',(106.814818369828,13.6120949232497,7.50773344344998));
#11184=CARTESIAN_POINT('Ctrl Pts',(107.960282775055,13.3963165752874,7.43667313123331));
#11185=CARTESIAN_POINT('Ctrl Pts',(108.406034525273,12.3193047942108,7.36561281901664));
#11186=CARTESIAN_POINT('Ctrl Pts',(107.748096271761,11.3571373116282,7.29455250679996));
#11187=CARTESIAN_POINT('Ctrl Pts',(106.582746440903,11.3818104109521,7.22349219458331));
#11188=CARTESIAN_POINT('Ctrl Pts',(105.966122045993,12.3709632506009,7.15243188236663));
#11189=CARTESIAN_POINT('Ctrl Pts',(106.457059482683,13.4281432338519,7.08137157014997));
#11190=CARTESIAN_POINT('Ctrl Pts',(107.610630301908,13.5952457423847,7.0103112579333));
#11191=CARTESIAN_POINT('Ctrl Pts',(108.381372747169,12.720828796869,6.93925094571663));
#11192=CARTESIAN_POINT('Ctrl Pts',(108.07077553401,11.5973613615529,6.86819063349997));
#11193=CARTESIAN_POINT('Ctrl Pts',(106.960328370632,11.2430241182717,6.79713032128329));
#11194=CARTESIAN_POINT('Ctrl Pts',(106.056409559875,11.9789449775524,6.72607000906663));
#11195=CARTESIAN_POINT('Ctrl Pts',(106.178228394004,13.1381753280951,6.65500969684996));
#11196=CARTESIAN_POINT('Ctrl Pts',(107.215376673903,13.6701155582121,6.58394938463329));
#11197=CARTESIAN_POINT('Ctrl Pts',(108.227916359113,13.0926948793115,6.51288907241662));
#11198=CARTESIAN_POINT('Ctrl Pts',(108.298174698328,11.9291832665531,6.44182876019995));
#11199=CARTESIAN_POINT('Ctrl Pts',(107.362529490953,11.2341278220141,6.37076844798329));
#11200=CARTESIAN_POINT('Ctrl Pts',(106.268833152092,11.6372882550166,6.29970813576662));
#11201=CARTESIAN_POINT('Ctrl Pts',(106.00850622883,12.7736129526189,6.22864782354995));
#11202=CARTESIAN_POINT('Ctrl Pts',(106.817019082748,13.6125952720577,6.15758751133328));
#11203=CARTESIAN_POINT('Ctrl Pts',(107.962579750043,13.3952834598718,6.08652719911661));
#11204=CARTESIAN_POINT('Ctrl Pts',(108.404989813607,12.3157451215851,6.01546688689995));
#11205=CARTESIAN_POINT('Ctrl Pts',(107.966416320815,11.6784812998294,5.96809334542217));
#11206=CARTESIAN_POINT('Ctrl Pts',(107.660867084984,11.522161006195,5.94440657468328));
#11207=CARTESIAN_POINT('Ctrl Pts',(106.348909541361,11.7016611223618,9.04854553513436));
#11208=CARTESIAN_POINT('Ctrl Pts',(106.102726327047,11.9792441677733,9.02485876439547));
#11209=CARTESIAN_POINT('Ctrl Pts',(105.91176217839,12.7934260435811,8.9774852229177));
#11210=CARTESIAN_POINT('Ctrl Pts',(106.781844843434,13.706438515227,8.90642491070103));
#11211=CARTESIAN_POINT('Ctrl Pts',(108.020820178224,13.4746830340971,8.83536459848436));
#11212=CARTESIAN_POINT('Ctrl Pts',(108.504947937221,12.3118791737375,8.76430428626769));
#11213=CARTESIAN_POINT('Ctrl Pts',(107.795875345894,11.2700694594461,8.69324397405102));
#11214=CARTESIAN_POINT('Ctrl Pts',(106.536025598316,11.2942886224199,8.62218366183436));
#11215=CARTESIAN_POINT('Ctrl Pts',(105.867274633805,12.3621717788707,8.55112334961768));
#11216=CARTESIAN_POINT('Ctrl Pts',(106.395654250737,13.5061149501724,8.48006303740102));
#11217=CARTESIAN_POINT('Ctrl Pts',(107.642325068,13.6892847014903,8.40900272518435));
#11218=CARTESIAN_POINT('Ctrl Pts',(108.477439478276,12.7457241550718,8.33794241296769));
#11219=CARTESIAN_POINT('Ctrl Pts',(108.144152462407,11.5305438258905,8.26688210075101));
#11220=CARTESIAN_POINT('Ctrl Pts',(106.944513957352,11.1450522066136,8.19582178853435));
#11221=CARTESIAN_POINT('Ctrl Pts',(105.965737453434,11.9386086222501,8.12476147631768));
#11222=CARTESIAN_POINT('Ctrl Pts',(106.094871116693,13.192028732582,8.05370116410101));
#11223=CARTESIAN_POINT('Ctrl Pts',(107.214883553193,13.7693576582538,7.98264085188434));
#11224=CARTESIAN_POINT('Ctrl Pts',(108.310726117175,13.1473724588036,7.91158053966768));
#11225=CARTESIAN_POINT('Ctrl Pts',(108.38925511542,11.8897676146649,7.84052022745101));
#11226=CARTESIAN_POINT('Ctrl Pts',(107.379301000465,11.1362894680764,7.76945991523434));
#11227=CARTESIAN_POINT('Ctrl Pts',(106.19616828415,11.5698025748518,7.69839960301767));
#11228=CARTESIAN_POINT('Ctrl Pts',(105.912110320674,12.7974213001727,7.627339290801));
#11229=CARTESIAN_POINT('Ctrl Pts',(106.784564088077,13.7065753425447,7.55627897858434));
#11230=CARTESIAN_POINT('Ctrl Pts',(108.02283934891,13.4733136288799,7.48521866636766));
#11231=CARTESIAN_POINT('Ctrl Pts',(108.504707979877,12.309037342294,7.414158354151));
#11232=CARTESIAN_POINT('Ctrl Pts',(107.79346050788,11.2689105736016,7.34309804193433));
#11233=CARTESIAN_POINT('Ctrl Pts',(106.533688611711,11.2955828022291,7.27203772971767));
#11234=CARTESIAN_POINT('Ctrl Pts',(105.86710243936,12.3648814071719,7.20097741750099));
#11235=CARTESIAN_POINT('Ctrl Pts',(106.397817911353,13.507719031401,7.12991710528433));
#11236=CARTESIAN_POINT('Ctrl Pts',(107.644856405563,13.6883609626519,7.05885679306765));
#11237=CARTESIAN_POINT('Ctrl Pts',(108.478047989768,12.743094687816,6.98779648085099));
#11238=CARTESIAN_POINT('Ctrl Pts',(108.142284745285,11.5285986937402,6.91673616863432));
#11239=CARTESIAN_POINT('Ctrl Pts',(106.941863986159,11.1455513983855,6.84567585641766));
#11240=CARTESIAN_POINT('Ctrl Pts',(105.964705467697,11.9410999896998,6.77461554420099));
#11241=CARTESIAN_POINT('Ctrl Pts',(106.096394630553,13.1942565767877,6.70355523198433));
#11242=CARTESIAN_POINT('Ctrl Pts',(107.217577489623,13.769297079304,6.63249491976765));
#11243=CARTESIAN_POINT('Ctrl Pts',(108.312157851166,13.1450910904371,6.56143460755098));
#11244=CARTESIAN_POINT('Ctrl Pts',(108.388108847914,11.8873063533493,6.49037429533432));
#11245=CARTESIAN_POINT('Ctrl Pts',(107.376653312567,11.1359342828134,6.41931398311764));
#11246=CARTESIAN_POINT('Ctrl Pts',(106.194340607697,11.57176064988,6.34825367090098));
#11247=CARTESIAN_POINT('Ctrl Pts',(105.912920785891,12.8001556614532,6.27719335868431));
#11248=CARTESIAN_POINT('Ctrl Pts',(106.786943112997,13.7071162319411,6.20613304646764));
#11249=CARTESIAN_POINT('Ctrl Pts',(108.025322435499,13.4721968056465,6.13507273425097));
#11250=CARTESIAN_POINT('Ctrl Pts',(108.503578620812,12.3051892484301,6.06401242203431));
#11251=CARTESIAN_POINT('Ctrl Pts',(108.029469863085,11.6162913468421,6.01663888055653));
#11252=CARTESIAN_POINT('Ctrl Pts',(107.69916360654,11.4473052557069,5.99295210981764));
#11253=CARTESIAN_POINT('Ctrl Pts',(106.286002203776,11.6458697805393,9.09709107026872));
#11254=CARTESIAN_POINT('Ctrl Pts',(106.021367135113,11.9442581515205,9.07340429952984));
#11255=CARTESIAN_POINT('Ctrl Pts',(105.816089895831,12.8194643560083,9.02603075805205));
#11256=CARTESIAN_POINT('Ctrl Pts',(106.751386749631,13.8009086790797,8.95497044583539));
#11257=CARTESIAN_POINT('Ctrl Pts',(108.083225411772,13.5517827269604,8.88391013361872));
#11258=CARTESIAN_POINT('Ctrl Pts',(108.60363937704,12.3018247219639,8.81284982140205));
#11259=CARTESIAN_POINT('Ctrl Pts',(107.841420578267,11.1819295819021,8.74178950918538));
#11260=CARTESIAN_POINT('Ctrl Pts',(106.48714293028,11.2079640126995,8.67072919696871));
#11261=CARTESIAN_POINT('Ctrl Pts',(105.768267933441,12.3558868441509,8.59966888475205));
#11262=CARTESIAN_POINT('Ctrl Pts',(106.336250509331,13.5855705190809,8.52860857253538));
#11263=CARTESIAN_POINT('Ctrl Pts',(107.676361443561,13.7824691575686,8.45754826031871));
#11264=CARTESIAN_POINT('Ctrl Pts',(108.574069111894,12.7681871291015,8.38648794810205));
#11265=CARTESIAN_POINT('Ctrl Pts',(108.215801662286,11.4619269490702,8.31542763588537));
#11266=CARTESIAN_POINT('Ctrl Pts',(106.926248192767,11.0475420714476,8.24436732366871));
#11267=CARTESIAN_POINT('Ctrl Pts',(105.874110710357,11.9005769021321,8.17330701145204));
#11268=CARTESIAN_POINT('Ctrl Pts',(106.012923163264,13.2479430005286,8.10224669923537));
#11269=CARTESIAN_POINT('Ctrl Pts',(107.216882453755,13.868543719842,8.0311863870187));
#11270=CARTESIAN_POINT('Ctrl Pts',(108.394860298308,13.1999396624029,7.96012607480204));
#11271=CARTESIAN_POINT('Ctrl Pts',(108.479275179723,11.8480751772202,7.88906576258537));
#11272=CARTESIAN_POINT('Ctrl Pts',(107.39362327083,11.0381225506206,7.8180054503687));
#11273=CARTESIAN_POINT('Ctrl Pts',(106.121812727242,11.5041282086319,7.74694513815203));
#11274=CARTESIAN_POINT('Ctrl Pts',(105.816464131977,12.8237590639371,7.67588482593537));
#11275=CARTESIAN_POINT('Ctrl Pts',(106.754309806326,13.8010557618396,7.6048245137187));
#11276=CARTESIAN_POINT('Ctrl Pts',(108.085395922766,13.5503106824723,7.53376420150203));
#11277=CARTESIAN_POINT('Ctrl Pts',(108.603381434482,12.2987698903773,7.46270388928536));
#11278=CARTESIAN_POINT('Ctrl Pts',(107.838824744,11.180683835575,7.39164357706869));
#11279=CARTESIAN_POINT('Ctrl Pts',(106.484630782518,11.2093551935061,7.32058326485203));
#11280=CARTESIAN_POINT('Ctrl Pts',(105.768082832727,12.3587995637428,7.24952295263536));
#11281=CARTESIAN_POINT('Ctrl Pts',(106.338576340022,13.58729482895,7.17846264041869));
#11282=CARTESIAN_POINT('Ctrl Pts',(107.679082509218,13.7814761829191,7.10740232820202));
#11283=CARTESIAN_POINT('Ctrl Pts',(108.574723232367,12.7653605787629,7.03634201598535));
#11284=CARTESIAN_POINT('Ctrl Pts',(108.21379395656,11.4598360259275,6.96528170376868));
#11285=CARTESIAN_POINT('Ctrl Pts',(106.923399601686,11.0480786784994,6.89422139155202));
#11286=CARTESIAN_POINT('Ctrl Pts',(105.873001375519,11.9032550018472,6.82316107933535));
#11287=CARTESIAN_POINT('Ctrl Pts',(106.014560867102,13.2503378254804,6.75210076711868));
#11288=CARTESIAN_POINT('Ctrl Pts',(107.219778305343,13.8684786003959,6.68104045490202));
#11289=CARTESIAN_POINT('Ctrl Pts',(108.396399343219,13.1974873015627,6.60998014268534));
#11290=CARTESIAN_POINT('Ctrl Pts',(108.478042997501,11.8454294401456,6.53891983046868));
#11291=CARTESIAN_POINT('Ctrl Pts',(107.390777134181,11.0377407436128,6.46785951825201));
#11292=CARTESIAN_POINT('Ctrl Pts',(106.119848063302,11.5062330447433,6.39679920603534));
#11293=CARTESIAN_POINT('Ctrl Pts',(105.817335342953,12.8266983702875,6.32573889381868));
#11294=CARTESIAN_POINT('Ctrl Pts',(106.756867143246,13.8016371918244,6.254678581602));
#11295=CARTESIAN_POINT('Ctrl Pts',(108.088065120955,13.5491101514212,6.18361826938534));
#11296=CARTESIAN_POINT('Ctrl Pts',(108.602167428017,12.2946333752752,6.11255795716867));
#11297=CARTESIAN_POINT('Ctrl Pts',(108.092523405356,11.5541013938548,6.06518441569089));
#11298=CARTESIAN_POINT('Ctrl Pts',(107.737460128097,11.3724495052189,6.041497644952));
#11299=CARTESIAN_POINT('Ctrl Pts',(106.22309486619,11.5900784387167,9.14563660540309));
#11300=CARTESIAN_POINT('Ctrl Pts',(105.940007943179,11.9092721352677,9.1219498346642));
#11301=CARTESIAN_POINT('Ctrl Pts',(105.720417613272,12.8455026684355,9.07457629318641));
#11302=CARTESIAN_POINT('Ctrl Pts',(106.720928655827,13.8953788429325,9.00351598096976));
#11303=CARTESIAN_POINT('Ctrl Pts',(108.14563064532,13.6288824198237,8.93245566875308));
#11304=CARTESIAN_POINT('Ctrl Pts',(108.70233081686,12.2917702701902,8.86139535653642));
#11305=CARTESIAN_POINT('Ctrl Pts',(107.886965810639,11.093789704358,8.79033504431974));
#11306=CARTESIAN_POINT('Ctrl Pts',(106.438260262243,11.121639402979,8.71927473210308));
#11307=CARTESIAN_POINT('Ctrl Pts',(105.669261233077,12.3496019094311,8.6482144198864));
#11308=CARTESIAN_POINT('Ctrl Pts',(106.276846767924,13.6650260879894,8.57715410766975));
#11309=CARTESIAN_POINT('Ctrl Pts',(107.710397819122,13.8756536136468,8.50609379545307));
#11310=CARTESIAN_POINT('Ctrl Pts',(108.670698745513,12.7906501031313,8.43503348323641));
#11311=CARTESIAN_POINT('Ctrl Pts',(108.287450862164,11.3933100722499,8.36397317101973));
#11312=CARTESIAN_POINT('Ctrl Pts',(106.907982428182,10.9500319362815,8.29291285880307));
#11313=CARTESIAN_POINT('Ctrl Pts',(105.782483967281,11.8625451820141,8.2218525465864));
#11314=CARTESIAN_POINT('Ctrl Pts',(105.930975209835,13.3038572684752,8.15079223436974));
#11315=CARTESIAN_POINT('Ctrl Pts',(107.218881354317,13.9677297814301,8.07973192215306));
#11316=CARTESIAN_POINT('Ctrl Pts',(108.478994479442,13.2525068660023,8.00867160993641));
#11317=CARTESIAN_POINT('Ctrl Pts',(108.569295244026,11.8063827397754,7.93761129771973));
#11318=CARTESIAN_POINT('Ctrl Pts',(107.407945541196,10.9399556331649,7.86655098550306));
#11319=CARTESIAN_POINT('Ctrl Pts',(106.047457170333,11.4384538424119,7.79549067328639));
#11320=CARTESIAN_POINT('Ctrl Pts',(105.720817943279,12.8500968277015,7.72443036106973));
#11321=CARTESIAN_POINT('Ctrl Pts',(106.724055524574,13.8955361811346,7.65337004885306));
#11322=CARTESIAN_POINT('Ctrl Pts',(108.147952496621,13.6273077360647,7.58230973663639));
#11323=CARTESIAN_POINT('Ctrl Pts',(108.702054889087,12.2885024384605,7.51124942441972));
#11324=CARTESIAN_POINT('Ctrl Pts',(107.88418898012,11.0924570975483,7.44018911220306));
#11325=CARTESIAN_POINT('Ctrl Pts',(106.435572953325,11.1231275847831,7.36912879998638));
#11326=CARTESIAN_POINT('Ctrl Pts',(105.669063226094,12.3527177203138,7.29806848776973));
#11327=CARTESIAN_POINT('Ctrl Pts',(106.279334768692,13.6668706264991,7.22700817555305));
#11328=CARTESIAN_POINT('Ctrl Pts',(107.713308612873,13.8745914031863,7.15594786333638));
#11329=CARTESIAN_POINT('Ctrl Pts',(108.671398474966,12.7876264697099,7.08488755111971));
#11330=CARTESIAN_POINT('Ctrl Pts',(108.285303167835,11.3910733581148,7.01382723890305));
#11331=CARTESIAN_POINT('Ctrl Pts',(106.904935217213,10.9506059586132,6.94276692668638));
#11332=CARTESIAN_POINT('Ctrl Pts',(105.781297283341,11.8654100139946,6.87170661446971));
#11333=CARTESIAN_POINT('Ctrl Pts',(105.932727103651,13.306419074173,6.80064630225305));
#11334=CARTESIAN_POINT('Ctrl Pts',(107.221979121063,13.9676601214878,6.72958599003637));
#11335=CARTESIAN_POINT('Ctrl Pts',(108.480640835273,13.2498835126883,6.65852567781971));
#11336=CARTESIAN_POINT('Ctrl Pts',(108.567977147088,11.8035525269418,6.58746536560304));
#11337=CARTESIAN_POINT('Ctrl Pts',(107.404900955796,10.9395472044121,6.51640505338637));
#11338=CARTESIAN_POINT('Ctrl Pts',(106.045355518907,11.4407054396067,6.4453447411697));
#11339=CARTESIAN_POINT('Ctrl Pts',(105.721749900014,12.8532410791219,6.37428442895303));
#11340=CARTESIAN_POINT('Ctrl Pts',(106.726791173494,13.8961581517078,6.30322411673637));
#11341=CARTESIAN_POINT('Ctrl Pts',(108.150807806411,13.6260234971959,6.23216380451969));
#11342=CARTESIAN_POINT('Ctrl Pts',(108.700756235222,12.2840775021202,6.16110349230303));
#11343=CARTESIAN_POINT('Ctrl Pts',(108.155576947626,11.4919114408675,6.11372995082525));
#11344=CARTESIAN_POINT('Ctrl Pts',(107.775756649653,11.2975937547308,6.09004318008636));
#11345=CARTESIAN_POINT('Ctrl Pts',(107.775756649653,11.2975937547308,6.09004318008636));
#11346=CARTESIAN_POINT('Ctrl Pts',(107.82052825734,11.3262123758584,6.09004318008636));
#11347=CARTESIAN_POINT('Ctrl Pts',(107.863268956372,11.3577531789444,6.09004318008636));
#11348=CARTESIAN_POINT('Ctrl Pts',(107.903835990564,11.3919180830038,6.09004318008636));
#11349=CARTESIAN_POINT('Ctrl Pts',(107.939619675825,11.4220545274884,6.09004318008636));
#11350=CARTESIAN_POINT('Ctrl Pts',(107.973711776534,11.4542338805932,6.09004318008636));
#11351=CARTESIAN_POINT('Ctrl Pts',(108.005986256426,11.4882701524002,6.09004318008636));
#11352=CARTESIAN_POINT('Ctrl Pts',(108.015873447667,11.4986970633711,6.09004318008636));
#11353=CARTESIAN_POINT('Ctrl Pts',(108.025590951849,11.5092998459171,6.09004318008636));
#11354=CARTESIAN_POINT('Ctrl Pts',(108.035120424105,11.5200565143172,6.09004318008636));
#11355=CARTESIAN_POINT('Ctrl Pts',(108.069878487277,11.559290686967,6.09004318008636));
#11356=CARTESIAN_POINT('Ctrl Pts',(108.102184669958,11.6006172998033,6.09004318008636));
#11357=CARTESIAN_POINT('Ctrl Pts',(108.131873378483,11.6437627818666,6.09004318008636));
#11358=CARTESIAN_POINT('Ctrl Pts',(108.149072811936,11.6687580707973,6.09004318008636));
#11359=CARTESIAN_POINT('Ctrl Pts',(108.165392915266,11.6943642617966,6.09004318008636));
#11360=CARTESIAN_POINT('Ctrl Pts',(108.18079376884,11.7205304068884,6.09004318008636));
#11361=CARTESIAN_POINT('Ctrl Pts',(108.186265616218,11.7298271092897,6.09004318008636));
#11362=CARTESIAN_POINT('Ctrl Pts',(108.191621367316,11.7391945049838,6.09004318008636));
#11363=CARTESIAN_POINT('Ctrl Pts',(108.196859045387,11.7486303251246,6.09004318008636));
#11364=CARTESIAN_POINT('Ctrl Pts',(108.202377192845,11.7585714185271,6.09004318008636));
#11365=CARTESIAN_POINT('Ctrl Pts',(108.207760356551,11.7685815186554,6.09004318008636));
#11366=CARTESIAN_POINT('Ctrl Pts',(108.213003484978,11.778651137588,6.09004318008636));
#11367=CARTESIAN_POINT('Ctrl Pts',(108.236380229768,11.8235470266,6.09004318008636));
#11368=CARTESIAN_POINT('Ctrl Pts',(108.256999939656,11.8696659029806,6.09004318008636));
#11369=CARTESIAN_POINT('Ctrl Pts',(108.274710331456,11.9167599011549,6.09004318008636));
#11370=CARTESIAN_POINT('Ctrl Pts',(108.292076847158,11.9629394926626,6.09004318008636));
#11371=CARTESIAN_POINT('Ctrl Pts',(108.306646128012,12.0100576832795,6.09004318008636));
#11372=CARTESIAN_POINT('Ctrl Pts',(108.31822594504,12.0578856129245,6.09004318008636));
#11373=CARTESIAN_POINT('Ctrl Pts',(108.324227225845,12.0826726052824,6.09004318008636));
#11374=CARTESIAN_POINT('Ctrl Pts',(108.329424754735,12.1076502147102,6.09004318008636));
#11375=CARTESIAN_POINT('Ctrl Pts',(108.333786207466,12.1327858345741,6.09004318008636));
#11376=CARTESIAN_POINT('Ctrl Pts',(108.336378143411,12.1477234988382,6.09004318008636));
#11377=CARTESIAN_POINT('Ctrl Pts',(108.338674726402,12.1627169530474,6.09004318008636));
#11378=CARTESIAN_POINT('Ctrl Pts',(108.340668498782,12.1777591696432,6.09004318008636));
#11379=CARTESIAN_POINT('Ctrl Pts',(108.342130571904,12.1887899276122,6.09004318008636));
#11380=CARTESIAN_POINT('Ctrl Pts',(108.343429866843,12.1998491589822,6.09004318008636));
#11381=CARTESIAN_POINT('Ctrl Pts',(108.344561441314,12.2109115189603,6.09004318008636));
#11382=CARTESIAN_POINT('Ctrl Pts',(108.348367349514,12.2481183733321,6.09004318008636));
#11383=CARTESIAN_POINT('Ctrl Pts',(108.350285611248,12.2854155689827,6.09004318008636));
#11384=CARTESIAN_POINT('Ctrl Pts',(108.350239542414,12.3227011399758,6.09004318008636));
#11385=CARTESIAN_POINT('Ctrl Pts',(108.350179009779,12.3716929129309,6.09004318008636));
#11386=CARTESIAN_POINT('Ctrl Pts',(108.346728568769,12.4206657717086,6.09004318008636));
#11387=CARTESIAN_POINT('Ctrl Pts',(108.340041900515,12.4693268042222,6.09004318008636));
#11388=CARTESIAN_POINT('Ctrl Pts',(108.334635576155,12.508670362996,6.09004318008636));
#11389=CARTESIAN_POINT('Ctrl Pts',(108.327112489093,12.5478101357831,6.09004318008636));
#11390=CARTESIAN_POINT('Ctrl Pts',(108.317532186069,12.5865790467663,6.09004318008636));
#11391=CARTESIAN_POINT('Ctrl Pts',(108.313882907833,12.6013466947978,6.09004318008636));
#11392=CARTESIAN_POINT('Ctrl Pts',(108.309934958031,12.6160603843961,6.09004318008636));
#11393=CARTESIAN_POINT('Ctrl Pts',(108.305691015564,12.6307102682497,6.09004318008636));
#11394=CARTESIAN_POINT('Ctrl Pts',(108.303023405442,12.6399187291899,6.09004318008636));
#11395=CARTESIAN_POINT('Ctrl Pts',(108.300241020223,12.6490942889015,6.09004318008636));
#11396=CARTESIAN_POINT('Ctrl Pts',(108.297346880805,12.6582292307251,6.09004318008636));
#11397=CARTESIAN_POINT('Ctrl Pts',(108.2828462839,12.703998314376,6.09004318008636));
#11398=CARTESIAN_POINT('Ctrl Pts',(108.26553101682,12.7487946561091,6.09004318008636));
#11399=CARTESIAN_POINT('Ctrl Pts',(108.245547537966,12.7923439432304,6.09004318008636));
#11400=CARTESIAN_POINT('Ctrl Pts',(108.225766396518,12.8354522836177,6.09004318008636));
#11401=CARTESIAN_POINT('Ctrl Pts',(108.203370018344,12.8773396432345,6.09004318008636));
#11402=CARTESIAN_POINT('Ctrl Pts',(108.178462323851,12.9177068442117,6.09004318008636));
#11403=CARTESIAN_POINT('Ctrl Pts',(108.166095945357,12.9377486865493,6.09004318008636));
#11404=CARTESIAN_POINT('Ctrl Pts',(108.153110005565,12.957415205225,6.09004318008636));
#11405=CARTESIAN_POINT('Ctrl Pts',(108.139514564847,12.9766656265484,6.09004318008636));
#11406=CARTESIAN_POINT('Ctrl Pts',(108.130540539907,12.9893723688036,6.09004318008636));
#11407=CARTESIAN_POINT('Ctrl Pts',(108.121300921539,13.0018977572083,6.09004318008636));
#11408=CARTESIAN_POINT('Ctrl Pts',(108.111798270996,13.0142292825869,6.09004318008636));
#11409=CARTESIAN_POINT('Ctrl Pts',(108.106373970971,13.021268360065,6.09004318008636));
#11410=CARTESIAN_POINT('Ctrl Pts',(108.100869739434,13.0282367365696,6.09004318008636));
#11411=CARTESIAN_POINT('Ctrl Pts',(108.095287633942,13.03513114949,6.09004318008636));
#11412=CARTESIAN_POINT('Ctrl Pts',(108.06658640453,13.0705798036144,6.09004318008636));
#11413=CARTESIAN_POINT('Ctrl Pts',(108.035818968337,13.104089330558,6.09004318008636));
#11414=CARTESIAN_POINT('Ctrl Pts',(108.003089480573,13.1353958066906,6.09004318008636));
#11415=CARTESIAN_POINT('Ctrl Pts',(107.971493786688,13.165617783999,6.09004318008636));
#11416=CARTESIAN_POINT('Ctrl Pts',(107.938068898042,13.1937871899662,6.09004318008636));
#11417=CARTESIAN_POINT('Ctrl Pts',(107.902886393213,13.2196239538685,6.09004318008636));
#11418=CARTESIAN_POINT('Ctrl Pts',(107.885435970487,13.2324389155705,6.09004318008636));
#11419=CARTESIAN_POINT('Ctrl Pts',(107.867552869172,13.2446793009298,6.09004318008636));
#11420=CARTESIAN_POINT('Ctrl Pts',(107.849244493217,13.25630629504,6.09004318008636));
#11421=CARTESIAN_POINT('Ctrl Pts',(107.834841690694,13.2654529992868,6.09004318008636));
#11422=CARTESIAN_POINT('Ctrl Pts',(107.820175657875,13.2742200085627,6.09004318008636));
#11423=CARTESIAN_POINT('Ctrl Pts',(107.805262806935,13.2826030018565,6.09004318008636));
#11424=CARTESIAN_POINT('Ctrl Pts',(106.411816878946,11.7574524641844,9.));
#11425=CARTESIAN_POINT('Ctrl Pts',(106.379338895189,11.7863021529679,9.));
#11426=CARTESIAN_POINT('Ctrl Pts',(106.348962717969,11.8172294677618,9.));
#11427=CARTESIAN_POINT('Ctrl Pts',(106.320695572852,11.8499304059532,9.));
#11428=CARTESIAN_POINT('Ctrl Pts',(106.291136058183,11.8841264260361,9.));
#11429=CARTESIAN_POINT('Ctrl Pts',(106.263882166716,11.9202624089953,9.));
#11430=CARTESIAN_POINT('Ctrl Pts',(106.238968118274,11.9580414356949,9.));
#11431=CARTESIAN_POINT('Ctrl Pts',(106.21992822264,11.9869130471134,9.));
#11432=CARTESIAN_POINT('Ctrl Pts',(106.202255353885,12.0167454233061,9.));
#11433=CARTESIAN_POINT('Ctrl Pts',(106.185978018766,12.0474216186316,9.));
#11434=CARTESIAN_POINT('Ctrl Pts',(106.18060282196,12.0575516912697,9.));
#11435=CARTESIAN_POINT('Ctrl Pts',(106.175379910093,12.0677738727145,9.));
#11436=CARTESIAN_POINT('Ctrl Pts',(106.170310628436,12.0780841977892,9.));
#11437=CARTESIAN_POINT('Ctrl Pts',(106.16684223483,12.0851385040938,9.));
#11438=CARTESIAN_POINT('Ctrl Pts',(106.163446320985,12.0922331000361,9.));
#11439=CARTESIAN_POINT('Ctrl Pts',(106.160127368952,12.0993574780171,9.));
#11440=CARTESIAN_POINT('Ctrl Pts',(106.140286623622,12.1419471170835,9.));
#11441=CARTESIAN_POINT('Ctrl Pts',(106.123150660142,12.1856839488747,9.));
#11442=CARTESIAN_POINT('Ctrl Pts',(106.108749873071,12.2302530184513,9.));
#11443=CARTESIAN_POINT('Ctrl Pts',(106.093436980884,12.2776449668166,9.));
#11444=CARTESIAN_POINT('Ctrl Pts',(106.081215637864,12.3259787317516,9.));
#11445=CARTESIAN_POINT('Ctrl Pts',(106.072168054165,12.3749172657548,9.));
#11446=CARTESIAN_POINT('Ctrl Pts',(106.066408755194,12.4060694117733,9.));
#11447=CARTESIAN_POINT('Ctrl Pts',(106.061936447712,12.4374674237507,9.));
#11448=CARTESIAN_POINT('Ctrl Pts',(106.058784186654,12.4690296413355,9.));
#11449=CARTESIAN_POINT('Ctrl Pts',(106.057910895069,12.4777735297688,9.));
#11450=CARTESIAN_POINT('Ctrl Pts',(106.057138975321,12.48653003564,9.));
#11451=CARTESIAN_POINT('Ctrl Pts',(106.056469269999,12.4952974497407,9.));
#11452=CARTESIAN_POINT('Ctrl Pts',(106.055791699634,12.5041678286704,9.));
#11453=CARTESIAN_POINT('Ctrl Pts',(106.055219463198,12.513040372579,9.));
#11454=CARTESIAN_POINT('Ctrl Pts',(106.05475291812,12.5219111719017,9.));
#11455=CARTESIAN_POINT('Ctrl Pts',(106.052165787411,12.5711023828678,9.));
#11456=CARTESIAN_POINT('Ctrl Pts',(106.052823538752,12.6202574833654,9.));
#11457=CARTESIAN_POINT('Ctrl Pts',(106.056787509562,12.6690595674512,9.));
#11458=CARTESIAN_POINT('Ctrl Pts',(106.059053184184,12.6969532247859,9.));
#11459=CARTESIAN_POINT('Ctrl Pts',(106.062399775261,12.7247320764244,9.));
#11460=CARTESIAN_POINT('Ctrl Pts',(106.066845922425,12.7523396069368,9.));
#11461=CARTESIAN_POINT('Ctrl Pts',(106.074418640957,12.7993610055175,9.));
#11462=CARTESIAN_POINT('Ctrl Pts',(106.085178041685,12.8458858029696,9.));
#11463=CARTESIAN_POINT('Ctrl Pts',(106.098914286682,12.8917188500659,9.));
#11464=CARTESIAN_POINT('Ctrl Pts',(106.102535749384,12.9038024049652,9.));
#11465=CARTESIAN_POINT('Ctrl Pts',(106.106364404414,12.9158378578083,9.));
#11466=CARTESIAN_POINT('Ctrl Pts',(106.110396989192,12.9278215563482,9.));
#11467=CARTESIAN_POINT('Ctrl Pts',(106.113284560659,12.9364025999952,9.));
#11468=CARTESIAN_POINT('Ctrl Pts',(106.11627645591,12.944956067395,9.));
#11469=CARTESIAN_POINT('Ctrl Pts',(106.119366851809,12.9534687569641,9.));
#11470=CARTESIAN_POINT('Ctrl Pts',(106.136159359279,12.9997247732983,9.));
#11471=CARTESIAN_POINT('Ctrl Pts',(106.155886739428,13.0448704599683,9.));
#11472=CARTESIAN_POINT('Ctrl Pts',(106.178281572146,13.088703227556,9.));
#11473=CARTESIAN_POINT('Ctrl Pts',(106.201232676481,13.1336247697209,9.));
#11474=CARTESIAN_POINT('Ctrl Pts',(106.22698572017,13.1771683120468,9.));
#11475=CARTESIAN_POINT('Ctrl Pts',(106.255308365258,13.2191119085873,9.));
#11476=CARTESIAN_POINT('Ctrl Pts',(106.271885557294,13.2436614184363,9.));
#11477=CARTESIAN_POINT('Ctrl Pts',(106.289344040903,13.2676626847662,9.));
#11478=CARTESIAN_POINT('Ctrl Pts',(106.307644969788,13.2910685428895,9.));
#11479=CARTESIAN_POINT('Ctrl Pts',(106.317678390694,13.3039007235775,9.));
#11480=CARTESIAN_POINT('Ctrl Pts',(106.32796512337,13.3165538956122,9.));
#11481=CARTESIAN_POINT('Ctrl Pts',(106.33849941237,13.3290198924078,9.));
#11482=CARTESIAN_POINT('Ctrl Pts',(106.345252896615,13.3370117856387,9.));
#11483=CARTESIAN_POINT('Ctrl Pts',(106.35210831391,13.3449267646088,9.));
#11484=CARTESIAN_POINT('Ctrl Pts',(106.359054002552,13.3527516077279,9.));
#11485=CARTESIAN_POINT('Ctrl Pts',(106.393975399367,13.3920932001452,9.));
#11486=CARTESIAN_POINT('Ctrl Pts',(106.431234186982,13.4292293308745,9.));
#11487=CARTESIAN_POINT('Ctrl Pts',(106.470587042447,13.4639177426982,9.));
#11488=CARTESIAN_POINT('Ctrl Pts',(106.495916852958,13.4862452431566,9.));
#11489=CARTESIAN_POINT('Ctrl Pts',(106.522115293039,13.5075583780378,9.));
#11490=CARTESIAN_POINT('Ctrl Pts',(106.549127333737,13.5277867806213,9.));
#11491=CARTESIAN_POINT('Ctrl Pts',(106.558593606277,13.5348757515756,9.));
#11492=CARTESIAN_POINT('Ctrl Pts',(106.568161723968,13.5418327592389,9.));
#11493=CARTESIAN_POINT('Ctrl Pts',(106.577823442027,13.5486503308761,9.));
#11494=CARTESIAN_POINT('Ctrl Pts',(106.621297184645,13.5793265887461,9.));
#11495=CARTESIAN_POINT('Ctrl Pts',(106.666574039035,13.6071212618342,9.));
#11496=CARTESIAN_POINT('Ctrl Pts',(106.713423345203,13.6317813696861,9.));
#11497=CARTESIAN_POINT('Ctrl Pts',(106.739634122,13.6455779578445,9.));
#11498=CARTESIAN_POINT('Ctrl Pts',(106.766337869796,13.6583929177622,9.));
#11499=CARTESIAN_POINT('Ctrl Pts',(106.79349936387,13.6701769973437,9.));
#11500=CARTESIAN_POINT('Ctrl Pts',(106.812814092387,13.6785567388008,9.));
#11501=CARTESIAN_POINT('Ctrl Pts',(106.832360366099,13.6864151170528,9.));
#11502=CARTESIAN_POINT('Ctrl Pts',(106.852118651153,13.6937573858042,9.));
#11503=CARTESIAN_POINT('Ctrl Pts',(108.226033388903,12.4469457775028,8.27303847577293));
#11504=CARTESIAN_POINT('Ctrl Pts',(108.226747064031,12.5259302417454,8.27849127645973));
#11505=CARTESIAN_POINT('Ctrl Pts',(108.218482601042,12.6047668746378,8.28394407714652));
#11506=CARTESIAN_POINT('Ctrl Pts',(108.200671888933,12.6813842787151,8.28939687783332));
#11507=CARTESIAN_POINT('Ctrl Pts',(108.123302793918,13.014207535832,8.31308364857221));
#11508=CARTESIAN_POINT('Ctrl Pts',(107.865795743178,13.305153890622,8.3367704193111));
#11509=CARTESIAN_POINT('Ctrl Pts',(107.544837101093,13.4223869239924,8.36045719004999));
#11510=CARTESIAN_POINT('Ctrl Pts',(107.223878459007,13.5396199573627,8.38414396078888));
#11511=CARTESIAN_POINT('Ctrl Pts',(106.839468225576,13.4831396693134,8.40783073152777));
#11512=CARTESIAN_POINT('Ctrl Pts',(106.565800332531,13.2785324140097,8.43151750226666));
#11513=CARTESIAN_POINT('Ctrl Pts',(106.292132439485,13.0739251587061,8.45520427300555));
#11514=CARTESIAN_POINT('Ctrl Pts',(106.129206886827,12.7211909361483,8.47889104374444));
#11515=CARTESIAN_POINT('Ctrl Pts',(106.150848599195,12.3801832446277,8.50257781448333));
#11516=CARTESIAN_POINT('Ctrl Pts',(106.172490311563,12.0391755531071,8.52626458522221));
#11517=CARTESIAN_POINT('Ctrl Pts',(106.378699288958,11.7098943926238,8.54995135596111));
#11518=CARTESIAN_POINT('Ctrl Pts',(106.676040752183,11.541519829857,8.57363812669999));
#11519=CARTESIAN_POINT('Ctrl Pts',(106.973382215409,11.3731452670903,8.59732489743888));
#11520=CARTESIAN_POINT('Ctrl Pts',(107.361856164465,11.3656773020402,8.62101166817777));
#11521=CARTESIAN_POINT('Ctrl Pts',(107.665414202974,11.5225640342687,8.64469843891666));
#11522=CARTESIAN_POINT('Ctrl Pts',(107.968972241482,11.6794507664971,8.66838520965555));
#11523=CARTESIAN_POINT('Ctrl Pts',(108.187614369442,12.0006921960042,8.69207198039444));
#11524=CARTESIAN_POINT('Ctrl Pts',(108.222295174634,12.3405878633781,8.71575875113333));
#11525=CARTESIAN_POINT('Ctrl Pts',(108.225848025786,12.3754082404281,8.7181853260132));
#11526=CARTESIAN_POINT('Ctrl Pts',(108.227470232912,12.4104243906567,8.72061190089307));
#11527=CARTESIAN_POINT('Ctrl Pts',(108.227234456856,12.4454619287251,8.72303847577293));
#11528=CARTESIAN_POINT('Ctrl Pts',(107.523394203943,13.691719269986,9.));
#11529=CARTESIAN_POINT('Ctrl Pts',(107.935382345362,13.5808653425475,8.97631322926111));
#11530=CARTESIAN_POINT('Ctrl Pts',(108.633747419765,12.9197799238209,8.92893968778333));
#11531=CARTESIAN_POINT('Ctrl Pts',(108.375683360965,11.4926623112707,8.85787937556667));
#11532=CARTESIAN_POINT('Ctrl Pts',(107.039287092326,10.9315551322811,8.78681906335));
#11533=CARTESIAN_POINT('Ctrl Pts',(105.838884872682,11.7419986051502,8.71575875113333));
#11534=CARTESIAN_POINT('Ctrl Pts',(105.860862676324,13.1909618502071,8.64469843891667));
#11535=CARTESIAN_POINT('Ctrl Pts',(107.086035945572,13.964572795405,8.57363812669999));
#11536=CARTESIAN_POINT('Ctrl Pts',(108.403696456394,13.3620595036567,8.50257781448333));
#11537=CARTESIAN_POINT('Ctrl Pts',(108.619841631802,11.9293061215118,8.43151750226666));
#11538=CARTESIAN_POINT('Ctrl Pts',(107.53850010036,10.9648720307193,8.36045719004999));
#11539=CARTESIAN_POINT('Ctrl Pts',(106.13971347985,11.3427695427973,8.28939687783333));
#11540=CARTESIAN_POINT('Ctrl Pts',(105.691159382278,12.7205348973287,8.21833656561665));
#11541=CARTESIAN_POINT('Ctrl Pts',(106.599364179345,13.8495135345672,8.14727625339998));
#11542=CARTESIAN_POINT('Ctrl Pts',(108.041232582208,13.7065353248367,8.07621594118332));
#11543=CARTESIAN_POINT('Ctrl Pts',(108.710025581255,12.4211769490794,8.00515562896666));
#11544=CARTESIAN_POINT('Ctrl Pts',(107.999626236168,11.1583381742347,7.93409531674998));
#11545=CARTESIAN_POINT('Ctrl Pts',(106.553858079653,11.0625081437434,7.86303500453332));
#11546=CARTESIAN_POINT('Ctrl Pts',(105.682996328997,12.2205362427102,7.79197469231664));
#11547=CARTESIAN_POINT('Ctrl Pts',(106.176288518898,13.5829208906598,7.72091438009998));
#11548=CARTESIAN_POINT('Ctrl Pts',(107.586672143869,13.9149557571021,7.6498540678833));
#11549=CARTESIAN_POINT('Ctrl Pts',(108.635940177843,12.9157231787266,7.57879375566664));
#11550=CARTESIAN_POINT('Ctrl Pts',(108.373158564863,11.4908109146373,7.50773344344997));
#11551=CARTESIAN_POINT('Ctrl Pts',(107.036481885309,10.9315930766452,7.43667313123331));
#11552=CARTESIAN_POINT('Ctrl Pts',(105.837317819684,11.7448794223982,7.36561281901664));
#11553=CARTESIAN_POINT('Ctrl Pts',(105.862448674802,13.1936021677596,7.29455250679997));
#11554=CARTESIAN_POINT('Ctrl Pts',(107.089098776635,13.9648081388154,7.2234921945833));
#11555=CARTESIAN_POINT('Ctrl Pts',(108.405575686752,13.3595663204348,7.15243188236663));
#11556=CARTESIAN_POINT('Ctrl Pts',(108.618778432767,11.9263971553176,7.08137157014996));
#11557=CARTESIAN_POINT('Ctrl Pts',(107.535484939973,10.9641580137283,7.0103112579333));
#11558=CARTESIAN_POINT('Ctrl Pts',(106.137465949128,11.3449097727389,6.93925094571663));
#11559=CARTESIAN_POINT('Ctrl Pts',(105.691722663853,12.7235841916416,6.86819063349996));
#11560=CARTESIAN_POINT('Ctrl Pts',(106.602224734534,13.8507102888103,6.79713032128329));
#11561=CARTESIAN_POINT('Ctrl Pts',(108.043799432723,13.7047955661257,6.72607000906663));
#11562=CARTESIAN_POINT('Ctrl Pts',(108.709971662056,12.4180738745929,6.65500969684996));
#11563=CARTESIAN_POINT('Ctrl Pts',(107.997000888202,11.156692403751,6.58394938463329));
#11564=CARTESIAN_POINT('Ctrl Pts',(106.551040170595,11.0637933927666,6.51288907241662));
#11565=CARTESIAN_POINT('Ctrl Pts',(105.682540334401,12.2236248570021,6.44182876019995));
#11566=CARTESIAN_POINT('Ctrl Pts',(106.17860647611,13.5849366771092,6.37076844798328));
#11567=CARTESIAN_POINT('Ctrl Pts',(107.589665800561,13.9142314038979,6.29970813576662));
#11568=CARTESIAN_POINT('Ctrl Pts',(108.63689137894,12.9125847110133,6.22864782354995));
#11569=CARTESIAN_POINT('Ctrl Pts',(108.371216087969,11.4887867086941,6.15758751133328));
#11570=CARTESIAN_POINT('Ctrl Pts',(107.033390896229,10.9310950290969,6.08652719911661));
#11571=CARTESIAN_POINT('Ctrl Pts',(105.835968548489,11.7492890523134,6.01546688689995));
#11572=CARTESIAN_POINT('Ctrl Pts',(105.855527241454,12.710728164025,5.96809334542217));
#11573=CARTESIAN_POINT('Ctrl Pts',(106.065840172227,13.0819306600398,5.94440657468328));
#11574=CARTESIAN_POINT('Ctrl Pts',(107.501546888312,13.6105238160237,9.04854553513436));
#11575=CARTESIAN_POINT('Ctrl Pts',(107.886681280719,13.5068954449666,9.02485876439547));
#11576=CARTESIAN_POINT('Ctrl Pts',(108.539526306023,12.8889001546312,8.9774852229177));
#11577=CARTESIAN_POINT('Ctrl Pts',(108.298283089297,11.5548033218654,8.90642491070102));
#11578=CARTESIAN_POINT('Ctrl Pts',(107.048994303544,11.0302696017648,8.83536459848436));
#11579=CARTESIAN_POINT('Ctrl Pts',(105.926835355194,11.7878876570547,8.76430428626769));
#11580=CARTESIAN_POINT('Ctrl Pts',(105.947380626285,13.1424062048078,8.69324397405103));
#11581=CARTESIAN_POINT('Ctrl Pts',(107.092696025463,13.8655925089396,8.62218366183435));
#11582=CARTESIAN_POINT('Ctrl Pts',(108.324470266556,13.3023515628872,8.55112334961768));
#11583=CARTESIAN_POINT('Ctrl Pts',(108.526526909536,11.9629863049403,8.48006303740102));
#11584=CARTESIAN_POINT('Ctrl Pts',(107.515668169129,11.0614148754921,8.40900272518435));
#11585=CARTESIAN_POINT('Ctrl Pts',(106.208055689452,11.4146806957299,8.33794241296768));
#11586=CARTESIAN_POINT('Ctrl Pts',(105.788738742039,12.7026420940131,8.26688210075102));
#11587=CARTESIAN_POINT('Ctrl Pts',(106.637745952527,13.7580329118088,8.19582178853435));
#11588=CARTESIAN_POINT('Ctrl Pts',(107.985632106133,13.6243741474025,8.12476147631768));
#11589=CARTESIAN_POINT('Ctrl Pts',(108.610832589932,12.4227965598324,8.05370116410101));
#11590=CARTESIAN_POINT('Ctrl Pts',(107.946737698281,11.2422707258029,7.98264085188435));
#11591=CARTESIAN_POINT('Ctrl Pts',(106.595205980392,11.1526869808908,7.91158053966768));
#11592=CARTESIAN_POINT('Ctrl Pts',(105.781107763742,12.2352337909778,7.840520227451));
#11593=CARTESIAN_POINT('Ctrl Pts',(106.242246735322,13.5088170106471,7.76945991523435));
#11594=CARTESIAN_POINT('Ctrl Pts',(107.560700316521,13.8192095527844,7.69839960301766));
#11595=CARTESIAN_POINT('Ctrl Pts',(108.541576138203,12.8851078317462,7.62733929080101));
#11596=CARTESIAN_POINT('Ctrl Pts',(108.295922861624,11.5530726008912,7.55627897858433));
#11597=CARTESIAN_POINT('Ctrl Pts',(107.046371942384,11.0303050728819,7.48521866636766));
#11598=CARTESIAN_POINT('Ctrl Pts',(105.925370444087,11.7905807001035,7.414158354151));
#11599=CARTESIAN_POINT('Ctrl Pts',(105.948863247989,13.1448744241426,7.34309804193433));
#11600=CARTESIAN_POINT('Ctrl Pts',(107.095559218508,13.8658125124597,7.27203772971766));
#11601=CARTESIAN_POINT('Ctrl Pts',(108.326227007028,13.3000208875381,7.20097741750099));
#11602=CARTESIAN_POINT('Ctrl Pts',(108.525533010748,11.9602669477183,7.12991710528432));
#11603=CARTESIAN_POINT('Ctrl Pts',(107.512849539545,11.0607473987558,7.05885679306766));
#11604=CARTESIAN_POINT('Ctrl Pts',(106.205954654757,11.4166814236036,6.98779648085099));
#11605=CARTESIAN_POINT('Ctrl Pts',(105.789265308426,12.7054926326437,6.91673616863432));
#11606=CARTESIAN_POINT('Ctrl Pts',(106.640420054215,13.7591516605589,6.84567585641765));
#11607=CARTESIAN_POINT('Ctrl Pts',(107.988031647077,13.6227477876927,6.77461554420099));
#11608=CARTESIAN_POINT('Ctrl Pts',(108.610782185234,12.4198957464672,6.70355523198431));
#11609=CARTESIAN_POINT('Ctrl Pts',(107.944283472802,11.2407322280852,6.63249491976765));
#11610=CARTESIAN_POINT('Ctrl Pts',(106.592571745122,11.1538884562535,6.56143460755098));
#11611=CARTESIAN_POINT('Ctrl Pts',(105.780681491274,12.2381210866767,6.49037429533431));
#11612=CARTESIAN_POINT('Ctrl Pts',(106.244413606046,13.5107014063647,6.41931398311765));
#11613=CARTESIAN_POINT('Ctrl Pts',(107.563498844039,13.8185324135585,6.34825367090098));
#11614=CARTESIAN_POINT('Ctrl Pts',(108.542465339177,12.8821739321158,6.27719335868431));
#11615=CARTESIAN_POINT('Ctrl Pts',(108.29410699708,11.5511803344697,6.20613304646764));
#11616=CARTESIAN_POINT('Ctrl Pts',(107.043482426689,11.0298394885103,6.13507273425098));
#11617=CARTESIAN_POINT('Ctrl Pts',(105.924109119573,11.7947029064668,6.0640124220343));
#11618=CARTESIAN_POINT('Ctrl Pts',(105.942392959747,12.6934745722019,6.01663888055653));
#11619=CARTESIAN_POINT('Ctrl Pts',(106.138997508922,13.0404817634053,5.99295210981764));
#11620=CARTESIAN_POINT('Ctrl Pts',(107.479699572681,13.5293283620613,9.09709107026872));
#11621=CARTESIAN_POINT('Ctrl Pts',(107.837980216077,13.4329255473858,9.07340429952984));
#11622=CARTESIAN_POINT('Ctrl Pts',(108.44530519228,12.8580203854415,9.02603075805206));
#11623=CARTESIAN_POINT('Ctrl Pts',(108.220882817631,11.6169443324602,8.95497044583538));
#11624=CARTESIAN_POINT('Ctrl Pts',(107.058701514761,11.1289840712484,8.88391013361872));
#11625=CARTESIAN_POINT('Ctrl Pts',(106.014785837705,11.8337767089592,8.81284982140205));
#11626=CARTESIAN_POINT('Ctrl Pts',(106.033898576246,13.0938505594085,8.74178950918539));
#11627=CARTESIAN_POINT('Ctrl Pts',(107.099356105355,13.7666122224741,8.67072919696871));
#11628=CARTESIAN_POINT('Ctrl Pts',(108.245244076718,13.2426436221178,8.59966888475205));
#11629=CARTESIAN_POINT('Ctrl Pts',(108.43321218727,11.9966664883688,8.52860857253538));
#11630=CARTESIAN_POINT('Ctrl Pts',(107.492836237898,11.1579577202649,8.45754826031871));
#11631=CARTESIAN_POINT('Ctrl Pts',(106.276397899054,11.4865918486625,8.38648794810205));
#11632=CARTESIAN_POINT('Ctrl Pts',(105.886318101799,12.6847492906974,8.31542763588537));
#11633=CARTESIAN_POINT('Ctrl Pts',(106.676127725708,13.6665522890504,8.24436732366871));
#11634=CARTESIAN_POINT('Ctrl Pts',(107.930031630058,13.5422129699683,8.17330701145204));
#11635=CARTESIAN_POINT('Ctrl Pts',(108.511639598609,12.4244161705855,8.10224669923538));
#11636=CARTESIAN_POINT('Ctrl Pts',(107.893849160395,11.3262032773711,8.0311863870187));
#11637=CARTESIAN_POINT('Ctrl Pts',(106.63655388113,11.2428658180382,7.96012607480204));
#11638=CARTESIAN_POINT('Ctrl Pts',(105.879219198487,12.2499313392455,7.88906576258536));
#11639=CARTESIAN_POINT('Ctrl Pts',(106.308204951746,13.4347131306343,7.81800545036871));
#11640=CARTESIAN_POINT('Ctrl Pts',(107.534728489172,13.7234633484667,7.74694513815202));
#11641=CARTESIAN_POINT('Ctrl Pts',(108.447212098562,12.8544924847658,7.67588482593537));
#11642=CARTESIAN_POINT('Ctrl Pts',(108.218687158385,11.615334287145,7.60482451371869));
#11643=CARTESIAN_POINT('Ctrl Pts',(107.05626199946,11.1290170691185,7.53376420150203));
#11644=CARTESIAN_POINT('Ctrl Pts',(106.013423068489,11.8362819778089,7.46270388928536));
#11645=CARTESIAN_POINT('Ctrl Pts',(106.035277821176,13.0961466805256,7.39164357706869));
#11646=CARTESIAN_POINT('Ctrl Pts',(107.10201966038,13.766816886104,7.32058326485203));
#11647=CARTESIAN_POINT('Ctrl Pts',(108.246878327304,13.2404754546415,7.24952295263535));
#11648=CARTESIAN_POINT('Ctrl Pts',(108.432287588729,11.9941367401191,7.17846264041869));
#11649=CARTESIAN_POINT('Ctrl Pts',(107.490214139117,11.1573367837834,7.10740232820202));
#11650=CARTESIAN_POINT('Ctrl Pts',(106.274443360386,11.4884530744683,7.03634201598535));
#11651=CARTESIAN_POINT('Ctrl Pts',(105.886807952998,12.6874010736457,6.96528170376869));
#11652=CARTESIAN_POINT('Ctrl Pts',(106.678615373896,13.6675930323076,6.89422139155201));
#11653=CARTESIAN_POINT('Ctrl Pts',(107.93226386143,13.5407000092598,6.82316107933535));
#11654=CARTESIAN_POINT('Ctrl Pts',(108.511592708412,12.4217176183415,6.75210076711868));
#11655=CARTESIAN_POINT('Ctrl Pts',(107.891566057403,11.3247720524194,6.68104045490201));
#11656=CARTESIAN_POINT('Ctrl Pts',(106.634103319649,11.2439835197403,6.60998014268534));
#11657=CARTESIAN_POINT('Ctrl Pts',(105.878822648147,12.2526173163514,6.53891983046868));
#11658=CARTESIAN_POINT('Ctrl Pts',(106.310220735983,13.4364661356202,6.46785951825201));
#11659=CARTESIAN_POINT('Ctrl Pts',(107.537331887517,13.722833423219,6.39679920603534));
#11660=CARTESIAN_POINT('Ctrl Pts',(108.448039299413,12.8517631532182,6.32573889381868));
#11661=CARTESIAN_POINT('Ctrl Pts',(108.216997906192,11.6135739602453,6.25467858160199));
#11662=CARTESIAN_POINT('Ctrl Pts',(107.053573957148,11.1285839479237,6.18361826938534));
#11663=CARTESIAN_POINT('Ctrl Pts',(106.012249690657,11.8401167606201,6.11255795716867));
#11664=CARTESIAN_POINT('Ctrl Pts',(106.029258678041,12.6762209803787,6.06518441569089));
#11665=CARTESIAN_POINT('Ctrl Pts',(106.212154845616,12.9990328667708,6.041497644952));
#11666=CARTESIAN_POINT('Ctrl Pts',(107.45785225705,13.4481329080989,9.14563660540309));
#11667=CARTESIAN_POINT('Ctrl Pts',(107.789279151435,13.3589556498049,9.1219498346642));
#11668=CARTESIAN_POINT('Ctrl Pts',(108.351084078537,12.8271406162518,9.07457629318642));
#11669=CARTESIAN_POINT('Ctrl Pts',(108.143482545963,11.6790853430549,9.00351598096974));
#11670=CARTESIAN_POINT('Ctrl Pts',(107.068408725979,11.2276985407321,8.93245566875309));
#11671=CARTESIAN_POINT('Ctrl Pts',(106.102736320216,11.8796657608637,8.86139535653641));
#11672=CARTESIAN_POINT('Ctrl Pts',(106.120416526207,13.0452949140093,8.79033504431975));
#11673=CARTESIAN_POINT('Ctrl Pts',(107.106016185247,13.6676319360087,8.71927473210307));
#11674=CARTESIAN_POINT('Ctrl Pts',(108.16601788688,13.1829356813483,8.64821441988641));
#11675=CARTESIAN_POINT('Ctrl Pts',(108.339897465004,12.0303466717972,8.57715410766975));
#11676=CARTESIAN_POINT('Ctrl Pts',(107.470004306667,11.2545005650377,8.50609379545307));
#11677=CARTESIAN_POINT('Ctrl Pts',(106.344740108656,11.558503001595,8.43503348323641));
#11678=CARTESIAN_POINT('Ctrl Pts',(105.983897461559,12.6668564873818,8.36397317101973));
#11679=CARTESIAN_POINT('Ctrl Pts',(106.71450949889,13.575071666292,8.29291285880307));
#11680=CARTESIAN_POINT('Ctrl Pts',(107.874431153983,13.4600517925341,8.2218525465864));
#11681=CARTESIAN_POINT('Ctrl Pts',(108.412446607286,12.4260357813386,8.15079223436973));
#11682=CARTESIAN_POINT('Ctrl Pts',(107.840960622508,11.4101358289393,8.07973192215307));
#11683=CARTESIAN_POINT('Ctrl Pts',(106.677901781869,11.3330446551856,8.0086716099364));
#11684=CARTESIAN_POINT('Ctrl Pts',(105.977330633232,12.2646288875132,7.93761129771973));
#11685=CARTESIAN_POINT('Ctrl Pts',(106.37416316817,13.3606092506216,7.86655098550307));
#11686=CARTESIAN_POINT('Ctrl Pts',(107.508756661823,13.627717144149,7.79549067328639));
#11687=CARTESIAN_POINT('Ctrl Pts',(108.352848058921,12.8238771377854,7.72443036106973));
#11688=CARTESIAN_POINT('Ctrl Pts',(108.141451455146,11.6775959733988,7.65337004885306));
#11689=CARTESIAN_POINT('Ctrl Pts',(107.066152056536,11.2277290653552,7.58230973663639));
#11690=CARTESIAN_POINT('Ctrl Pts',(106.101475692891,11.8819832555142,7.51124942441972));
#11691=CARTESIAN_POINT('Ctrl Pts',(106.121692394363,13.0474189369086,7.44018911220305));
#11692=CARTESIAN_POINT('Ctrl Pts',(107.108480102252,13.6678212597483,7.36912879998639));
#11693=CARTESIAN_POINT('Ctrl Pts',(108.16752964758,13.1809300217448,7.29806848776971));
#11694=CARTESIAN_POINT('Ctrl Pts',(108.33904216671,12.0280065325198,7.22700817555305));
#11695=CARTESIAN_POINT('Ctrl Pts',(107.467578738689,11.2539261688109,7.15594786333639));
#11696=CARTESIAN_POINT('Ctrl Pts',(106.342932066015,11.5602247253329,7.08488755111971));
#11697=CARTESIAN_POINT('Ctrl Pts',(105.98435059757,12.6693095146478,7.01382723890305));
#11698=CARTESIAN_POINT('Ctrl Pts',(106.716810693577,13.5760344040562,6.94276692668637));
#11699=CARTESIAN_POINT('Ctrl Pts',(107.876496075783,13.4586522308268,6.87170661446971));
#11700=CARTESIAN_POINT('Ctrl Pts',(108.412403231589,12.4235394902158,6.80064630225303));
#11701=CARTESIAN_POINT('Ctrl Pts',(107.838848642003,11.4088118767536,6.72958599003638));
#11702=CARTESIAN_POINT('Ctrl Pts',(106.675634894176,11.3340785832272,6.6585256778197));
#11703=CARTESIAN_POINT('Ctrl Pts',(105.976963805021,12.267113546026,6.58746536560304));
#11704=CARTESIAN_POINT('Ctrl Pts',(106.376027865919,13.3622308648757,6.51640505338637));
#11705=CARTESIAN_POINT('Ctrl Pts',(107.511164930996,13.6271344328796,6.4453447411697));
#11706=CARTESIAN_POINT('Ctrl Pts',(108.353613259649,12.8213523743207,6.37428442895303));
#11707=CARTESIAN_POINT('Ctrl Pts',(108.139888815304,11.6759675860209,6.30322411673636));
#11708=CARTESIAN_POINT('Ctrl Pts',(107.063665487608,11.2273284073371,6.2321638045197));
#11709=CARTESIAN_POINT('Ctrl Pts',(106.100390261741,11.8855306147735,6.16110349230303));
#11710=CARTESIAN_POINT('Ctrl Pts',(106.116124396334,12.6589673885555,6.11372995082525));
#11711=CARTESIAN_POINT('Ctrl Pts',(106.285312182311,12.9575839701363,6.09004318008636));
#11712=CARTESIAN_POINT('Ctrl Pts',(106.285312182311,12.9575839701363,6.09004318008636));
#11713=CARTESIAN_POINT('Ctrl Pts',(106.258164312355,12.9206958489057,6.09004318008636));
#11714=CARTESIAN_POINT('Ctrl Pts',(106.233755533135,12.8819995437548,6.09004318008636));
#11715=CARTESIAN_POINT('Ctrl Pts',(106.212035398712,12.8418312705008,6.09004318008636));
#11716=CARTESIAN_POINT('Ctrl Pts',(106.195035450635,12.8103923048687,6.09004318008636));
#11717=CARTESIAN_POINT('Ctrl Pts',(106.179683181535,12.778050326847,6.09004318008636));
#11718=CARTESIAN_POINT('Ctrl Pts',(106.165971492372,12.7449480981136,6.09004318008636));
#11719=CARTESIAN_POINT('Ctrl Pts',(106.160872325235,12.7326378863736,6.09004318008636));
#11720=CARTESIAN_POINT('Ctrl Pts',(106.15599972194,12.7202205005569,6.09004318008636));
#11721=CARTESIAN_POINT('Ctrl Pts',(106.151361196193,12.7077243154787,6.09004318008636));
#11722=CARTESIAN_POINT('Ctrl Pts',(106.135235919533,12.6642828315794,6.09004318008636));
#11723=CARTESIAN_POINT('Ctrl Pts',(106.121912642173,12.6198373046579,6.09004318008636));
#11724=CARTESIAN_POINT('Ctrl Pts',(106.111364870193,12.574697863919,6.09004318008636));
#11725=CARTESIAN_POINT('Ctrl Pts',(106.10417808073,12.5439418276995,6.09004318008636));
#11726=CARTESIAN_POINT('Ctrl Pts',(106.098280609834,12.5128627680813,6.09004318008636));
#11727=CARTESIAN_POINT('Ctrl Pts',(106.093675447385,12.4815512829444,6.09004318008636));
#11728=CARTESIAN_POINT('Ctrl Pts',(106.092175602864,12.4713535190358,6.09004318008636));
#11729=CARTESIAN_POINT('Ctrl Pts',(106.090813008982,12.4611307696466,6.09004318008636));
#11730=CARTESIAN_POINT('Ctrl Pts',(106.08958943052,12.4509013706753,6.09004318008636));
#11731=CARTESIAN_POINT('Ctrl Pts',(106.083863226292,12.4030289787977,6.09004318008636));
#11732=CARTESIAN_POINT('Ctrl Pts',(106.081165444969,12.354933047858,6.09004318008636));
#11733=CARTESIAN_POINT('Ctrl Pts',(106.081467163606,12.3069392080074,6.09004318008636));
#11734=CARTESIAN_POINT('Ctrl Pts',(106.081769887775,12.2587854200094,6.09004318008636));
#11735=CARTESIAN_POINT('Ctrl Pts',(106.085091807601,12.2107332075024,6.09004318008636));
#11736=CARTESIAN_POINT('Ctrl Pts',(106.09145184742,12.163090315523,6.09004318008636));
#11737=CARTESIAN_POINT('Ctrl Pts',(106.094620099052,12.1393570253987,6.09004318008636));
#11738=CARTESIAN_POINT('Ctrl Pts',(106.098543047476,12.115725093059,6.09004318008636));
#11739=CARTESIAN_POINT('Ctrl Pts',(106.103227862879,12.0922320498274,6.09004318008636));
#11740=CARTESIAN_POINT('Ctrl Pts',(106.106644351998,12.0750993093275,6.09004318008636));
#11741=CARTESIAN_POINT('Ctrl Pts',(106.110466093887,12.0580404287219,6.09004318008636));
#11742=CARTESIAN_POINT('Ctrl Pts',(106.114697007973,12.0410700894759,6.09004318008636));
#11743=CARTESIAN_POINT('Ctrl Pts',(106.116904424223,12.0322160683706,6.09004318008636));
#11744=CARTESIAN_POINT('Ctrl Pts',(106.119221200436,12.0233944418979,6.09004318008636));
#11745=CARTESIAN_POINT('Ctrl Pts',(106.121646363592,12.0146104973702,6.09004318008636));
#11746=CARTESIAN_POINT('Ctrl Pts',(106.131199475951,11.9800091103164,6.09004318008636));
#11747=CARTESIAN_POINT('Ctrl Pts',(106.142437376352,11.9459764465576,6.09004318008636));
#11748=CARTESIAN_POINT('Ctrl Pts',(106.155358384633,11.9126354134935,6.09004318008636));
#11749=CARTESIAN_POINT('Ctrl Pts',(106.172440602239,11.8685569043214,6.09004318008636));
#11750=CARTESIAN_POINT('Ctrl Pts',(106.192462245447,11.825686325025,6.09004318008636));
#11751=CARTESIAN_POINT('Ctrl Pts',(106.215151540446,11.7841593401655,6.09004318008636));
#11752=CARTESIAN_POINT('Ctrl Pts',(106.236508184122,11.745071434676,6.09004318008636));
#11753=CARTESIAN_POINT('Ctrl Pts',(106.260229188537,11.7071734748245,6.09004318008636));
#11754=CARTESIAN_POINT('Ctrl Pts',(106.286126483026,11.6705884759813,6.09004318008636));
#11755=CARTESIAN_POINT('Ctrl Pts',(106.293559474641,11.6600879200343,6.09004318008636));
#11756=CARTESIAN_POINT('Ctrl Pts',(106.301171959846,11.6496956129129,6.09004318008636));
#11757=CARTESIAN_POINT('Ctrl Pts',(106.308959980797,11.6394147033602,6.09004318008636));
#11758=CARTESIAN_POINT('Ctrl Pts',(106.315143790386,11.6312515015058,6.09004318008636));
#11759=CARTESIAN_POINT('Ctrl Pts',(106.321433963435,11.6231643403241,6.09004318008636));
#11760=CARTESIAN_POINT('Ctrl Pts',(106.32782265077,11.6151610904966,6.09004318008636));
#11761=CARTESIAN_POINT('Ctrl Pts',(106.359133859081,11.5759368478043,6.09004318008636));
#11762=CARTESIAN_POINT('Ctrl Pts',(106.392844582163,11.5386776007687,6.09004318008636));
#11763=CARTESIAN_POINT('Ctrl Pts',(106.428655009089,11.5035328327714,6.09004318008636));
#11764=CARTESIAN_POINT('Ctrl Pts',(106.465239613585,11.4676282779359,6.09004318008636));
#11765=CARTESIAN_POINT('Ctrl Pts',(106.50401629464,11.4339297056615,6.09004318008636));
#11766=CARTESIAN_POINT('Ctrl Pts',(106.544715591265,11.4026171546533,6.09004318008636));
#11767=CARTESIAN_POINT('Ctrl Pts',(106.565775930314,11.3864140996765,6.09004318008636));
#11768=CARTESIAN_POINT('Ctrl Pts',(106.587351838331,11.3708503612243,6.09004318008636));
#11769=CARTESIAN_POINT('Ctrl Pts',(106.609410223609,11.3559542515663,6.09004318008636));
#11770=CARTESIAN_POINT('Ctrl Pts',(106.626216648794,11.3446048101014,6.09004318008636));
#11771=CARTESIAN_POINT('Ctrl Pts',(106.643303212509,11.333642973417,6.09004318008636));
#11772=CARTESIAN_POINT('Ctrl Pts',(106.6606561883,11.3230823952729,6.09004318008636));
#11773=CARTESIAN_POINT('Ctrl Pts',(106.668995959785,11.3180070232144,6.09004318008636));
#11774=CARTESIAN_POINT('Ctrl Pts',(106.677389558299,11.3130290745631,6.09004318008636));
#11775=CARTESIAN_POINT('Ctrl Pts',(106.685832133575,11.3081513011956,6.09004318008636));
#11776=CARTESIAN_POINT('Ctrl Pts',(106.731769184768,11.2816107590527,6.09004318008636));
#11777=CARTESIAN_POINT('Ctrl Pts',(106.779180116388,11.2580169110862,6.09004318008636));
#11778=CARTESIAN_POINT('Ctrl Pts',(106.827771146051,11.2375485974341,6.09004318008636));
#11779=CARTESIAN_POINT('Ctrl Pts',(106.875911807832,11.2172699951576,6.09004318008636));
#11780=CARTESIAN_POINT('Ctrl Pts',(106.925211722343,11.2000584389254,6.09004318008636));
#11781=CARTESIAN_POINT('Ctrl Pts',(106.97542008407,11.1861238005147,6.09004318008636));
#11782=CARTESIAN_POINT('Ctrl Pts',(107.002498076445,11.1786086771438,6.09004318008636));
#11783=CARTESIAN_POINT('Ctrl Pts',(107.029840817424,11.1720473630782,6.09004318008636));
#11784=CARTESIAN_POINT('Ctrl Pts',(107.057411794573,11.166478472516,6.09004318008636));
#11785=CARTESIAN_POINT('Ctrl Pts',(107.078038961456,11.1623121190944,6.09004318008636));
#11786=CARTESIAN_POINT('Ctrl Pts',(107.098793920336,11.1587013424043,6.09004318008636));
#11787=CARTESIAN_POINT('Ctrl Pts',(107.119659292908,11.1556385361515,6.09004318008636));
#11788=CARTESIAN_POINT('Ctrl Pts',(108.224939650187,12.4452989307425,8.60196152422706));
#11789=CARTESIAN_POINT('Ctrl Pts',(108.225727624631,12.3251975765499,8.59369238537462));
#11790=CARTESIAN_POINT('Ctrl Pts',(108.206432159389,12.2053411218272,8.58542324652218));
#11791=CARTESIAN_POINT('Ctrl Pts',(108.16593534226,12.0931371555958,8.57715410766973));
#11792=CARTESIAN_POINT('Ctrl Pts',(108.049933078891,11.7717313028774,8.55346733693084));
#11793=CARTESIAN_POINT('Ctrl Pts',(107.759968692779,11.5131159339575,8.52978056619195));
#11794=CARTESIAN_POINT('Ctrl Pts',(107.427442466721,11.4344753222571,8.50609379545306));
#11795=CARTESIAN_POINT('Ctrl Pts',(107.094916240663,11.3558347105568,8.48240702471417));
#11796=CARTESIAN_POINT('Ctrl Pts',(106.71982817466,11.4571688560759,8.45872025397529));
#11797=CARTESIAN_POINT('Ctrl Pts',(106.472143700475,11.6925615097999,8.4350334832364));
#11798=CARTESIAN_POINT('Ctrl Pts',(106.22445922629,11.9279541635239,8.41134671249751));
#11799=CARTESIAN_POINT('Ctrl Pts',(106.104178343925,12.2974053254528,8.38765994175862));
#11800=CARTESIAN_POINT('Ctrl Pts',(106.16580657563,12.6335001029023,8.36397317101973));
#11801=CARTESIAN_POINT('Ctrl Pts',(106.227434807336,12.9695948803518,8.34028640028084));
#11802=CARTESIAN_POINT('Ctrl Pts',(106.470972153113,13.2723332733219,8.31659962954195));
#11803=CARTESIAN_POINT('Ctrl Pts',(106.78606110185,13.4045324908473,8.29291285880306));
#11804=CARTESIAN_POINT('Ctrl Pts',(107.101150050587,13.5367317083727,8.26922608806417));
#11805=CARTESIAN_POINT('Ctrl Pts',(107.487790602285,13.4983917504534,8.24553931732528));
#11806=CARTESIAN_POINT('Ctrl Pts',(107.770780120352,13.3068857696278,8.22185254658639));
#11807=CARTESIAN_POINT('Ctrl Pts',(108.049113076085,13.1185309992883,8.19855553913328));
#11808=CARTESIAN_POINT('Ctrl Pts',(108.227178066672,12.7820093954084,8.17525853168017));
#11809=CARTESIAN_POINT('Ctrl Pts',(108.227655233768,12.4459224554447,8.15196152422706));
#11810=CARTESIAN_POINT('Ctrl Pts',(107.523394203943,13.691719269986,9.));
#11811=CARTESIAN_POINT('Ctrl Pts',(107.572486685284,13.6733128358211,9.));
#11812=CARTESIAN_POINT('Ctrl Pts',(107.620176755734,13.6517352661511,9.));
#11813=CARTESIAN_POINT('Ctrl Pts',(107.666286597753,13.6272574583103,9.));
#11814=CARTESIAN_POINT('Ctrl Pts',(107.712936907944,13.6024927382726,9.));
#11815=CARTESIAN_POINT('Ctrl Pts',(107.757970511933,13.574758450774,9.));
#11816=CARTESIAN_POINT('Ctrl Pts',(107.801170057946,13.544292368457,9.));
#11817=CARTESIAN_POINT('Ctrl Pts',(107.832182614766,13.522421048128,9.));
#11818=CARTESIAN_POINT('Ctrl Pts',(107.862249291291,13.4991409183476,9.));
#11819=CARTESIAN_POINT('Ctrl Pts',(107.891275905857,13.4745307228116,9.));
#11820=CARTESIAN_POINT('Ctrl Pts',(107.903214211127,13.4644088387596,9.));
#11821=CARTESIAN_POINT('Ctrl Pts',(107.91497643233,13.4540618933021,9.));
#11822=CARTESIAN_POINT('Ctrl Pts',(107.926555357469,13.4434951178688,9.));
#11823=CARTESIAN_POINT('Ctrl Pts',(107.935180495009,13.4356239303128,9.));
#11824=CARTESIAN_POINT('Ctrl Pts',(107.943705704073,13.427628841473,9.));
#11825=CARTESIAN_POINT('Ctrl Pts',(107.952111111353,13.419528709089,9.));
#11826=CARTESIAN_POINT('Ctrl Pts',(107.989226662969,13.3837611523727,9.));
#11827=CARTESIAN_POINT('Ctrl Pts',(108.024082593593,13.3458834359301,9.));
#11828=CARTESIAN_POINT('Ctrl Pts',(108.056481015315,13.3061235243,9.));
#11829=CARTESIAN_POINT('Ctrl Pts',(108.088141843478,13.2672688004285,9.));
#11830=CARTESIAN_POINT('Ctrl Pts',(108.117456211095,13.2266156201971,9.));
#11831=CARTESIAN_POINT('Ctrl Pts',(108.144195495399,13.1843560413649,9.));
#11832=CARTESIAN_POINT('Ctrl Pts',(108.162436796763,13.1555269334405,9.));
#11833=CARTESIAN_POINT('Ctrl Pts',(108.179478787975,13.1259498173379,9.));
#11834=CARTESIAN_POINT('Ctrl Pts',(108.195235205055,13.0956833549743,9.));
#11835=CARTESIAN_POINT('Ctrl Pts',(108.201463805375,13.0837188521172,9.));
#11836=CARTESIAN_POINT('Ctrl Pts',(108.207491382825,13.0716466200296,9.));
#11837=CARTESIAN_POINT('Ctrl Pts',(108.213312078942,13.0594702789652,9.));
#11838=CARTESIAN_POINT('Ctrl Pts',(108.217335437458,13.0510537967204,9.));
#11839=CARTESIAN_POINT('Ctrl Pts',(108.221258057228,13.0425913517766,9.));
#11840=CARTESIAN_POINT('Ctrl Pts',(108.225074597049,13.0340928172808,9.));
#11841=CARTESIAN_POINT('Ctrl Pts',(108.244888070457,12.9899728826916,9.));
#11842=CARTESIAN_POINT('Ctrl Pts',(108.261879363499,12.9448128636218,9.));
#11843=CARTESIAN_POINT('Ctrl Pts',(108.275846532172,12.8987936705901,9.));
#11844=CARTESIAN_POINT('Ctrl Pts',(108.284835425108,12.8691769595137,9.));
#11845=CARTESIAN_POINT('Ctrl Pts',(108.292570822795,12.8392040869696,9.));
#11846=CARTESIAN_POINT('Ctrl Pts',(108.298987453801,12.808922019899,9.));
#11847=CARTESIAN_POINT('Ctrl Pts',(108.308450805451,12.764261535429,9.));
#11848=CARTESIAN_POINT('Ctrl Pts',(108.315047046825,12.7189276325959,9.));
#11849=CARTESIAN_POINT('Ctrl Pts',(108.318821549341,12.6731806597592,9.));
#11850=CARTESIAN_POINT('Ctrl Pts',(108.320159901329,12.6569598328305,9.));
#11851=CARTESIAN_POINT('Ctrl Pts',(108.321143160479,12.6406871862803,9.));
#11852=CARTESIAN_POINT('Ctrl Pts',(108.321772302559,12.624374809914,9.));
#11853=CARTESIAN_POINT('Ctrl Pts',(108.322101404448,12.6158418663142,9.));
#11854=CARTESIAN_POINT('Ctrl Pts',(108.322333399904,12.6073016670819,9.));
#11855=CARTESIAN_POINT('Ctrl Pts',(108.322468674145,12.5987641697553,9.));
#11856=CARTESIAN_POINT('Ctrl Pts',(108.323233098967,12.5505193977597,9.));
#11857=CARTESIAN_POINT('Ctrl Pts',(108.320916450952,12.5022814748767,9.));
#11858=CARTESIAN_POINT('Ctrl Pts',(108.315617868802,12.4543515974865,9.));
#11859=CARTESIAN_POINT('Ctrl Pts',(108.310338078649,12.4065917086106,9.));
#11860=CARTESIAN_POINT('Ctrl Pts',(108.30209693954,12.3591365101868,9.));
#11861=CARTESIAN_POINT('Ctrl Pts',(108.290944789517,12.3123023278774,9.));
#11862=CARTESIAN_POINT('Ctrl Pts',(108.285115382069,12.2878213506091,9.));
#11863=CARTESIAN_POINT('Ctrl Pts',(108.278489850564,12.2635104667806,9.));
#11864=CARTESIAN_POINT('Ctrl Pts',(108.271070885968,12.2394184694149,9.));
#11865=CARTESIAN_POINT('Ctrl Pts',(108.266949048709,12.2260334085883,9.));
#11866=CARTESIAN_POINT('Ctrl Pts',(108.262582250146,12.2127159627871,9.));
#11867=CARTESIAN_POINT('Ctrl Pts',(108.257970582471,12.199474931988,9.));
#11868=CARTESIAN_POINT('Ctrl Pts',(108.254699908701,12.1900841659638,9.));
#11869=CARTESIAN_POINT('Ctrl Pts',(108.251306385755,12.1807330963197,9.));
#11870=CARTESIAN_POINT('Ctrl Pts',(108.247794736839,12.171436386017,9.));
#11871=CARTESIAN_POINT('Ctrl Pts',(108.231444942733,12.1281520762927,9.));
#11872=CARTESIAN_POINT('Ctrl Pts',(108.212513788984,12.0859740186156,9.));
#11873=CARTESIAN_POINT('Ctrl Pts',(108.191042604702,12.045199184509,9.));
#11874=CARTESIAN_POINT('Ctrl Pts',(108.177256332186,12.0190183755074,9.));
#11875=CARTESIAN_POINT('Ctrl Pts',(108.162422078844,11.9934166495989,9.));
#11876=CARTESIAN_POINT('Ctrl Pts',(108.146543274752,11.9684812296363,9.));
#11877=CARTESIAN_POINT('Ctrl Pts',(108.138924955502,11.9565177348548,9.));
#11878=CARTESIAN_POINT('Ctrl Pts',(108.131063909981,11.9447049258954,9.));
#11879=CARTESIAN_POINT('Ctrl Pts',(108.122975399875,11.9330740256817,9.));
#11880=CARTESIAN_POINT('Ctrl Pts',(108.09778917879,11.8968574146673,9.));
#11881=CARTESIAN_POINT('Ctrl Pts',(108.070374543516,11.862359283034,9.));
#11882=CARTESIAN_POINT('Ctrl Pts',(108.040753547653,11.8298651770581,9.));
#11883=CARTESIAN_POINT('Ctrl Pts',(108.028751921774,11.816699444717,9.));
#11884=CARTESIAN_POINT('Ctrl Pts',(108.016387751289,11.8038631754315,9.));
#11885=CARTESIAN_POINT('Ctrl Pts',(108.003661223254,11.7913774817009,9.));
#11886=CARTESIAN_POINT('Ctrl Pts',(107.991477407857,11.7794242304206,9.));
#11887=CARTESIAN_POINT('Ctrl Pts',(107.978961447927,11.7677923137884,8.99999999999999));
#11888=CARTESIAN_POINT('Ctrl Pts',(107.966129063472,11.7564884815738,8.99999999999999));
#11889=CARTESIAN_POINT('Origin',(135.12827025654,12.44602489205,9.99367508117602));
#11890=CARTESIAN_POINT('Ctrl Pts',(136.419858929394,12.4453234682264,8.86867508117602));
#11891=CARTESIAN_POINT('Ctrl Pts',(136.42015182325,12.4017685841724,8.86624850629615));
#11892=CARTESIAN_POINT('Ctrl Pts',(136.398449187104,11.9333436316117,8.84013516067739));
#11893=CARTESIAN_POINT('Ctrl Pts',(135.827028987064,11.0937839408218,8.79033504431974));
#11894=CARTESIAN_POINT('Ctrl Pts',(134.378309473547,11.1216263394778,8.71927473210308));
#11895=CARTESIAN_POINT('Ctrl Pts',(133.609305531101,12.3496026033067,8.64821441988641));
#11896=CARTESIAN_POINT('Ctrl Pts',(134.216895354376,13.6650348761054,8.57715410766975));
#11897=CARTESIAN_POINT('Ctrl Pts',(135.650457855767,13.8756652436285,8.50609379545307));
#11898=CARTESIAN_POINT('Ctrl Pts',(136.36435253782,13.0690652180287,8.4532674532885));
#11899=CARTESIAN_POINT('Ctrl Pts',(136.419253317777,12.5453538594217,8.42412788186282));
#11900=CARTESIAN_POINT('Ctrl Pts',(136.418366159662,12.4471695608911,8.41867508117602));
#11901=CARTESIAN_POINT('Ctrl Pts',(136.416927204537,12.4472061722706,8.90632491882398));
#11902=CARTESIAN_POINT('Ctrl Pts',(136.414826747394,12.155868752547,8.89017640440488));
#11903=CARTESIAN_POINT('Ctrl Pts',(136.173981823417,11.4331525429805,8.85034111924689));
#11904=CARTESIAN_POINT('Ctrl Pts',(134.97934199637,10.9315250654865,8.78681906335));
#11905=CARTESIAN_POINT('Ctrl Pts',(133.778928875404,11.7420024360811,8.71575875113333));
#11906=CARTESIAN_POINT('Ctrl Pts',(133.80090929334,13.1909626516142,8.64469843891666));
#11907=CARTESIAN_POINT('Ctrl Pts',(135.026090209679,13.9645873712498,8.5736381267));
#11908=CARTESIAN_POINT('Ctrl Pts',(136.190427653683,13.4321795198642,8.51084695333576));
#11909=CARTESIAN_POINT('Ctrl Pts',(136.415180381609,12.7234813685699,8.47174255071043));
#11910=CARTESIAN_POINT('Ctrl Pts',(136.417006582026,12.4451223427524,8.45632491882398));
#11911=CARTESIAN_POINT('Ctrl Pts',(134.351872759066,11.7574524641844,9.));
#11912=CARTESIAN_POINT('Ctrl Pts',(134.124141399101,12.0142301840261,8.97631322926111));
#11913=CARTESIAN_POINT('Ctrl Pts',(133.947545631283,12.7674506554438,8.92893968778333));
#11914=CARTESIAN_POINT('Ctrl Pts',(134.752342120113,13.6119609318368,8.85787937556667));
#11915=CARTESIAN_POINT('Ctrl Pts',(135.898484788045,13.3976031133194,8.78681906334999));
#11916=CARTESIAN_POINT('Ctrl Pts',(136.346318661237,12.3219257934528,8.71575875113333));
#11917=CARTESIAN_POINT('Ctrl Pts',(135.690391863208,11.3582047004709,8.64469843891666));
#11918=CARTESIAN_POINT('Ctrl Pts',(134.524958781695,11.3806027231106,8.5736381267));
#11919=CARTESIAN_POINT('Ctrl Pts',(133.906327896986,12.3684572717838,8.50257781448333));
#11920=CARTESIAN_POINT('Ctrl Pts',(134.395108004819,13.4266664509287,8.43151750226666));
#11921=CARTESIAN_POINT('Ctrl Pts',(135.548347916306,13.5961096012365,8.36045719004999));
#11922=CARTESIAN_POINT('Ctrl Pts',(136.320875063586,12.7232631822367,8.28939687783333));
#11923=CARTESIAN_POINT('Ctrl Pts',(136.012566088952,11.5991541484728,8.21833656561665));
#11924=CARTESIAN_POINT('Ctrl Pts',(134.902833830362,11.2425528513346,8.14727625339999));
#11925=CARTESIAN_POINT('Ctrl Pts',(133.997411204031,11.9766366835402,8.07621594118332));
#11926=CARTESIAN_POINT('Ctrl Pts',(134.116867013806,13.1361198671183,8.00515562896665));
#11927=CARTESIAN_POINT('Ctrl Pts',(135.152940726359,13.6701812086533,7.93409531674998));
#11928=CARTESIAN_POINT('Ctrl Pts',(136.166655964105,13.0948103427799,7.86303500453332));
#11929=CARTESIAN_POINT('Ctrl Pts',(136.239299649122,11.9314560160889,7.79197469231664));
#11930=CARTESIAN_POINT('Ctrl Pts',(135.30503599728,11.2344468777995,7.72091438009999));
#11931=CARTESIAN_POINT('Ctrl Pts',(134.210572520247,11.6354705812991,7.64985406788331));
#11932=CARTESIAN_POINT('Ctrl Pts',(133.947803126733,12.7710860868799,7.57879375566664));
#11933=CARTESIAN_POINT('Ctrl Pts',(134.754871319966,13.6121040731926,7.50773344344997));
#11934=CARTESIAN_POINT('Ctrl Pts',(135.900344713468,13.3963240320522,7.43667313123331));
#11935=CARTESIAN_POINT('Ctrl Pts',(136.346099961258,12.3193037996995,7.36561281901664));
#11936=CARTESIAN_POINT('Ctrl Pts',(135.688156545318,11.3571287677511,7.29455250679997));
#11937=CARTESIAN_POINT('Ctrl Pts',(134.522797569723,11.3818020595412,7.2234921945833));
#11938=CARTESIAN_POINT('Ctrl Pts',(133.906168337271,12.3709626631337,7.15243188236664));
#11939=CARTESIAN_POINT('Ctrl Pts',(134.397109624383,13.4281509372895,7.08137157014996));
#11940=CARTESIAN_POINT('Ctrl Pts',(135.55068949893,13.5952547660178,7.0103112579333));
#11941=CARTESIAN_POINT('Ctrl Pts',(136.321437985416,12.7208309414659,6.93925094571662));
#11942=CARTESIAN_POINT('Ctrl Pts',(136.010838347376,11.5973547252783,6.86819063349997));
#11943=CARTESIAN_POINT('Ctrl Pts',(134.900382447999,11.2430146336772,6.79713032128329));
#11944=CARTESIAN_POINT('Ctrl Pts',(133.996456585082,11.978941399889,6.72607000906663));
#11945=CARTESIAN_POINT('Ctrl Pts',(134.118276303507,13.1381805899755,6.65500969684996));
#11946=CARTESIAN_POINT('Ctrl Pts',(135.155432843491,13.6701254893903,6.58394938463329));
#11947=CARTESIAN_POINT('Ctrl Pts',(136.167980276766,13.092699329608,6.51288907241662));
#11948=CARTESIAN_POINT('Ctrl Pts',(136.238239460244,11.9291803964674,6.44182876019995));
#11949=CARTESIAN_POINT('Ctrl Pts',(135.302586544533,11.2341160813353,6.37076844798329));
#11950=CARTESIAN_POINT('Ctrl Pts',(134.208881877982,11.6372860718719,6.29970813576662));
#11951=CARTESIAN_POINT('Ctrl Pts',(133.948553406288,12.7736079436388,6.22864782354994));
#11952=CARTESIAN_POINT('Ctrl Pts',(134.757069150553,13.6126187693908,6.15758751133329));
#11953=CARTESIAN_POINT('Ctrl Pts',(135.902648483458,13.395270473713,6.08652719911661));
#11954=CARTESIAN_POINT('Ctrl Pts',(136.345017087521,12.3158238499723,6.01546688689995));
#11955=CARTESIAN_POINT('Ctrl Pts',(135.906472200935,11.6784812998294,5.96809334542217));
#11956=CARTESIAN_POINT('Ctrl Pts',(135.600922965104,11.522161006195,5.94440657468328));
#11957=CARTESIAN_POINT('Ctrl Pts',(134.288965421481,11.7016611223618,9.04854553513436));
#11958=CARTESIAN_POINT('Ctrl Pts',(134.042782207167,11.9792441677733,9.02485876439547));
#11959=CARTESIAN_POINT('Ctrl Pts',(133.851877828594,12.7934940662898,8.97748522291769));
#11960=CARTESIAN_POINT('Ctrl Pts',(134.721882673421,13.7064304945241,8.90642491070103));
#11961=CARTESIAN_POINT('Ctrl Pts',(135.96089115296,13.474704408209,8.83536459848436));
#11962=CARTESIAN_POINT('Ctrl Pts',(136.445010610192,12.3118707070893,8.76430428626769));
#11963=CARTESIAN_POINT('Ctrl Pts',(135.73593757116,11.2700644472546,8.69324397405102));
#11964=CARTESIAN_POINT('Ctrl Pts',(134.476075678979,11.2942772618997,8.62218366183435));
#11965=CARTESIAN_POINT('Ctrl Pts',(133.807320441691,12.3621723822915,8.55112334961769));
#11966=CARTESIAN_POINT('Ctrl Pts',(134.335703788005,13.5061225926543,8.48006303740102));
#11967=CARTESIAN_POINT('Ctrl Pts',(135.582384562793,13.6892948153672,8.40900272518435));
#11968=CARTESIAN_POINT('Ctrl Pts',(136.417505453878,12.7457263184126,8.33794241296768));
#11969=CARTESIAN_POINT('Ctrl Pts',(136.084215851652,11.5305367405977,8.26688210075102));
#11970=CARTESIAN_POINT('Ctrl Pts',(134.884567922226,11.1450419472085,8.19582178853435));
#11971=CARTESIAN_POINT('Ctrl Pts',(133.905783742055,11.938604666967,8.12476147631768));
#11972=CARTESIAN_POINT('Ctrl Pts',(134.03491841733,13.1920345727991,8.05370116410101));
#11973=CARTESIAN_POINT('Ctrl Pts',(135.154939642608,13.7693680490494,7.98264085188434));
#11974=CARTESIAN_POINT('Ctrl Pts',(136.250790805423,13.1473779585983,7.91158053966768));
#11975=CARTESIAN_POINT('Ctrl Pts',(136.329320419789,11.8897632516269,7.840520227451));
#11976=CARTESIAN_POINT('Ctrl Pts',(135.319358380031,11.136279189983,7.76945991523434));
#11977=CARTESIAN_POINT('Ctrl Pts',(134.136216379885,11.5697956997808,7.69839960301767));
#11978=CARTESIAN_POINT('Ctrl Pts',(133.852156187523,12.7974240572954,7.62733929080101));
#11979=CARTESIAN_POINT('Ctrl Pts',(134.724616800813,13.7065852338585,7.55627897858433));
#11980=CARTESIAN_POINT('Ctrl Pts',(135.962901778194,13.4733216898264,7.48521866636767));
#11981=CARTESIAN_POINT('Ctrl Pts',(136.444774190123,12.3090362672028,7.41415835415099));
#11982=CARTESIAN_POINT('Ctrl Pts',(135.733521137415,11.2689013374598,7.34309804193434));
#11983=CARTESIAN_POINT('Ctrl Pts',(134.473739355558,11.295573774148,7.27203772971766));
#11984=CARTESIAN_POINT('Ctrl Pts',(133.807147953706,12.3648807721053,7.20097741750099));
#11985=CARTESIAN_POINT('Ctrl Pts',(134.337867588099,13.5077273590069,7.12991710528433));
#11986=CARTESIAN_POINT('Ctrl Pts',(135.584915871335,13.6883707174218,7.05885679306766));
#11987=CARTESIAN_POINT('Ctrl Pts',(136.418113986254,12.7430970061781,6.98779648085099));
#11988=CARTESIAN_POINT('Ctrl Pts',(136.082348120415,11.5285915197638,6.91673616863433));
#11989=CARTESIAN_POINT('Ctrl Pts',(134.881917917459,11.1455411453051,6.84567585641765));
#11990=CARTESIAN_POINT('Ctrl Pts',(133.904751775438,11.9410961221575,6.77461554420099));
#11991=CARTESIAN_POINT('Ctrl Pts',(134.036441894239,13.1942622650102,6.70355523198432));
#11992=CARTESIAN_POINT('Ctrl Pts',(135.157633682665,13.7693078151525,6.63249491976765));
#11993=CARTESIAN_POINT('Ctrl Pts',(136.252222420057,13.1450959013173,6.56143460755098));
#11994=CARTESIAN_POINT('Ctrl Pts',(136.328174329476,11.887303250716,6.49037429533432));
#11995=CARTESIAN_POINT('Ctrl Pts',(135.316710461226,11.1359215908501,6.41931398311765));
#11996=CARTESIAN_POINT('Ctrl Pts',(134.134388753919,11.5717582898467,6.34825367090098));
#11997=CARTESIAN_POINT('Ctrl Pts',(133.852967258219,12.8001502466222,6.27719335868431));
#11998=CARTESIAN_POINT('Ctrl Pts',(134.726992709861,13.7071416331375,6.20613304646765));
#11999=CARTESIAN_POINT('Ctrl Pts',(135.965392210348,13.4721827672887,6.13507273425097));
#12000=CARTESIAN_POINT('Ctrl Pts',(136.443603576918,12.3052743557575,6.06401242203431));
#12001=CARTESIAN_POINT('Ctrl Pts',(135.969525743205,11.6162913468421,6.01663888055653));
#12002=CARTESIAN_POINT('Ctrl Pts',(135.63921948666,11.4473052557069,5.99295210981764));
#12003=CARTESIAN_POINT('Ctrl Pts',(134.226058083896,11.6458697805393,9.09709107026872));
#12004=CARTESIAN_POINT('Ctrl Pts',(133.961423015233,11.9442581515205,9.07340429952984));
#12005=CARTESIAN_POINT('Ctrl Pts',(133.756210025905,12.8195374771357,9.02603075805206));
#12006=CARTESIAN_POINT('Ctrl Pts',(134.691423226729,13.8009000572113,8.95497044583539));
#12007=CARTESIAN_POINT('Ctrl Pts',(136.023297517875,13.5518057030987,8.88391013361873));
#12008=CARTESIAN_POINT('Ctrl Pts',(136.543702559147,12.3018156207258,8.81284982140205));
#12009=CARTESIAN_POINT('Ctrl Pts',(135.781483279112,11.1819241940382,8.74178950918538));
#12010=CARTESIAN_POINT('Ctrl Pts',(134.427192576263,11.2079518006887,8.67072919696872));
#12011=CARTESIAN_POINT('Ctrl Pts',(133.708312986396,12.3558874927991,8.59966888475205));
#12012=CARTESIAN_POINT('Ctrl Pts',(134.276299571191,13.5855787343798,8.52860857253538));
#12013=CARTESIAN_POINT('Ctrl Pts',(135.61642120928,13.7824800294979,8.4575482603187));
#12014=CARTESIAN_POINT('Ctrl Pts',(136.514135844171,12.7681894545885,8.38648794810205));
#12015=CARTESIAN_POINT('Ctrl Pts',(136.155865614352,11.4619193327225,8.31542763588537));
#12016=CARTESIAN_POINT('Ctrl Pts',(134.86630201409,11.0475310430825,8.24436732366871));
#12017=CARTESIAN_POINT('Ctrl Pts',(133.814156280079,11.9005726503937,8.17330701145204));
#12018=CARTESIAN_POINT('Ctrl Pts',(133.952969820854,13.24794927848,8.10224669923537));
#12019=CARTESIAN_POINT('Ctrl Pts',(135.156938558857,13.8685548894455,8.03118638701871));
#12020=CARTESIAN_POINT('Ctrl Pts',(136.334925646741,13.1999455744167,7.96012607480204));
#12021=CARTESIAN_POINT('Ctrl Pts',(136.419341190456,11.848070487165,7.88906576258537));
#12022=CARTESIAN_POINT('Ctrl Pts',(135.333680762783,11.0381115021665,7.8180054503687));
#12023=CARTESIAN_POINT('Ctrl Pts',(134.061860239524,11.5041208182625,7.74694513815203));
#12024=CARTESIAN_POINT('Ctrl Pts',(133.756509248314,12.8237620277108,7.67588482593537));
#12025=CARTESIAN_POINT('Ctrl Pts',(134.694362281661,13.8010663945244,7.60482451371869));
#12026=CARTESIAN_POINT('Ctrl Pts',(136.025458842921,13.5503193476007,7.53376420150203));
#12027=CARTESIAN_POINT('Ctrl Pts',(136.543448418989,12.2987687347061,7.46270388928536));
#12028=CARTESIAN_POINT('Ctrl Pts',(135.778885729511,11.1806739071685,7.39164357706869));
#12029=CARTESIAN_POINT('Ctrl Pts',(134.424681141393,11.2093454887548,7.32058326485202));
#12030=CARTESIAN_POINT('Ctrl Pts',(133.70812757014,12.3587988810769,7.24952295263536));
#12031=CARTESIAN_POINT('Ctrl Pts',(134.278625551815,13.5873037807243,7.17846264041869));
#12032=CARTESIAN_POINT('Ctrl Pts',(135.619142243741,13.7814866688257,7.10740232820202));
#12033=CARTESIAN_POINT('Ctrl Pts',(136.514789987092,12.7653630708903,7.03634201598535));
#12034=CARTESIAN_POINT('Ctrl Pts',(136.153857893454,11.4598283142493,6.96528170376869));
#12035=CARTESIAN_POINT('Ctrl Pts',(134.863453386918,11.048067656933,6.89422139155202));
#12036=CARTESIAN_POINT('Ctrl Pts',(133.813046965793,11.903250844426,6.82316107933535));
#12037=CARTESIAN_POINT('Ctrl Pts',(133.954607484971,13.2503439400449,6.75210076711868));
#12038=CARTESIAN_POINT('Ctrl Pts',(135.159834521839,13.8684901409147,6.68104045490201));
#12039=CARTESIAN_POINT('Ctrl Pts',(136.336464563349,13.1974924730266,6.60998014268535));
#12040=CARTESIAN_POINT('Ctrl Pts',(136.418109198707,11.8454261049645,6.53891983046868));
#12041=CARTESIAN_POINT('Ctrl Pts',(135.33083437792,11.037727100365,6.467859518252));
#12042=CARTESIAN_POINT('Ctrl Pts',(134.059895629855,11.5062305078215,6.39679920603535));
#12043=CARTESIAN_POINT('Ctrl Pts',(133.75738111015,12.8266925496057,6.32573889381866));
#12044=CARTESIAN_POINT('Ctrl Pts',(134.696916269168,13.8016644968841,6.25467858160201));
#12045=CARTESIAN_POINT('Ctrl Pts',(136.028135937238,13.5490950608644,6.18361826938533));
#12046=CARTESIAN_POINT('Ctrl Pts',(136.542190066315,12.2947248615428,6.11255795716867));
#12047=CARTESIAN_POINT('Ctrl Pts',(136.032579285476,11.5541013938548,6.06518441569089));
#12048=CARTESIAN_POINT('Ctrl Pts',(135.677516008217,11.3724495052189,6.041497644952));
#12049=CARTESIAN_POINT('Ctrl Pts',(134.16315074631,11.5900784387167,9.14563660540309));
#12050=CARTESIAN_POINT('Ctrl Pts',(133.880063823299,11.9092721352677,9.1219498346642));
#12051=CARTESIAN_POINT('Ctrl Pts',(133.660542223216,12.8455808879817,9.07457629318642));
#12052=CARTESIAN_POINT('Ctrl Pts',(134.660963780037,13.8953696198986,9.00351598096975));
#12053=CARTESIAN_POINT('Ctrl Pts',(136.08570388279,13.6289069979883,8.93245566875308));
#12054=CARTESIAN_POINT('Ctrl Pts',(136.642394508102,12.2917605343624,8.86139535653641));
#12055=CARTESIAN_POINT('Ctrl Pts',(135.827028987064,11.0937839408218,8.79033504431974));
#12056=CARTESIAN_POINT('Ctrl Pts',(134.378309473547,11.1216263394778,8.71927473210308));
#12057=CARTESIAN_POINT('Ctrl Pts',(133.609305531101,12.3496026033067,8.64821441988641));
#12058=CARTESIAN_POINT('Ctrl Pts',(134.216895354376,13.6650348761054,8.57715410766975));
#12059=CARTESIAN_POINT('Ctrl Pts',(135.650457855767,13.8756652436285,8.50609379545307));
#12060=CARTESIAN_POINT('Ctrl Pts',(136.610766234463,12.7906525907644,8.43503348323641));
#12061=CARTESIAN_POINT('Ctrl Pts',(136.227515377052,11.3933019248473,8.36397317101974));
#12062=CARTESIAN_POINT('Ctrl Pts',(134.848036105955,10.9500201389564,8.29291285880307));
#12063=CARTESIAN_POINT('Ctrl Pts',(133.722528818104,11.8625406338205,8.2218525465864));
#12064=CARTESIAN_POINT('Ctrl Pts',(133.871021224378,13.3038639841609,8.15079223436973));
#12065=CARTESIAN_POINT('Ctrl Pts',(135.158937475106,13.9677417298416,8.07973192215307));
#12066=CARTESIAN_POINT('Ctrl Pts',(136.419060488059,13.2525131902351,8.0086716099364));
#12067=CARTESIAN_POINT('Ctrl Pts',(136.509361961123,11.806377722703,7.93761129771973));
#12068=CARTESIAN_POINT('Ctrl Pts',(135.348003145535,10.93994381435,7.86655098550306));
#12069=CARTESIAN_POINT('Ctrl Pts',(133.987504099163,11.4384459367442,7.7954906732864));
#12070=CARTESIAN_POINT('Ctrl Pts',(133.660862309104,12.8500999981263,7.72443036106972));
#12071=CARTESIAN_POINT('Ctrl Pts',(134.664107762509,13.8955475551904,7.65337004885306));
#12072=CARTESIAN_POINT('Ctrl Pts',(136.088015907647,13.6273170053749,7.5823097366364));
#12073=CARTESIAN_POINT('Ctrl Pts',(136.642122647854,12.2885012022094,7.51124942441972));
#12074=CARTESIAN_POINT('Ctrl Pts',(135.824250321608,11.0924464768772,7.44018911220306));
#12075=CARTESIAN_POINT('Ctrl Pts',(134.375622927227,11.1231172033616,7.36912879998638));
#12076=CARTESIAN_POINT('Ctrl Pts',(133.609107186575,12.3527169900485,7.29806848776972));
#12077=CARTESIAN_POINT('Ctrl Pts',(134.219383515531,13.6668802024417,7.22700817555304));
#12078=CARTESIAN_POINT('Ctrl Pts',(135.653368616147,13.8746026202297,7.15594786333639));
#12079=CARTESIAN_POINT('Ctrl Pts',(136.61146598793,12.7876291356025,7.08488755111971));
#12080=CARTESIAN_POINT('Ctrl Pts',(136.225367666493,11.3910651087347,7.01382723890305));
#12081=CARTESIAN_POINT('Ctrl Pts',(134.844988856378,10.9505941685608,6.94276692668638));
#12082=CARTESIAN_POINT('Ctrl Pts',(133.721342156149,11.8654055666945,6.87170661446971));
#12083=CARTESIAN_POINT('Ctrl Pts',(133.872773075703,13.3064256150796,6.80064630225304));
#12084=CARTESIAN_POINT('Ctrl Pts',(135.162035361013,13.9676724666769,6.72958599003637));
#12085=CARTESIAN_POINT('Ctrl Pts',(136.42070670664,13.2498890447359,6.65852567781971));
#12086=CARTESIAN_POINT('Ctrl Pts',(136.508044067938,11.8035489592131,6.58746536560304));
#12087=CARTESIAN_POINT('Ctrl Pts',(135.344958294613,10.9395326098799,6.51640505338637));
#12088=CARTESIAN_POINT('Ctrl Pts',(133.985402505791,11.4407027257963,6.44534474116971));
#12089=CARTESIAN_POINT('Ctrl Pts',(133.661794962081,12.8532348525892,6.37428442895303));
#12090=CARTESIAN_POINT('Ctrl Pts',(134.666839828476,13.8961873606308,6.30322411673637));
#12091=CARTESIAN_POINT('Ctrl Pts',(136.090879664127,13.6260073544401,6.2321638045197));
#12092=CARTESIAN_POINT('Ctrl Pts',(136.640776555712,12.284175367328,6.16110349230303));
#12093=CARTESIAN_POINT('Ctrl Pts',(136.095632827746,11.4919114408675,6.11372995082525));
#12094=CARTESIAN_POINT('Ctrl Pts',(135.715812529773,11.2975937547308,6.09004318008636));
#12095=CARTESIAN_POINT('Ctrl Pts',(135.715812529773,11.2975937547308,6.09004318008636));
#12096=CARTESIAN_POINT('Ctrl Pts',(135.76058329019,11.3262118342716,6.09004318008636));
#12097=CARTESIAN_POINT('Ctrl Pts',(135.803322945701,11.3577527365726,6.09004318008636));
#12098=CARTESIAN_POINT('Ctrl Pts',(135.843888817436,11.391918216714,6.09004318008636));
#12099=CARTESIAN_POINT('Ctrl Pts',(135.879670655703,11.4220544773796,6.09004318008636));
#12100=CARTESIAN_POINT('Ctrl Pts',(135.913760894315,11.4542339242303,6.09004318008636));
#12101=CARTESIAN_POINT('Ctrl Pts',(135.946033560267,11.4882704693513,6.09004318008636));
#12102=CARTESIAN_POINT('Ctrl Pts',(135.955921854005,11.4986992128732,6.09004318008636));
#12103=CARTESIAN_POINT('Ctrl Pts',(135.965640410776,11.5093039065903,6.09004318008636));
#12104=CARTESIAN_POINT('Ctrl Pts',(135.975170880218,11.5200625520993,6.09004318008636));
#12105=CARTESIAN_POINT('Ctrl Pts',(136.009928307261,11.559299112127,6.09004318008636));
#12106=CARTESIAN_POINT('Ctrl Pts',(136.042233723376,11.6006284782903,6.09004318008636));
#12107=CARTESIAN_POINT('Ctrl Pts',(136.071921601351,11.6437769016995,6.09004318008636));
#12108=CARTESIAN_POINT('Ctrl Pts',(136.089120575713,11.6687739267022,6.09004318008636));
#12109=CARTESIAN_POINT('Ctrl Pts',(136.1054401962,11.6943819185048,6.09004318008636));
#12110=CARTESIAN_POINT('Ctrl Pts',(136.120840556014,11.7205498941302,6.09004318008636));
#12111=CARTESIAN_POINT('Ctrl Pts',(136.126312173071,11.7298471536422,6.09004318008636));
#12112=CARTESIAN_POINT('Ctrl Pts',(136.1316676948,11.7392151087766,6.09004318008636));
#12113=CARTESIAN_POINT('Ctrl Pts',(136.136905145097,11.7486514891654,6.09004318008636));
#12114=CARTESIAN_POINT('Ctrl Pts',(136.142423359033,11.7585937249512,6.09004318008636));
#12115=CARTESIAN_POINT('Ctrl Pts',(136.14780657781,11.7686049786688,6.09004318008636));
#12116=CARTESIAN_POINT('Ctrl Pts',(136.153049747804,11.7786757548217,6.09004318008636));
#12117=CARTESIAN_POINT('Ctrl Pts',(136.176425838638,11.8235751913028,6.09004318008636));
#12118=CARTESIAN_POINT('Ctrl Pts',(136.197044839498,11.8696976304482,6.09004318008636));
#12119=CARTESIAN_POINT('Ctrl Pts',(136.214754522975,11.9167950340789,6.09004318008636));
#12120=CARTESIAN_POINT('Ctrl Pts',(136.232120344373,11.9629779656305,6.09004318008636));
#12121=CARTESIAN_POINT('Ctrl Pts',(136.246688931376,12.0100993455379,6.09004318008636));
#12122=CARTESIAN_POINT('Ctrl Pts',(136.258268107095,12.0579301457491,6.09004318008636));
#12123=CARTESIAN_POINT('Ctrl Pts',(136.264269016776,12.0827184656615,6.09004318008636));
#12124=CARTESIAN_POINT('Ctrl Pts',(136.269466199036,12.1076973144463,6.09004318008636));
#12125=CARTESIAN_POINT('Ctrl Pts',(136.273827337654,12.1328340615333,6.09004318008636));
#12126=CARTESIAN_POINT('Ctrl Pts',(136.276419269065,12.1477734455012,6.09004318008636));
#12127=CARTESIAN_POINT('Ctrl Pts',(136.278715817504,12.162768587632,6.09004318008636));
#12128=CARTESIAN_POINT('Ctrl Pts',(136.280709525452,12.1778124536737,6.09004318008636));
#12129=CARTESIAN_POINT('Ctrl Pts',(136.282171186662,12.1888416696036,6.09004318008636));
#12130=CARTESIAN_POINT('Ctrl Pts',(136.283470134436,12.1998993211878,6.09004318008636));
#12131=CARTESIAN_POINT('Ctrl Pts',(136.284601429994,12.2109600724371,6.09004318008636));
#12132=CARTESIAN_POINT('Ctrl Pts',(136.288407009109,12.2481674703315,6.09004318008636));
#12133=CARTESIAN_POINT('Ctrl Pts',(136.290325106374,12.2854649063754,6.09004318008636));
#12134=CARTESIAN_POINT('Ctrl Pts',(136.290279067396,12.322750347432,6.09004318008636));
#12135=CARTESIAN_POINT('Ctrl Pts',(136.29021857348,12.3717423638632,6.09004318008636));
#12136=CARTESIAN_POINT('Ctrl Pts',(136.286768449352,12.4207148264704,6.09004318008636));
#12137=CARTESIAN_POINT('Ctrl Pts',(136.280082318532,12.4693749583983,6.09004318008636));
#12138=CARTESIAN_POINT('Ctrl Pts',(136.27467640773,12.5087179416447,6.09004318008636));
#12139=CARTESIAN_POINT('Ctrl Pts',(136.267153862119,12.5478568073159,6.09004318008636));
#12140=CARTESIAN_POINT('Ctrl Pts',(136.257574199517,12.5866245475523,6.09004318008636));
#12141=CARTESIAN_POINT('Ctrl Pts',(136.253925061547,12.6013921692124,6.09004318008636));
#12142=CARTESIAN_POINT('Ctrl Pts',(136.2499772494,12.6161057911176,6.09004318008636));
#12143=CARTESIAN_POINT('Ctrl Pts',(136.24573344059,12.6307555688813,6.09004318008636));
#12144=CARTESIAN_POINT('Ctrl Pts',(136.243066016865,12.6399636097066,6.09004318008636));
#12145=CARTESIAN_POINT('Ctrl Pts',(136.240283825624,12.6491387353012,6.09004318008636));
#12146=CARTESIAN_POINT('Ctrl Pts',(136.237389886671,12.6582732321077,6.09004318008636));
#12147=CARTESIAN_POINT('Ctrl Pts',(136.222890208963,12.7040403550101,6.09004318008636));
#12148=CARTESIAN_POINT('Ctrl Pts',(136.20557599531,12.7488344360328,6.09004318008636));
#12149=CARTESIAN_POINT('Ctrl Pts',(136.185593648696,12.7923812919813,6.09004318008636));
#12150=CARTESIAN_POINT('Ctrl Pts',(136.165813438761,12.8354876382645,6.09004318008636));
#12151=CARTESIAN_POINT('Ctrl Pts',(136.143418019508,12.8773728130417,6.09004318008636));
#12152=CARTESIAN_POINT('Ctrl Pts',(136.118511260854,12.9177377553382,6.09004318008636));
#12153=CARTESIAN_POINT('Ctrl Pts',(136.106145549526,12.9377781480335,6.09004318008636));
#12154=CARTESIAN_POINT('Ctrl Pts',(136.093160291473,12.9574432111662,6.09004318008636));
#12155=CARTESIAN_POINT('Ctrl Pts',(136.079565540147,12.9766921876766,6.09004318008636));
#12156=CARTESIAN_POINT('Ctrl Pts',(136.070591254083,12.9893989902892,6.09004318008636));
#12157=CARTESIAN_POINT('Ctrl Pts',(136.061351335531,13.0019244147965,6.09004318008636));
#12158=CARTESIAN_POINT('Ctrl Pts',(136.051848344324,13.0142559539284,6.09004318008636));
#12159=CARTESIAN_POINT('Ctrl Pts',(136.046424632737,13.0212940233339,6.09004318008636));
#12160=CARTESIAN_POINT('Ctrl Pts',(136.040921003356,13.0282614002717,6.09004318008636));
#12161=CARTESIAN_POINT('Ctrl Pts',(136.035339508251,13.0351548298073,6.09004318008636));
#12162=CARTESIAN_POINT('Ctrl Pts',(136.006638970911,13.0706014490463,6.09004318008636));
#12163=CARTESIAN_POINT('Ctrl Pts',(135.975872134024,13.1041089826222,6.09004318008636));
#12164=CARTESIAN_POINT('Ctrl Pts',(135.943143107065,13.1354136119047,6.09004318008636));
#12165=CARTESIAN_POINT('Ctrl Pts',(135.911547176068,13.1656344586148,6.09004318008636));
#12166=CARTESIAN_POINT('Ctrl Pts',(135.878121842405,13.1938027818602,6.09004318008636));
#12167=CARTESIAN_POINT('Ctrl Pts',(135.842938644806,13.2196385898906,6.09004318008636));
#12168=CARTESIAN_POINT('Ctrl Pts',(135.825490323856,13.2324512817795,6.09004318008636));
#12169=CARTESIAN_POINT('Ctrl Pts',(135.807609384543,13.2446895894742,6.09004318008636));
#12170=CARTESIAN_POINT('Ctrl Pts',(135.789303222402,13.2563147243985,6.09004318008636));
#12171=CARTESIAN_POINT('Ctrl Pts',(135.774900602716,13.2654609559141,6.09004318008636));
#12172=CARTESIAN_POINT('Ctrl Pts',(135.760234727825,13.2742275455848,6.09004318008636));
#12173=CARTESIAN_POINT('Ctrl Pts',(135.74532201134,13.2826101686776,6.09004318008636));
#12174=CARTESIAN_POINT('Ctrl Pts',(134.351872759066,11.7574524641844,9.));
#12175=CARTESIAN_POINT('Ctrl Pts',(134.319397067339,11.7863001169934,9.));
#12176=CARTESIAN_POINT('Ctrl Pts',(134.28902332141,11.817225598986,9.));
#12177=CARTESIAN_POINT('Ctrl Pts',(134.26075863717,11.8499248516728,9.));
#12178=CARTESIAN_POINT('Ctrl Pts',(134.231201068482,11.8841198350344,9.));
#12179=CARTESIAN_POINT('Ctrl Pts',(134.203949253551,11.9202550245765,9.));
#12180=CARTESIAN_POINT('Ctrl Pts',(134.179037291664,11.9580334169173,9.));
#12181=CARTESIAN_POINT('Ctrl Pts',(134.159997687276,11.9869065200406,9.));
#12182=CARTESIAN_POINT('Ctrl Pts',(134.142325302801,12.0167406123349,9.));
#12183=CARTESIAN_POINT('Ctrl Pts',(134.126048597032,12.0474186873245,9.));
#12184=CARTESIAN_POINT('Ctrl Pts',(134.12067128076,12.0575537671236,9.));
#12185=CARTESIAN_POINT('Ctrl Pts',(134.115446397168,12.0677810533793,9.));
#12186=CARTESIAN_POINT('Ctrl Pts',(134.110375291625,12.0780965736538,9.));
#12187=CARTESIAN_POINT('Ctrl Pts',(134.106907262012,12.0851511556345,9.));
#12188=CARTESIAN_POINT('Ctrl Pts',(134.10351171501,12.0922460300024,9.));
#12189=CARTESIAN_POINT('Ctrl Pts',(134.100193130909,12.0993706896942,9.));
#12190=CARTESIAN_POINT('Ctrl Pts',(134.080355269649,12.1419605431349,9.));
#12191=CARTESIAN_POINT('Ctrl Pts',(134.063222050561,12.1856976231486,9.));
#12192=CARTESIAN_POINT('Ctrl Pts',(134.048823746558,12.230266890084,9.));
#12193=CARTESIAN_POINT('Ctrl Pts',(134.033515796093,12.2776519244848,9.));
#12194=CARTESIAN_POINT('Ctrl Pts',(134.021298171971,12.3259784357778,9.));
#12195=CARTESIAN_POINT('Ctrl Pts',(134.012252893638,12.3749094236103,9.));
#12196=CARTESIAN_POINT('Ctrl Pts',(134.006493397715,12.4060657699957,9.));
#12197=CARTESIAN_POINT('Ctrl Pts',(134.002021063197,12.4374680052897,9.));
#12198=CARTESIAN_POINT('Ctrl Pts',(133.998868916028,12.4690344076256,9.));
#12199=CARTESIAN_POINT('Ctrl Pts',(133.997995201238,12.4777840094461,9.));
#12200=CARTESIAN_POINT('Ctrl Pts',(133.99722297473,12.486546238892,9.));
#12201=CARTESIAN_POINT('Ctrl Pts',(133.996553079847,12.4953193827838,9.));
#12202=CARTESIAN_POINT('Ctrl Pts',(133.99587553216,12.5041927500898,9.));
#12203=CARTESIAN_POINT('Ctrl Pts',(133.995303371355,12.5130682903486,9.));
#12204=CARTESIAN_POINT('Ctrl Pts',(133.994836955974,12.5219420691177,9.));
#12205=CARTESIAN_POINT('Ctrl Pts',(133.992251300013,12.5711354274546,9.));
#12206=CARTESIAN_POINT('Ctrl Pts',(133.992910273423,12.6202923964627,9.));
#12207=CARTESIAN_POINT('Ctrl Pts',(133.996875090881,12.6690959314748,9.));
#12208=CARTESIAN_POINT('Ctrl Pts',(133.99914128387,12.6969908421688,9.));
#12209=CARTESIAN_POINT('Ctrl Pts',(134.002488303564,12.7247708073119,9.));
#12210=CARTESIAN_POINT('Ctrl Pts',(134.00693476749,12.7523792829355,9.));
#12211=CARTESIAN_POINT('Ctrl Pts',(134.014508116034,12.7994028531522,9.));
#12212=CARTESIAN_POINT('Ctrl Pts',(134.025267898622,12.8459293224487,9.));
#12213=CARTESIAN_POINT('Ctrl Pts',(134.039004345854,12.8917636125935,9.));
#12214=CARTESIAN_POINT('Ctrl Pts',(134.042626545878,12.9038497775282,9.));
#12215=CARTESIAN_POINT('Ctrl Pts',(134.046456004005,12.9158877923783,9.));
#12216=CARTESIAN_POINT('Ctrl Pts',(134.05048945708,12.9278740040362,9.));
#12217=CARTESIAN_POINT('Ctrl Pts',(134.053376722396,12.9364540897683,9.));
#12218=CARTESIAN_POINT('Ctrl Pts',(134.056368274349,12.9450065816102,9.));
#12219=CARTESIAN_POINT('Ctrl Pts',(134.059458295395,12.9535182926786,9.));
#12220=CARTESIAN_POINT('Ctrl Pts',(134.07625107199,12.9997753440898,9.));
#12221=CARTESIAN_POINT('Ctrl Pts',(134.095978579782,13.0449216173126,9.));
#12222=CARTESIAN_POINT('Ctrl Pts',(134.118373471005,13.0887546001133,9.));
#12223=CARTESIAN_POINT('Ctrl Pts',(134.141324204484,13.1336755196151,9.));
#12224=CARTESIAN_POINT('Ctrl Pts',(134.167076699533,13.1772181009293,9.));
#12225=CARTESIAN_POINT('Ctrl Pts',(134.195398708396,13.2191604840911,9.));
#12226=CARTESIAN_POINT('Ctrl Pts',(134.211974835254,13.2437082577823,9.));
#12227=CARTESIAN_POINT('Ctrl Pts',(134.22943214999,13.2677077471458,9.));
#12228=CARTESIAN_POINT('Ctrl Pts',(134.247731828868,13.2911118095494,9.));
#12229=CARTESIAN_POINT('Ctrl Pts',(134.25776659697,13.3039456051835,9.));
#12230=CARTESIAN_POINT('Ctrl Pts',(134.268054755061,13.3166003139933,9.));
#12231=CARTESIAN_POINT('Ctrl Pts',(134.278590547857,13.3290677680195,9.));
#12232=CARTESIAN_POINT('Ctrl Pts',(134.285340933923,13.3370557884348,9.));
#12233=CARTESIAN_POINT('Ctrl Pts',(134.292193153661,13.3449669439471,9.));
#12234=CARTESIAN_POINT('Ctrl Pts',(134.299135565769,13.3527880370019,9.));
#12235=CARTESIAN_POINT('Ctrl Pts',(134.33405539255,13.3921275648925,9.));
#12236=CARTESIAN_POINT('Ctrl Pts',(134.371312565782,13.429261540795,9.));
#12237=CARTESIAN_POINT('Ctrl Pts',(134.410663865811,13.4639478080775,9.));
#12238=CARTESIAN_POINT('Ctrl Pts',(134.435993717135,13.4862748466408,9.));
#12239=CARTESIAN_POINT('Ctrl Pts',(134.462192293768,13.5075874403315,9.));
#12240=CARTESIAN_POINT('Ctrl Pts',(134.489204587208,13.5278152396504,9.));
#12241=CARTESIAN_POINT('Ctrl Pts',(134.498668519266,13.5349021802273,9.));
#12242=CARTESIAN_POINT('Ctrl Pts',(134.508234261252,13.5418572194757,9.00000000000001));
#12243=CARTESIAN_POINT('Ctrl Pts',(134.517893563905,13.5486728830651,9.00000000000001));
#12244=CARTESIAN_POINT('Ctrl Pts',(134.561365612321,13.5793470288278,9.00000000000001));
#12245=CARTESIAN_POINT('Ctrl Pts',(134.606640915462,13.607139728815,9.));
#12246=CARTESIAN_POINT('Ctrl Pts',(134.653488918177,13.6317981059001,9.));
#12247=CARTESIAN_POINT('Ctrl Pts',(134.679696634345,13.6455924986244,9.));
#12248=CARTESIAN_POINT('Ctrl Pts',(134.706397311369,13.6584055134626,9.));
#12249=CARTESIAN_POINT('Ctrl Pts',(134.733555752169,13.6701879297516,9.));
#12250=CARTESIAN_POINT('Ctrl Pts',(134.75287005911,13.678567247489,9.));
#12251=CARTESIAN_POINT('Ctrl Pts',(134.772415962016,13.686425250115,9.));
#12252=CARTESIAN_POINT('Ctrl Pts',(134.79217392359,13.6937671875993,9.));
#12253=CARTESIAN_POINT('Ctrl Pts',(136.166097406513,12.4469457293289,8.27303847577293));
#12254=CARTESIAN_POINT('Ctrl Pts',(136.166811087391,12.5259308113446,8.27849127645973));
#12255=CARTESIAN_POINT('Ctrl Pts',(136.158546560264,12.6047680652707,8.28394407714653));
#12256=CARTESIAN_POINT('Ctrl Pts',(136.140735709934,12.681386079776,8.28939687783332));
#12257=CARTESIAN_POINT('Ctrl Pts',(136.063366014493,13.01421198857,8.31308364857222));
#12258=CARTESIAN_POINT('Ctrl Pts',(135.805856965399,13.3051607949032,8.3367704193111));
#12259=CARTESIAN_POINT('Ctrl Pts',(135.484895788938,13.4223946730186,8.36045719004999));
#12260=CARTESIAN_POINT('Ctrl Pts',(135.163934612477,13.5396285511339,8.38414396078888));
#12261=CARTESIAN_POINT('Ctrl Pts',(134.779521308648,13.4831475010313,8.40783073152777));
#12262=CARTESIAN_POINT('Ctrl Pts',(134.505851305428,13.2785387794559,8.43151750226666));
#12263=CARTESIAN_POINT('Ctrl Pts',(134.232181302208,13.0739300578804,8.45520427300555));
#12264=CARTESIAN_POINT('Ctrl Pts',(134.069254599597,12.7211936648321,8.47889104374444));
#12265=CARTESIAN_POINT('Ctrl Pts',(134.090896395743,12.3801830435291,8.50257781448333));
#12266=CARTESIAN_POINT('Ctrl Pts',(134.112538191889,12.0391724222261,8.52626458522222));
#12267=CARTESIAN_POINT('Ctrl Pts',(134.318748486792,11.7098875726684,8.54995135596111));
#12268=CARTESIAN_POINT('Ctrl Pts',(134.616092481162,11.5415121441162,8.57363812669999));
#12269=CARTESIAN_POINT('Ctrl Pts',(134.913436475532,11.3731367155641,8.59732489743888));
#12270=CARTESIAN_POINT('Ctrl Pts',(135.30191416937,11.3656707080175,8.62101166817777));
#12271=CARTESIAN_POINT('Ctrl Pts',(135.605474149294,11.5225578864079,8.64469843891666));
#12272=CARTESIAN_POINT('Ctrl Pts',(135.909034129217,11.6794450647982,8.66838520965555));
#12273=CARTESIAN_POINT('Ctrl Pts',(136.127676395227,12.0006854291255,8.69207198039444));
#12274=CARTESIAN_POINT('Ctrl Pts',(136.162358549367,12.3405851646003,8.71575875113333));
#12275=CARTESIAN_POINT('Ctrl Pts',(136.16591153871,12.3754059584041,8.7181853260132));
#12276=CARTESIAN_POINT('Ctrl Pts',(136.167533896736,12.4104225792593,8.72061190089307));
#12277=CARTESIAN_POINT('Ctrl Pts',(136.167298276117,12.4454606264896,8.72303847577293));
#12278=CARTESIAN_POINT('Ctrl Pts',(135.463450084063,13.691719269986,9.));
#12279=CARTESIAN_POINT('Ctrl Pts',(135.875438225482,13.5808653425475,8.97631322926111));
#12280=CARTESIAN_POINT('Ctrl Pts',(136.573788930517,12.9196768155849,8.92893968778333));
#12281=CARTESIAN_POINT('Ctrl Pts',(136.315751498516,11.4926814176211,8.85787937556668));
#12282=CARTESIAN_POINT('Ctrl Pts',(134.97934199637,10.9315250654865,8.78681906335));
#12283=CARTESIAN_POINT('Ctrl Pts',(133.778928875404,11.7420024360811,8.71575875113333));
#12284=CARTESIAN_POINT('Ctrl Pts',(133.80090929334,13.1909626516142,8.64469843891666));
#12285=CARTESIAN_POINT('Ctrl Pts',(135.026090209679,13.9645873712498,8.5736381267));
#12286=CARTESIAN_POINT('Ctrl Pts',(136.343762389757,13.3620652949922,8.50257781448332));
#12287=CARTESIAN_POINT('Ctrl Pts',(136.559908436217,11.9293027942441,8.43151750226666));
#12288=CARTESIAN_POINT('Ctrl Pts',(135.478558906098,10.9648600329996,8.36045719004999));
#12289=CARTESIAN_POINT('Ctrl Pts',(134.079761034161,11.3427610804156,8.28939687783332));
#12290=CARTESIAN_POINT('Ctrl Pts',(133.631203570674,12.7205369517194,8.21833656561666));
#12291=CARTESIAN_POINT('Ctrl Pts',(134.539415409909,13.849524597331,8.14727625339998));
#12292=CARTESIAN_POINT('Ctrl Pts',(135.981295170887,13.706545189095,8.07621594118332));
#12293=CARTESIAN_POINT('Ctrl Pts',(136.650093393424,12.4211767672506,8.00515562896664));
#12294=CARTESIAN_POINT('Ctrl Pts',(135.93968848707,11.1583280642311,7.93409531674999));
#12295=CARTESIAN_POINT('Ctrl Pts',(134.493908980272,11.0624972918462,7.86303500453331));
#12296=CARTESIAN_POINT('Ctrl Pts',(133.62304040015,12.2205344718099,7.79197469231665));
#12297=CARTESIAN_POINT('Ctrl Pts',(134.116336458715,13.5829298117353,7.72091438009998));
#12298=CARTESIAN_POINT('Ctrl Pts',(135.526731150647,13.9149672821142,7.64985406788331));
#12299=CARTESIAN_POINT('Ctrl Pts',(136.576007416854,12.9157268642207,7.57879375566665));
#12300=CARTESIAN_POINT('Ctrl Pts',(136.31322374228,11.4908034198641,7.50773344344996));
#12301=CARTESIAN_POINT('Ctrl Pts',(134.976536574895,10.9315811941378,7.43667313123332));
#12302=CARTESIAN_POINT('Ctrl Pts',(133.777363100474,11.7448739213557,7.36561281901663));
#12303=CARTESIAN_POINT('Ctrl Pts',(133.802494152869,13.1936080328416,7.29455250679998));
#12304=CARTESIAN_POINT('Ctrl Pts',(135.029153878904,13.9648200564051,7.22349219458329));
#12305=CARTESIAN_POINT('Ctrl Pts',(136.345641118827,13.3595734861825,7.15243188236664));
#12306=CARTESIAN_POINT('Ctrl Pts',(136.558845536475,11.926393082215,7.08137157014996));
#12307=CARTESIAN_POINT('Ctrl Pts',(135.475543546509,10.9641463790518,7.0103112579333));
#12308=CARTESIAN_POINT('Ctrl Pts',(134.077513581402,11.3449011483619,6.93925094571663));
#12309=CARTESIAN_POINT('Ctrl Pts',(133.631766809727,12.723586340088,6.86819063349996));
#12310=CARTESIAN_POINT('Ctrl Pts',(134.542276001336,13.8507213667347,6.7971303212833));
#12311=CARTESIAN_POINT('Ctrl Pts',(135.983862058525,13.7048053340697,6.72607000906662));
#12312=CARTESIAN_POINT('Ctrl Pts',(136.650039413605,12.4180738620152,6.65500969684996));
#12313=CARTESIAN_POINT('Ctrl Pts',(135.937063257768,11.1566818970095,6.58394938463329));
#12314=CARTESIAN_POINT('Ctrl Pts',(134.491090750241,11.0637832776341,6.51288907241662));
#12315=CARTESIAN_POINT('Ctrl Pts',(133.622585032315,12.223621764183,6.44182876019995));
#12316=CARTESIAN_POINT('Ctrl Pts',(134.118653111466,13.5849480613565,6.37076844798329));
#12317=CARTESIAN_POINT('Ctrl Pts',(135.529727613501,13.9142385627373,6.29970813576661));
#12318=CARTESIAN_POINT('Ctrl Pts',(136.576952870041,12.9125958584583,6.22864782354995));
#12319=CARTESIAN_POINT('Ctrl Pts',(136.311294063705,11.4887662942723,6.15758751133328));
#12320=CARTESIAN_POINT('Ctrl Pts',(134.973424565097,10.9310997149796,6.08652719911661));
#12321=CARTESIAN_POINT('Ctrl Pts',(133.776107939701,11.7492268937703,6.01546688689995));
#12322=CARTESIAN_POINT('Ctrl Pts',(133.795583121574,12.710728164025,5.96809334542217));
#12323=CARTESIAN_POINT('Ctrl Pts',(134.005896052347,13.0819306600398,5.94440657468328));
#12324=CARTESIAN_POINT('Ctrl Pts',(135.441602768432,13.6105238160237,9.04854553513436));
#12325=CARTESIAN_POINT('Ctrl Pts',(135.826737160839,13.5068954449667,9.02485876439547));
#12326=CARTESIAN_POINT('Ctrl Pts',(136.479568753383,12.8888037670806,8.9774852229177));
#12327=CARTESIAN_POINT('Ctrl Pts',(136.238350427899,11.5548211828471,8.90642491070102));
#12328=CARTESIAN_POINT('Ctrl Pts',(134.989049271209,11.0302414947502,8.83536459848437));
#12329=CARTESIAN_POINT('Ctrl Pts',(133.866880132094,11.7878912382822,8.76430428626768));
#12330=CARTESIAN_POINT('Ctrl Pts',(133.887427847078,13.1424069539785,8.69324397405103));
#12331=CARTESIAN_POINT('Ctrl Pts',(135.032750394904,13.865606134718,8.62218366183436));
#12332=CARTESIAN_POINT('Ctrl Pts',(136.26453554464,13.3023569767384,8.55112334961768));
#12333=CARTESIAN_POINT('Ctrl Pts',(136.466593001896,11.9629831945469,8.48006303740103));
#12334=CARTESIAN_POINT('Ctrl Pts',(135.455726784173,11.0614036597942,8.40900272518435));
#12335=CARTESIAN_POINT('Ctrl Pts',(134.148103786447,11.4146727849337,8.33794241296769));
#12336=CARTESIAN_POINT('Ctrl Pts',(133.728783692511,12.7026440144967,8.26688210075101));
#12337=CARTESIAN_POINT('Ctrl Pts',(134.577797486153,13.758043253492,8.19582178853435));
#12338=CARTESIAN_POINT('Ctrl Pts',(135.925694257542,13.6243833686998,8.12476147631767));
#12339=CARTESIAN_POINT('Ctrl Pts',(136.55089962436,12.4227963898555,8.05370116410102));
#12340=CARTESIAN_POINT('Ctrl Pts',(135.88679953393,11.2422612747782,7.98264085188434));
#12341=CARTESIAN_POINT('Ctrl Pts',(134.535257205579,11.1526768363297,7.91158053966767));
#12342=CARTESIAN_POINT('Ctrl Pts',(133.721152604614,12.2352321355064,7.84052022745101));
#12343=CARTESIAN_POINT('Ctrl Pts',(134.182295192695,13.508825350239,7.76945991523433));
#12344=CARTESIAN_POINT('Ctrl Pts',(135.5007591195,13.8192203265861,7.69839960301767));
#12345=CARTESIAN_POINT('Ctrl Pts',(136.481642636831,12.8851112770166,7.62733929080101));
#12346=CARTESIAN_POINT('Ctrl Pts',(136.235987433035,11.5530655946338,7.55627897858433));
#12347=CARTESIAN_POINT('Ctrl Pts',(134.986426709571,11.0302939648868,7.48521866636767));
#12348=CARTESIAN_POINT('Ctrl Pts',(133.86541641575,11.7905755576238,7.414158354151));
#12349=CARTESIAN_POINT('Ctrl Pts',(133.888909404071,13.1448799069334,7.34309804193433));
#12350=CARTESIAN_POINT('Ctrl Pts',(135.035614371477,13.8658236532504,7.27203772971766));
#12351=CARTESIAN_POINT('Ctrl Pts',(136.266291816499,13.3000275862161,7.200977417501));
#12352=CARTESIAN_POINT('Ctrl Pts',(136.465599382893,11.9602631401041,7.12991710528432));
#12353=CARTESIAN_POINT('Ctrl Pts',(135.452907968371,11.0607365224377,7.05885679306767));
#12354=CARTESIAN_POINT('Ctrl Pts',(134.146002824632,11.416673361371,6.98779648085099));
#12355=CARTESIAN_POINT('Ctrl Pts',(133.729310219148,12.7054946410524,6.91673616863432));
#12356=CARTESIAN_POINT('Ctrl Pts',(134.580471621717,13.7591620164145,6.84567585641766));
#12357=CARTESIAN_POINT('Ctrl Pts',(135.928093833189,13.6227569189535,6.77461554420098));
#12358=CARTESIAN_POINT('Ctrl Pts',(136.550849162993,12.4198957347093,6.70355523198432));
#12359=CARTESIAN_POINT('Ctrl Pts',(135.884345419381,11.2407224061824,6.63249491976765));
#12360=CARTESIAN_POINT('Ctrl Pts',(134.532622670257,11.1538790004342,6.56143460755099));
#12361=CARTESIAN_POINT('Ctrl Pts',(133.720726918054,12.2381181954503,6.49037429533431));
#12362=CARTESIAN_POINT('Ctrl Pts',(134.184460843984,13.5107120485767,6.41931398311765));
#12363=CARTESIAN_POINT('Ctrl Pts',(135.503560270273,13.8185391057784,6.34825367090098));
#12364=CARTESIAN_POINT('Ctrl Pts',(136.482526464549,12.8821843529605,6.27719335868431));
#12365=CARTESIAN_POINT('Ctrl Pts',(136.234183532605,11.5511612506778,6.20613304646764));
#12366=CARTESIAN_POINT('Ctrl Pts',(134.983517543305,11.0298438689631,6.13507273425097));
#12367=CARTESIAN_POINT('Ctrl Pts',(133.864243067459,11.7946447994721,6.0640124220343));
#12368=CARTESIAN_POINT('Ctrl Pts',(133.882448839867,12.6934745722019,6.01663888055653));
#12369=CARTESIAN_POINT('Ctrl Pts',(134.079053389042,13.0404817634053,5.99295210981764));
#12370=CARTESIAN_POINT('Ctrl Pts',(135.419755452801,13.5293283620613,9.09709107026872));
#12371=CARTESIAN_POINT('Ctrl Pts',(135.778036096197,13.4329255473858,9.07340429952984));
#12372=CARTESIAN_POINT('Ctrl Pts',(136.385348576248,12.8579307185763,9.02603075805206));
#12373=CARTESIAN_POINT('Ctrl Pts',(136.160949357281,11.6169609480731,8.95497044583539));
#12374=CARTESIAN_POINT('Ctrl Pts',(134.998756546049,11.128957924014,8.88391013361873));
#12375=CARTESIAN_POINT('Ctrl Pts',(133.954831388784,11.8337800404832,8.81284982140205));
#12376=CARTESIAN_POINT('Ctrl Pts',(133.973946400817,13.0938512563428,8.74178950918538));
#12377=CARTESIAN_POINT('Ctrl Pts',(135.039410580129,13.7666248981862,8.67072919696872));
#12378=CARTESIAN_POINT('Ctrl Pts',(136.185308699522,13.2426486584846,8.59966888475205));
#12379=CARTESIAN_POINT('Ctrl Pts',(136.373277567575,11.9966635948496,8.52860857253538));
#12380=CARTESIAN_POINT('Ctrl Pts',(135.432894662248,11.1579472865889,8.45754826031871));
#12381=CARTESIAN_POINT('Ctrl Pts',(134.216446538732,11.4865844894517,8.38648794810205));
#12382=CARTESIAN_POINT('Ctrl Pts',(133.826363814348,12.6847510772741,8.31542763588537));
#12383=CARTESIAN_POINT('Ctrl Pts',(134.616179562396,13.6665619096529,8.24436732366871));
#12384=CARTESIAN_POINT('Ctrl Pts',(135.870093344198,13.5422215483045,8.17330701145204));
#12385=CARTESIAN_POINT('Ctrl Pts',(136.451705855295,12.4244160124603,8.10224669923537));
#12386=CARTESIAN_POINT('Ctrl Pts',(135.83391058079,11.3261944853253,8.0311863870187));
#12387=CARTESIAN_POINT('Ctrl Pts',(134.576605430886,11.2428563808133,7.96012607480204));
#12388=CARTESIAN_POINT('Ctrl Pts',(133.819264809077,12.2499297992029,7.88906576258537));
#12389=CARTESIAN_POINT('Ctrl Pts',(134.248253926675,13.4347208887427,7.8180054503687));
#12390=CARTESIAN_POINT('Ctrl Pts',(135.474787088353,13.723473371058,7.74694513815204));
#12391=CARTESIAN_POINT('Ctrl Pts',(136.387277856808,12.8544956898124,7.67588482593537));
#12392=CARTESIAN_POINT('Ctrl Pts',(136.15875112379,11.6153277694036,7.60482451371868));
#12393=CARTESIAN_POINT('Ctrl Pts',(134.996316844246,11.1290067356357,7.53376420150204));
#12394=CARTESIAN_POINT('Ctrl Pts',(133.953469731026,11.8362771938919,7.46270388928535));
#12395=CARTESIAN_POINT('Ctrl Pts',(133.975324655273,13.0961517810252,7.3916435770687));
#12396=CARTESIAN_POINT('Ctrl Pts',(135.042074864051,13.7668272500958,7.32058326485202));
#12397=CARTESIAN_POINT('Ctrl Pts',(136.18694251417,13.2404816862497,7.24952295263536));
#12398=CARTESIAN_POINT('Ctrl Pts',(136.372353229311,11.9941331979932,7.17846264041868));
#12399=CARTESIAN_POINT('Ctrl Pts',(135.430272390232,11.1573266658237,7.10740232820202));
#12400=CARTESIAN_POINT('Ctrl Pts',(134.214492067863,11.4884455743801,7.03634201598535));
#12401=CARTESIAN_POINT('Ctrl Pts',(133.826853628569,12.6874029420169,6.96528170376868));
#12402=CARTESIAN_POINT('Ctrl Pts',(134.618667242098,13.6676026660943,6.89422139155202));
#12403=CARTESIAN_POINT('Ctrl Pts',(135.872325607853,13.5407085038374,6.82316107933535));
#12404=CARTESIAN_POINT('Ctrl Pts',(136.451658912381,12.4217176074034,6.75210076711868));
#12405=CARTESIAN_POINT('Ctrl Pts',(135.831627580993,11.3247629153553,6.68104045490202));
#12406=CARTESIAN_POINT('Ctrl Pts',(134.574154590274,11.2439747232343,6.60998014268534));
#12407=CARTESIAN_POINT('Ctrl Pts',(133.818868803793,12.2526146267176,6.53891983046868));
#12408=CARTESIAN_POINT('Ctrl Pts',(134.250268576502,13.436476035797,6.46785951825201));
#12409=CARTESIAN_POINT('Ctrl Pts',(135.477392927045,13.7228396488195,6.39679920603534));
#12410=CARTESIAN_POINT('Ctrl Pts',(136.388100059056,12.8517728474627,6.32573889381867));
#12411=CARTESIAN_POINT('Ctrl Pts',(136.157073001505,11.6135562070833,6.254678581602));
#12412=CARTESIAN_POINT('Ctrl Pts',(134.993610521513,11.1285880229465,6.18361826938533));
#12413=CARTESIAN_POINT('Ctrl Pts',(133.952378195217,11.8400627051739,6.11255795716867));
#12414=CARTESIAN_POINT('Ctrl Pts',(133.969314558161,12.6762209803787,6.06518441569089));
#12415=CARTESIAN_POINT('Ctrl Pts',(134.152210725736,12.9990328667708,6.041497644952));
#12416=CARTESIAN_POINT('Ctrl Pts',(135.39790813717,13.4481329080989,9.14563660540309));
#12417=CARTESIAN_POINT('Ctrl Pts',(135.729335031555,13.3589556498049,9.1219498346642));
#12418=CARTESIAN_POINT('Ctrl Pts',(136.291128399113,12.827057670072,9.07457629318641));
#12419=CARTESIAN_POINT('Ctrl Pts',(136.083548286664,11.6791007132991,9.00351598096975));
#12420=CARTESIAN_POINT('Ctrl Pts',(135.008463820888,11.2276743532777,8.93245566875309));
#12421=CARTESIAN_POINT('Ctrl Pts',(134.042782645475,11.8796688426843,8.86139535653641));
#12422=CARTESIAN_POINT('Ctrl Pts',(134.060464954555,13.0452955587072,8.79033504431975));
#12423=CARTESIAN_POINT('Ctrl Pts',(135.046070765354,13.6676436616543,8.71927473210308));
#12424=CARTESIAN_POINT('Ctrl Pts',(136.106081854405,13.1829403402308,8.64821441988641));
#12425=CARTESIAN_POINT('Ctrl Pts',(136.279962133253,12.0303439951523,8.57715410766974));
#12426=CARTESIAN_POINT('Ctrl Pts',(135.410062540322,11.2544909133837,8.50609379545307));
#12427=CARTESIAN_POINT('Ctrl Pts',(134.284789291018,11.5584961939697,8.4350334832364));
#12428=CARTESIAN_POINT('Ctrl Pts',(133.923943936185,12.6668581400515,8.36397317101975));
#12429=CARTESIAN_POINT('Ctrl Pts',(134.65456163864,13.5750805658139,8.29291285880306));
#12430=CARTESIAN_POINT('Ctrl Pts',(135.814492430853,13.4600597279093,8.2218525465864));
#12431=CARTESIAN_POINT('Ctrl Pts',(136.352512086231,12.4260356350651,8.15079223436974));
#12432=CARTESIAN_POINT('Ctrl Pts',(135.781021627651,11.4101276958725,8.07973192215306));
#12433=CARTESIAN_POINT('Ctrl Pts',(134.617953656193,11.3330359252969,8.0086716099364));
#12434=CARTESIAN_POINT('Ctrl Pts',(133.917377013541,12.2646274628995,7.93761129771973));
#12435=CARTESIAN_POINT('Ctrl Pts',(134.314212660654,13.3606164272464,7.86655098550305));
#12436=CARTESIAN_POINT('Ctrl Pts',(135.448815057207,13.62772641553,7.7954906732864));
#12437=CARTESIAN_POINT('Ctrl Pts',(136.292913076785,12.8238801026083,7.72443036106972));
#12438=CARTESIAN_POINT('Ctrl Pts',(136.081514814545,11.6775899441733,7.65337004885305));
#12439=CARTESIAN_POINT('Ctrl Pts',(135.006206978922,11.2277195063846,7.58230973663639));
#12440=CARTESIAN_POINT('Ctrl Pts',(134.041523046302,11.88197883016,7.51124942441971));
#12441=CARTESIAN_POINT('Ctrl Pts',(134.061739906475,13.047423655117,7.44018911220306));
#12442=CARTESIAN_POINT('Ctrl Pts',(135.048535356624,13.6678308469411,7.36912879998638));
#12443=CARTESIAN_POINT('Ctrl Pts',(136.107593211841,13.1809357862833,7.29806848776972));
#12444=CARTESIAN_POINT('Ctrl Pts',(136.279107075728,12.0280032558824,7.22700817555304));
#12445=CARTESIAN_POINT('Ctrl Pts',(135.407636812094,11.2539168092098,7.15594786333638));
#12446=CARTESIAN_POINT('Ctrl Pts',(134.282981311094,11.5602177873892,7.08488755111971));
#12447=CARTESIAN_POINT('Ctrl Pts',(133.92439703799,12.6693112429813,7.01382723890304));
#12448=CARTESIAN_POINT('Ctrl Pts',(134.656862862479,13.5760433157741,6.94276692668638));
#12449=CARTESIAN_POINT('Ctrl Pts',(135.816557382517,13.4586600887212,6.87170661446971));
#12450=CARTESIAN_POINT('Ctrl Pts',(136.352468661768,12.4235394800976,6.80064630225304));
#12451=CARTESIAN_POINT('Ctrl Pts',(135.778909742605,11.4088034245281,6.72958599003637));
#12452=CARTESIAN_POINT('Ctrl Pts',(134.61568651029,11.3340704460344,6.6585256778197));
#12453=CARTESIAN_POINT('Ctrl Pts',(133.917010689533,12.2671110579849,6.58746536560303));
#12454=CARTESIAN_POINT('Ctrl Pts',(134.31607630902,13.3622400230173,6.51640505338637));
#12455=CARTESIAN_POINT('Ctrl Pts',(135.451225583816,13.6271401918607,6.4453447411697));
#12456=CARTESIAN_POINT('Ctrl Pts',(136.293673653564,12.8213613419649,6.37428442895303));
#12457=CARTESIAN_POINT('Ctrl Pts',(136.079962470405,11.6759511634889,6.30322411673636));
#12458=CARTESIAN_POINT('Ctrl Pts',(135.003703499722,11.22733217693,6.2321638045197));
#12459=CARTESIAN_POINT('Ctrl Pts',(134.040513322975,11.8854806108758,6.16110349230303));
#12460=CARTESIAN_POINT('Ctrl Pts',(134.056180276454,12.6589673885555,6.11372995082525));
#12461=CARTESIAN_POINT('Ctrl Pts',(134.225368062431,12.9575839701363,6.09004318008636));
#12462=CARTESIAN_POINT('Ctrl Pts',(134.225368062431,12.9575839701363,6.09004318008636));
#12463=CARTESIAN_POINT('Ctrl Pts',(134.198220192475,12.9206958489057,6.09004318008636));
#12464=CARTESIAN_POINT('Ctrl Pts',(134.17381200179,12.8819991056882,6.09004318008636));
#12465=CARTESIAN_POINT('Ctrl Pts',(134.1520928955,12.8418300635364,6.09004318008636));
#12466=CARTESIAN_POINT('Ctrl Pts',(134.135092665047,12.810388485575,6.09004318008636));
#12467=CARTESIAN_POINT('Ctrl Pts',(134.119740593864,12.7780435768885,6.09004318008636));
#12468=CARTESIAN_POINT('Ctrl Pts',(134.10602951565,12.7449381738406,6.09004318008636));
#12469=CARTESIAN_POINT('Ctrl Pts',(134.100931495288,12.7326290019274,6.09004318008636));
#12470=CARTESIAN_POINT('Ctrl Pts',(134.09606001542,12.7202126634122,6.09004318008636));
#12471=CARTESIAN_POINT('Ctrl Pts',(134.091422582735,12.7077175267298,6.09004318008636));
#12472=CARTESIAN_POINT('Ctrl Pts',(134.075299945122,12.6642765596354,6.09004318008636));
#12473=CARTESIAN_POINT('Ctrl Pts',(134.061979348521,12.6198314195063,6.09004318008636));
#12474=CARTESIAN_POINT('Ctrl Pts',(134.051434161546,12.5746922956096,6.09004318008636));
#12475=CARTESIAN_POINT('Ctrl Pts',(134.044249117595,12.5439364076509,6.09004318008636));
#12476=CARTESIAN_POINT('Ctrl Pts',(134.038353353524,12.5128574623833,6.09004318008636));
#12477=CARTESIAN_POINT('Ctrl Pts',(134.033749815427,12.4815460772038,6.09004318008636));
#12478=CARTESIAN_POINT('Ctrl Pts',(134.03225021104,12.4713463808866,6.09004318008636));
#12479=CARTESIAN_POINT('Ctrl Pts',(134.030887900843,12.4611216835206,6.09004318008636));
#12480=CARTESIAN_POINT('Ctrl Pts',(134.029664648638,12.4508903328659,6.09004318008636));
#12481=CARTESIAN_POINT('Ctrl Pts',(134.023940968584,12.4030171490325,6.09004318008636));
#12482=CARTESIAN_POINT('Ctrl Pts',(134.021245586351,12.3549204005846,6.09004318008636));
#12483=CARTESIAN_POINT('Ctrl Pts',(134.021549432183,12.3069258013914,6.09004318008636));
#12484=CARTESIAN_POINT('Ctrl Pts',(134.021854299571,12.2587698403629,6.09004318008636));
#12485=CARTESIAN_POINT('Ctrl Pts',(134.025178266078,12.2107155192149,6.09004318008636));
#12486=CARTESIAN_POINT('Ctrl Pts',(134.031540109046,12.1630706926901,6.09004318008636));
#12487=CARTESIAN_POINT('Ctrl Pts',(134.034709406513,12.1393353334974,6.09004318008636));
#12488=CARTESIAN_POINT('Ctrl Pts',(134.038633410636,12.1157013847022,6.09004318008636));
#12489=CARTESIAN_POINT('Ctrl Pts',(134.043319274404,12.0922063964658,6.09004318008636));
#12490=CARTESIAN_POINT('Ctrl Pts',(134.046736051209,12.075074628488,6.09004318008636));
#12491=CARTESIAN_POINT('Ctrl Pts',(134.050557963826,12.0580167377859,6.09004318008636));
#12492=CARTESIAN_POINT('Ctrl Pts',(134.054788923411,12.0410474070764,6.09004318008636));
#12493=CARTESIAN_POINT('Ctrl Pts',(134.056996997055,12.0321913707187,6.09004318008636));
#12494=CARTESIAN_POINT('Ctrl Pts',(134.059314461876,12.0233677423652,6.09004318008636));
#12495=CARTESIAN_POINT('Ctrl Pts',(134.061740340139,12.0145818258322,6.09004318008636));
#12496=CARTESIAN_POINT('Ctrl Pts',(134.071294477693,11.9799791599115,6.09004318008636));
#12497=CARTESIAN_POINT('Ctrl Pts',(134.08253320005,11.9459453964378,6.09004318008636));
#12498=CARTESIAN_POINT('Ctrl Pts',(134.095454770459,11.9126034878143,6.09004318008636));
#12499=CARTESIAN_POINT('Ctrl Pts',(134.112538225933,11.8685225446056,6.09004318008636));
#12500=CARTESIAN_POINT('Ctrl Pts',(134.132560823563,11.8256499923797,6.09004318008636));
#12501=CARTESIAN_POINT('Ctrl Pts',(134.155250862973,11.7841214421207,6.09004318008636));
#12502=CARTESIAN_POINT('Ctrl Pts',(134.176607215311,11.7450338788333,6.09004318008636));
#12503=CARTESIAN_POINT('Ctrl Pts',(134.20032752286,11.7071365118625,6.09004318008636));
#12504=CARTESIAN_POINT('Ctrl Pts',(134.226223801166,11.6705523008388,6.09004318008636));
#12505=CARTESIAN_POINT('Ctrl Pts',(134.233661423454,11.6600450171242,6.09004318008636));
#12506=CARTESIAN_POINT('Ctrl Pts',(134.241278750753,11.6496461417461,6.09004318008636));
#12507=CARTESIAN_POINT('Ctrl Pts',(134.249071819382,11.6393588284734,6.09004318008636));
#12508=CARTESIAN_POINT('Ctrl Pts',(134.255250238496,11.6312029484233,6.09004318008636));
#12509=CARTESIAN_POINT('Ctrl Pts',(134.261534798533,11.6231230190256,6.09004318008636));
#12510=CARTESIAN_POINT('Ctrl Pts',(134.267917698875,11.6151268535367,6.09004318008636));
#12511=CARTESIAN_POINT('Ctrl Pts',(134.299228465609,11.5759023538622,6.09004318008636));
#12512=CARTESIAN_POINT('Ctrl Pts',(134.332938576699,11.53864318177,6.09004318008636));
#12513=CARTESIAN_POINT('Ctrl Pts',(134.368748313057,11.5034987571864,6.09004318008636));
#12514=CARTESIAN_POINT('Ctrl Pts',(134.405331534607,11.4675952180505,6.09004318008636));
#12515=CARTESIAN_POINT('Ctrl Pts',(134.444106669473,11.4338978601111,6.09004318008636));
#12516=CARTESIAN_POINT('Ctrl Pts',(134.484804367092,11.4025866522081,6.09004318008636));
#12517=CARTESIAN_POINT('Ctrl Pts',(134.505863538266,11.3863845541671,6.09004318008636));
#12518=CARTESIAN_POINT('Ctrl Pts',(134.527438247532,11.3708217865599,6.09004318008636));
#12519=CARTESIAN_POINT('Ctrl Pts',(134.549495419829,11.3559266510536,6.09004318008636));
#12520=CARTESIAN_POINT('Ctrl Pts',(134.566322456804,11.3445634086336,6.09004318008636));
#12521=CARTESIAN_POINT('Ctrl Pts',(134.583430342315,11.3335887667477,6.09004318008636));
#12522=CARTESIAN_POINT('Ctrl Pts',(134.600805304867,11.3230164277005,6.09004318008636));
#12523=CARTESIAN_POINT('Ctrl Pts',(134.609125680582,11.3179536350303,6.09004318008636));
#12524=CARTESIAN_POINT('Ctrl Pts',(134.61749952791,11.3129878796873,6.09004318008636));
#12525=CARTESIAN_POINT('Ctrl Pts',(134.625922172951,11.3081218071556,6.09004318008636));
#12526=CARTESIAN_POINT('Ctrl Pts',(134.671857507046,11.2815832712951,6.09004318008636));
#12527=CARTESIAN_POINT('Ctrl Pts',(134.719266768498,11.2579914604254,6.09004318008636));
#12528=CARTESIAN_POINT('Ctrl Pts',(134.767856295762,11.2375251414498,6.09004318008636));
#12529=CARTESIAN_POINT('Ctrl Pts',(134.81599509953,11.2172486710141,6.09004318008636));
#12530=CARTESIAN_POINT('Ctrl Pts',(134.865293302622,11.2000391581506,6.09004318008636));
#12531=CARTESIAN_POINT('Ctrl Pts',(134.915500220556,11.1861064021251,6.09004318008636));
#12532=CARTESIAN_POINT('Ctrl Pts',(134.942571085706,11.1785940557185,6.09004318008636));
#12533=CARTESIAN_POINT('Ctrl Pts',(134.969906653164,11.172035024806,6.09004318008636));
#12534=CARTESIAN_POINT('Ctrl Pts',(134.997470455121,11.1664678844982,6.09004318008636));
#12535=CARTESIAN_POINT('Ctrl Pts',(135.018097121704,11.1623018573613,6.09004318008636));
#12536=CARTESIAN_POINT('Ctrl Pts',(135.038851639641,11.1586913707119,6.09004318008636));
#12537=CARTESIAN_POINT('Ctrl Pts',(135.059716626653,11.1556288210903,6.09004318008636));
#12538=CARTESIAN_POINT('Ctrl Pts',(136.165003684271,12.4452988296209,8.60196152422706));
#12539=CARTESIAN_POINT('Ctrl Pts',(136.165791625965,12.3251966326013,8.59369238537461));
#12540=CARTESIAN_POINT('Ctrl Pts',(136.146495972038,12.2053393379121,8.58542324652217));
#12541=CARTESIAN_POINT('Ctrl Pts',(136.10599882129,12.0931345390373,8.57715410766973));
#12542=CARTESIAN_POINT('Ctrl Pts',(135.989995602276,11.7717263012294,8.55346733693084));
#12543=CARTESIAN_POINT('Ctrl Pts',(135.700029071299,11.5131086073065,8.52978056619195));
#12544=CARTESIAN_POINT('Ctrl Pts',(135.36750026426,11.4344673071094,8.50609379545306));
#12545=CARTESIAN_POINT('Ctrl Pts',(135.034971457221,11.3558260069123,8.48240702471417));
#12546=CARTESIAN_POINT('Ctrl Pts',(134.659880374119,11.457161100441,8.45872025397528));
#12547=CARTESIAN_POINT('Ctrl Pts',(134.412193940096,11.692555638219,8.4350334832364));
#12548=CARTESIAN_POINT('Ctrl Pts',(134.164507506074,11.927950175997,8.41134671249751));
#12549=CARTESIAN_POINT('Ctrl Pts',(134.044225721129,12.2974041580242,8.38765994175862));
#12550=CARTESIAN_POINT('Ctrl Pts',(134.105854445733,12.6335015533316,8.36397317101973));
#12551=CARTESIAN_POINT('Ctrl Pts',(134.167483170337,12.9695989486389,8.34028640028084));
#12552=CARTESIAN_POINT('Ctrl Pts',(134.411022404488,13.2723397572264,8.31659962954195));
#12553=CARTESIAN_POINT('Ctrl Pts',(134.726113820266,13.4045400218694,8.29291285880306));
#12554=CARTESIAN_POINT('Ctrl Pts',(135.041205236044,13.5367402865123,8.26922608806417));
#12555=CARTESIAN_POINT('Ctrl Pts',(135.427848833449,13.4984000072108,8.24553931732528));
#12556=CARTESIAN_POINT('Ctrl Pts',(135.710840574714,13.3068925187527,8.22185254658639));
#12557=CARTESIAN_POINT('Ctrl Pts',(135.989175717064,13.1185362655885,8.19855553913328));
#12558=CARTESIAN_POINT('Ctrl Pts',(136.167242098606,12.7820120313517,8.17525853168017));
#12559=CARTESIAN_POINT('Ctrl Pts',(136.167719267797,12.4459224571902,8.15196152422706));
#12560=CARTESIAN_POINT('Ctrl Pts',(135.463450084063,13.691719269986,9.));
#12561=CARTESIAN_POINT('Ctrl Pts',(135.512540977388,13.6733134312222,9.));
#12562=CARTESIAN_POINT('Ctrl Pts',(135.560229443043,13.6517358915109,9.));
#12563=CARTESIAN_POINT('Ctrl Pts',(135.606337710252,13.6272577102244,9.));
#12564=CARTESIAN_POINT('Ctrl Pts',(135.652987841009,13.6024918617812,9.));
#12565=CARTESIAN_POINT('Ctrl Pts',(135.698021198248,13.5747558527106,9.));
#12566=CARTESIAN_POINT('Ctrl Pts',(135.741220461895,13.5442876418114,9.));
#12567=CARTESIAN_POINT('Ctrl Pts',(135.77223306295,13.5224146192249,9.));
#12568=CARTESIAN_POINT('Ctrl Pts',(135.802299750297,13.4991325548092,9.));
#12569=CARTESIAN_POINT('Ctrl Pts',(135.831326351971,13.474520262836,9.));
#12570=CARTESIAN_POINT('Ctrl Pts',(135.843262571863,13.464399280286,9.));
#12571=CARTESIAN_POINT('Ctrl Pts',(135.855022765021,13.4540532873945,9.));
#12572=CARTESIAN_POINT('Ctrl Pts',(135.866599723929,13.4434875178317,9.));
#12573=CARTESIAN_POINT('Ctrl Pts',(135.875227100067,13.4356136997647,9.));
#12574=CARTESIAN_POINT('Ctrl Pts',(135.883754499826,13.4276159001387,9.));
#12575=CARTESIAN_POINT('Ctrl Pts',(135.892162036486,13.4195129927354,9.));
#12576=CARTESIAN_POINT('Ctrl Pts',(135.92927732838,13.3837424947124,9.));
#12577=CARTESIAN_POINT('Ctrl Pts',(135.964132988553,13.3458616782542,9.));
#12578=CARTESIAN_POINT('Ctrl Pts',(135.996531157446,13.3060986874812,9.));
#12579=CARTESIAN_POINT('Ctrl Pts',(136.02819219966,13.2672403886185,9.));
#12580=CARTESIAN_POINT('Ctrl Pts',(136.057506729858,13.2265836004984,9.));
#12581=CARTESIAN_POINT('Ctrl Pts',(136.084246142087,13.184320559398,9.));
#12582=CARTESIAN_POINT('Ctrl Pts',(136.102487300498,13.1554894534239,9.));
#12583=CARTESIAN_POINT('Ctrl Pts',(136.11952916284,13.1259104259541,9.));
#12584=CARTESIAN_POINT('Ctrl Pts',(136.135285473418,13.0956421956395,9.));
#12585=CARTESIAN_POINT('Ctrl Pts',(136.141513235087,13.0836785240938,9.));
#12586=CARTESIAN_POINT('Ctrl Pts',(136.14754002879,13.0716071733043,9.));
#12587=CARTESIAN_POINT('Ctrl Pts',(136.15335999886,13.0594317657639,9.));
#12588=CARTESIAN_POINT('Ctrl Pts',(136.157382515027,13.0510166411006,9.));
#12589=CARTESIAN_POINT('Ctrl Pts',(136.161304340869,13.0425555785945,9.));
#12590=CARTESIAN_POINT('Ctrl Pts',(136.165120133323,13.0340584578831,9.));
#12591=CARTESIAN_POINT('Ctrl Pts',(136.184934187466,12.9899359297645,9.));
#12592=CARTESIAN_POINT('Ctrl Pts',(136.201926060056,12.9447736570988,9.));
#12593=CARTESIAN_POINT('Ctrl Pts',(136.215893826357,12.8987527183844,9.));
#12594=CARTESIAN_POINT('Ctrl Pts',(136.224883883898,12.86913231393,9.));
#12595=CARTESIAN_POINT('Ctrl Pts',(136.232620236257,12.8391558966812,9.));
#12596=CARTESIAN_POINT('Ctrl Pts',(136.239037599526,12.8088704926234,9.));
#12597=CARTESIAN_POINT('Ctrl Pts',(136.248501065531,12.7642096436494,9.));
#12598=CARTESIAN_POINT('Ctrl Pts',(136.255097522558,12.7188759654037,9.));
#12599=CARTESIAN_POINT('Ctrl Pts',(136.258872320626,12.6731296965767,9.));
#12600=CARTESIAN_POINT('Ctrl Pts',(136.260210779394,12.6569090952301,9.));
#12601=CARTESIAN_POINT('Ctrl Pts',(136.261194154319,12.6406367344061,9.));
#12602=CARTESIAN_POINT('Ctrl Pts',(136.261823420219,12.6243246991096,9.));
#12603=CARTESIAN_POINT('Ctrl Pts',(136.262152591121,12.6157918239493,9.));
#12604=CARTESIAN_POINT('Ctrl Pts',(136.262384655256,12.6072517082012,9.));
#12605=CARTESIAN_POINT('Ctrl Pts',(136.262519997659,12.5987143085452,9.));
#12606=CARTESIAN_POINT('Ctrl Pts',(136.263284794288,12.5504709321272,9.));
#12607=CARTESIAN_POINT('Ctrl Pts',(136.260968609946,12.5022348580091,9.));
#12608=CARTESIAN_POINT('Ctrl Pts',(136.255670555722,12.4543071420465,9.));
#12609=CARTESIAN_POINT('Ctrl Pts',(136.250391266388,12.4065491786385,9.));
#12610=CARTESIAN_POINT('Ctrl Pts',(136.24215066371,12.3590962194752,9.));
#12611=CARTESIAN_POINT('Ctrl Pts',(136.230999059874,12.3122644582827,9.));
#12612=CARTESIAN_POINT('Ctrl Pts',(136.225169949841,12.2877847966087,9.));
#12613=CARTESIAN_POINT('Ctrl Pts',(136.218544721663,12.263475277377,9.));
#12614=CARTESIAN_POINT('Ctrl Pts',(136.211126062482,12.239384674198,9.));
#12615=CARTESIAN_POINT('Ctrl Pts',(136.207003994354,12.2259990872444,9.));
#12616=CARTESIAN_POINT('Ctrl Pts',(136.202636917956,12.2126811375825,9.));
#12617=CARTESIAN_POINT('Ctrl Pts',(136.198024924825,12.199439624377,9.));
#12618=CARTESIAN_POINT('Ctrl Pts',(136.194754289353,12.1900492888858,9.));
#12619=CARTESIAN_POINT('Ctrl Pts',(136.191360802226,12.1806986575744,9.));
#12620=CARTESIAN_POINT('Ctrl Pts',(136.187849185142,12.1714023880129,9.));
#12621=CARTESIAN_POINT('Ctrl Pts',(136.17149955098,12.1281201614056,9.));
#12622=CARTESIAN_POINT('Ctrl Pts',(136.152568477865,12.0859442505409,9.));
#12623=CARTESIAN_POINT('Ctrl Pts',(136.131097270698,12.0451715157964,9.));
#12624=CARTESIAN_POINT('Ctrl Pts',(136.117310624784,12.0189913735958,9.));
#12625=CARTESIAN_POINT('Ctrl Pts',(136.102475900801,11.9933903250361,9.));
#12626=CARTESIAN_POINT('Ctrl Pts',(136.086596521977,11.9684555698587,9.));
#12627=CARTESIAN_POINT('Ctrl Pts',(136.07897972945,11.9564952243677,9.));
#12628=CARTESIAN_POINT('Ctrl Pts',(136.071120303125,11.9446854931322,9.));
#12629=CARTESIAN_POINT('Ctrl Pts',(136.063033497144,11.9330575785261,9.));
#12630=CARTESIAN_POINT('Ctrl Pts',(136.03784694622,11.8968421599705,9.));
#12631=CARTESIAN_POINT('Ctrl Pts',(136.010431805599,11.862345102212,9.));
#12632=CARTESIAN_POINT('Ctrl Pts',(135.980810107027,11.8298518593337,9.));
#12633=CARTESIAN_POINT('Ctrl Pts',(135.96880971054,11.8166881375861,9.));
#12634=CARTESIAN_POINT('Ctrl Pts',(135.956446828457,11.8038537611827,9.));
#12635=CARTESIAN_POINT('Ctrl Pts',(135.943721646139,11.791369828274,9.));
#12636=CARTESIAN_POINT('Ctrl Pts',(135.931537911004,11.7794170775638,9.));
#12637=CARTESIAN_POINT('Ctrl Pts',(135.919022018016,11.7677856041317,9.));
#12638=CARTESIAN_POINT('Ctrl Pts',(135.906189687838,11.7564821618181,9.));
#12639=CARTESIAN_POINT('Origin',(146.89781051562,75.882814325629,9.99367508117602));
#12640=CARTESIAN_POINT('Ctrl Pts',(148.189424248551,75.8821107137166,8.86867508117601));
#12641=CARTESIAN_POINT('Ctrl Pts',(148.189716759508,75.8385544162925,8.86624850629615));
#12642=CARTESIAN_POINT('Ctrl Pts',(148.168010004646,75.3701152266631,8.84013516067739));
#12643=CARTESIAN_POINT('Ctrl Pts',(147.596585728163,74.5305562214715,8.79033504431975));
#12644=CARTESIAN_POINT('Ctrl Pts',(146.147834118272,74.5583857165452,8.71927473210307));
#12645=CARTESIAN_POINT('Ctrl Pts',(145.378817224791,75.7863927094583,8.64821441988641));
#12646=CARTESIAN_POINT('Ctrl Pts',(145.986417956183,77.1018463220592,8.57715410766974));
#12647=CARTESIAN_POINT('Ctrl Pts',(147.420008193076,77.3124827468646,8.50609379545308));
#12648=CARTESIAN_POINT('Ctrl Pts',(148.13391646424,76.5058664919577,8.4532674532885));
#12649=CARTESIAN_POINT('Ctrl Pts',(148.188818287996,75.9821450765078,8.42412788186281));
#12650=CARTESIAN_POINT('Ctrl Pts',(148.187931112397,75.8839589017592,8.41867508117602));
#12651=CARTESIAN_POINT('Ctrl Pts',(148.18646018574,75.8838783380574,8.90632491882398));
#12652=CARTESIAN_POINT('Ctrl Pts',(148.184365842721,75.5925618238391,8.89017640440488));
#12653=CARTESIAN_POINT('Ctrl Pts',(147.94354374391,74.8699525476022,8.85034111924688));
#12654=CARTESIAN_POINT('Ctrl Pts',(146.7488797326,74.3682494444282,8.78681906335001));
#12655=CARTESIAN_POINT('Ctrl Pts',(145.548440541485,75.1787947414086,8.71575875113333));
#12656=CARTESIAN_POINT('Ctrl Pts',(145.570426354146,76.6277573457204,8.64469843891667));
#12657=CARTESIAN_POINT('Ctrl Pts',(146.795626976555,77.4014104907989,8.57363812669999));
#12658=CARTESIAN_POINT('Ctrl Pts',(147.959988911147,76.8689862607333,8.51084695333577));
#12659=CARTESIAN_POINT('Ctrl Pts',(148.18474549533,76.1602755086119,8.47174255071043));
#12660=CARTESIAN_POINT('Ctrl Pts',(148.18657156555,75.8819115456405,8.45632491882398));
#12661=CARTESIAN_POINT('Ctrl Pts',(146.121413018146,75.1942418977634,9.));
#12662=CARTESIAN_POINT('Ctrl Pts',(145.893681658181,75.4510196176051,8.97631322926111));
#12663=CARTESIAN_POINT('Ctrl Pts',(145.71720421658,76.2043773023216,8.92893968778334));
#12664=CARTESIAN_POINT('Ctrl Pts',(146.521857236724,77.0487480781259,8.85787937556666));
#12665=CARTESIAN_POINT('Ctrl Pts',(147.668055532819,76.834435142583,8.78681906335));
#12666=CARTESIAN_POINT('Ctrl Pts',(148.115876858701,75.758700641241,8.71575875113333));
#12667=CARTESIAN_POINT('Ctrl Pts',(147.459945381369,74.7949803352495,8.64469843891667));
#12668=CARTESIAN_POINT('Ctrl Pts',(146.294486479692,74.8173679775076,8.57363812669999));
#12669=CARTESIAN_POINT('Ctrl Pts',(145.675845176428,75.8052472464188,8.50257781448333));
#12670=CARTESIAN_POINT('Ctrl Pts',(146.164634059375,76.8634735925247,8.43151750226666));
#12671=CARTESIAN_POINT('Ctrl Pts',(147.317896282891,77.0329216156578,8.36045719004999));
#12672=CARTESIAN_POINT('Ctrl Pts',(148.090438135362,76.1600576344312,8.28939687783332));
#12673=CARTESIAN_POINT('Ctrl Pts',(147.782123288036,75.0359275155538,8.21833656561666));
#12674=CARTESIAN_POINT('Ctrl Pts',(146.672369770817,74.6793191645385,8.14727625339998));
#12675=CARTESIAN_POINT('Ctrl Pts',(145.76692980972,75.4134171682474,8.07621594118332));
#12676=CARTESIAN_POINT('Ctrl Pts',(145.886387906929,76.5729224948254,8.00515562896664));
#12677=CARTESIAN_POINT('Ctrl Pts',(146.922481457518,77.1069940922123,7.93409531674999));
#12678=CARTESIAN_POINT('Ctrl Pts',(147.936216106312,76.5316121942167,7.86303500453331));
#12679=CARTESIAN_POINT('Ctrl Pts',(148.008861181922,75.3682355992727,7.79197469231665));
#12680=CARTESIAN_POINT('Ctrl Pts',(147.074579641145,74.6712131109622,7.72091438009998));
#12681=CARTESIAN_POINT('Ctrl Pts',(145.98009520729,75.0722444950843,7.64985406788331));
#12682=CARTESIAN_POINT('Ctrl Pts',(145.717320782403,76.2078817444163,7.57879375566664));
#12683=CARTESIAN_POINT('Ctrl Pts',(146.524404429192,77.0489158348162,7.50773344344998));
#12684=CARTESIAN_POINT('Ctrl Pts',(147.669899756225,76.8331316619183,7.43667313123331));
#12685=CARTESIAN_POINT('Ctrl Pts',(148.115663539064,75.7560908065936,7.36561281901664));
#12686=CARTESIAN_POINT('Ctrl Pts',(147.457707525319,74.7938973518135,7.29455250679997));
#12687=CARTESIAN_POINT('Ctrl Pts',(146.292326234735,74.8185711143648,7.2234921945833));
#12688=CARTESIAN_POINT('Ctrl Pts',(145.675685196731,75.8077506617162,7.15243188236663));
#12689=CARTESIAN_POINT('Ctrl Pts',(146.166635881239,76.8649591719234,7.08137157014996));
#12690=CARTESIAN_POINT('Ctrl Pts',(147.320237850362,77.0320662140981,7.0103112579333));
#12691=CARTESIAN_POINT('Ctrl Pts',(148.091001083698,76.1576256187211,6.93925094571663));
#12692=CARTESIAN_POINT('Ctrl Pts',(147.780395519772,75.0341279449321,6.86819063349997));
#12693=CARTESIAN_POINT('Ctrl Pts',(146.669918317557,74.6797809602365,6.79713032128329));
#12694=CARTESIAN_POINT('Ctrl Pts',(145.765975219553,75.4157220316292,6.72607000906663));
#12695=CARTESIAN_POINT('Ctrl Pts',(145.887797139433,76.5749829984033,6.65500969684996));
#12696=CARTESIAN_POINT('Ctrl Pts',(146.924973766594,77.1069389059874,6.58394938463329));
#12697=CARTESIAN_POINT('Ctrl Pts',(147.937540209715,76.5295000893177,6.51288907241662));
#12698=CARTESIAN_POINT('Ctrl Pts',(148.007801320818,75.3659619730738,6.44182876019995));
#12699=CARTESIAN_POINT('Ctrl Pts',(147.072129706381,74.6708784227091,6.37076844798328));
#12700=CARTESIAN_POINT('Ctrl Pts',(145.978404766171,75.0740674766114,6.29970813576662));
#12701=CARTESIAN_POINT('Ctrl Pts',(145.718071649549,76.2103903178522,6.22864782354995));
#12702=CARTESIAN_POINT('Ctrl Pts',(146.526596511477,77.0494589711437,6.15758751133328));
#12703=CARTESIAN_POINT('Ctrl Pts',(147.672211329554,76.8320486288983,6.08652719911661));
#12704=CARTESIAN_POINT('Ctrl Pts',(148.114497054244,75.7527841443563,6.01546688689995));
#12705=CARTESIAN_POINT('Ctrl Pts',(147.676012460015,75.1152707334084,5.96809334542217));
#12706=CARTESIAN_POINT('Ctrl Pts',(147.370463224184,74.958950439774,5.94440657468328));
#12707=CARTESIAN_POINT('Ctrl Pts',(146.058505680561,75.1384505559408,9.04854553513436));
#12708=CARTESIAN_POINT('Ctrl Pts',(145.812322466247,75.4160336013523,9.02485876439547));
#12709=CARTESIAN_POINT('Ctrl Pts',(145.621546001232,76.2304318308275,8.9774852229177));
#12710=CARTESIAN_POINT('Ctrl Pts',(146.491395752872,77.1432174554863,8.90642491070103));
#12711=CARTESIAN_POINT('Ctrl Pts',(147.730464367827,76.9115398887733,8.83536459848436));
#12712=CARTESIAN_POINT('Ctrl Pts',(148.214570261108,75.7486443730689,8.76430428626769));
#12713=CARTESIAN_POINT('Ctrl Pts',(147.505492163634,74.7068389639902,8.69324397405103));
#12714=CARTESIAN_POINT('Ctrl Pts',(146.245602359219,74.7310405571868,8.62218366183435));
#12715=CARTESIAN_POINT('Ctrl Pts',(145.576835859215,75.7989624007653,8.55112334961769));
#12716=CARTESIAN_POINT('Ctrl Pts',(146.105228691645,76.9429311690362,8.48006303740102));
#12717=CARTESIAN_POINT('Ctrl Pts',(147.351933586286,77.1261086593934,8.40900272518435));
#12718=CARTESIAN_POINT('Ctrl Pts',(148.187070374045,76.1825211772387,8.33794241296768));
#12719=CARTESIAN_POINT('Ctrl Pts',(147.853774423294,74.9673088058962,8.26688210075102));
#12720=CARTESIAN_POINT('Ctrl Pts',(146.654103512767,74.581806387092,8.19582178853435));
#12721=CARTESIAN_POINT('Ctrl Pts',(145.675300593286,75.375384426595,8.12476147631768));
#12722=CARTESIAN_POINT('Ctrl Pts',(145.804437741333,76.6288382695559,8.05370116410101));
#12723=CARTESIAN_POINT('Ctrl Pts',(146.924480412017,77.2061828326349,7.98264085188434));
#12724=CARTESIAN_POINT('Ctrl Pts',(148.020352558654,76.5841808161877,7.91158053966768));
#12725=CARTESIAN_POINT('Ctrl Pts',(148.098883676285,75.3265420366859,7.84052022745101));
#12726=CARTESIAN_POINT('Ctrl Pts',(147.088902298147,74.57304354334,7.76945991523434));
#12727=CARTESIAN_POINT('Ctrl Pts',(145.90573764316,75.0065683560801,7.69839960301767));
#12728=CARTESIAN_POINT('Ctrl Pts',(145.62167201176,76.2342202191256,7.627339290801));
#12729=CARTESIAN_POINT('Ctrl Pts',(146.494149330725,77.1433988046042,7.55627897858434));
#12730=CARTESIAN_POINT('Ctrl Pts',(147.732458018794,76.9101307940403,7.48521866636766));
#12731=CARTESIAN_POINT('Ctrl Pts',(148.214339657321,75.7458230774756,7.414158354151));
#12732=CARTESIAN_POINT('Ctrl Pts',(147.503072986074,74.7056682321973,7.34309804193433));
#12733=CARTESIAN_POINT('Ctrl Pts',(146.243267081164,74.73234117779,7.27203772971766));
#12734=CARTESIAN_POINT('Ctrl Pts',(145.576662917219,75.8016686544177,7.200977417501));
#12735=CARTESIAN_POINT('Ctrl Pts',(146.10739271043,76.9445371169897,7.12991710528433));
#12736=CARTESIAN_POINT('Ctrl Pts',(147.354464878447,77.1251839492194,7.05885679306766));
#12737=CARTESIAN_POINT('Ctrl Pts',(148.187678935075,76.1798921083003,6.98779648085099));
#12738=CARTESIAN_POINT('Ctrl Pts',(147.851906663206,74.9653634256899,6.91673616863432));
#12739=CARTESIAN_POINT('Ctrl Pts',(146.651453431358,74.5823055996261,6.84567585641766));
#12740=CARTESIAN_POINT('Ctrl Pts',(145.674268657782,75.3778760407318,6.77461554420099));
#12741=CARTESIAN_POINT('Ctrl Pts',(145.805961156411,76.6310657247206,6.70355523198432));
#12742=CARTESIAN_POINT('Ctrl Pts',(146.92717465957,77.2061231749653,6.63249491976765));
#12743=CARTESIAN_POINT('Ctrl Pts',(148.021783947074,76.5818975787228,6.56143460755098));
#12744=CARTESIAN_POINT('Ctrl Pts',(148.097737940302,75.3240841907138,6.49037429533431));
#12745=CARTESIAN_POINT('Ctrl Pts',(147.086253858271,74.5726817370874,6.41931398311765));
#12746=CARTESIAN_POINT('Ctrl Pts',(145.903910234637,75.0085390440523,6.34825367090098));
#12747=CARTESIAN_POINT('Ctrl Pts',(145.622483717656,76.236932048853,6.27719335868431));
#12748=CARTESIAN_POINT('Ctrl Pts',(146.496519025716,77.1439859483641,6.20613304646764));
#12749=CARTESIAN_POINT('Ctrl Pts',(147.734956886549,76.9089600086461,6.13507273425097));
#12750=CARTESIAN_POINT('Ctrl Pts',(148.213078658474,75.742248494079,6.06401242203431));
#12751=CARTESIAN_POINT('Ctrl Pts',(147.739066002285,75.0530807804211,6.01663888055653));
#12752=CARTESIAN_POINT('Ctrl Pts',(147.40875974574,74.8840946892859,5.99295210981764));
#12753=CARTESIAN_POINT('Ctrl Pts',(145.995598342976,75.0826592141183,9.09709107026872));
#12754=CARTESIAN_POINT('Ctrl Pts',(145.730963274313,75.3810475850995,9.07340429952984));
#12755=CARTESIAN_POINT('Ctrl Pts',(145.525887785884,76.2564863593333,9.02603075805205));
#12756=CARTESIAN_POINT('Ctrl Pts',(146.46093426902,77.2376868328468,8.95497044583539));
#12757=CARTESIAN_POINT('Ctrl Pts',(147.792873202835,76.9886446349635,8.88391013361872));
#12758=CARTESIAN_POINT('Ctrl Pts',(148.313263663514,75.7385881048968,8.81284982140205));
#12759=CARTESIAN_POINT('Ctrl Pts',(147.551038945898,74.6186975927309,8.74178950918539));
#12760=CARTESIAN_POINT('Ctrl Pts',(146.196718238746,74.644713136866,8.67072919696871));
#12761=CARTESIAN_POINT('Ctrl Pts',(145.477826542003,75.7926775551118,8.59966888475205));
#12762=CARTESIAN_POINT('Ctrl Pts',(146.045823323914,77.0223887455477,8.52860857253538));
#12763=CARTESIAN_POINT('Ctrl Pts',(147.385970889681,77.219295703129,8.45754826031872));
#12764=CARTESIAN_POINT('Ctrl Pts',(148.283702612728,76.2049847200462,8.38648794810204));
#12765=CARTESIAN_POINT('Ctrl Pts',(147.925425558552,74.8986900962386,8.31542763588538));
#12766=CARTESIAN_POINT('Ctrl Pts',(146.635837254716,74.4842936096456,8.2443673236687));
#12767=CARTESIAN_POINT('Ctrl Pts',(145.583671376852,75.3373516849425,8.17330701145204));
#12768=CARTESIAN_POINT('Ctrl Pts',(145.722487575737,76.6847540442864,8.10224669923537));
#12769=CARTESIAN_POINT('Ctrl Pts',(146.926479366516,77.3053715730575,8.0311863870187));
#12770=CARTESIAN_POINT('Ctrl Pts',(148.104489010995,76.6367494381587,7.96012607480203));
#12771=CARTESIAN_POINT('Ctrl Pts',(148.188906170648,75.2848484740991,7.88906576258537));
#12772=CARTESIAN_POINT('Ctrl Pts',(147.10322495515,74.4748739757178,7.81800545036869));
#12773=CARTESIAN_POINT('Ctrl Pts',(145.83138007903,74.9408922170759,7.74694513815204));
#12774=CARTESIAN_POINT('Ctrl Pts',(145.526023241117,76.260558693835,7.67588482593536));
#12775=CARTESIAN_POINT('Ctrl Pts',(146.463894232258,77.2378817743922,7.6048245137187));
#12776=CARTESIAN_POINT('Ctrl Pts',(147.795016281363,76.9871299261624,7.53376420150202));
#12777=CARTESIAN_POINT('Ctrl Pts',(148.313015775578,75.7355553483576,7.46270388928536));
#12778=CARTESIAN_POINT('Ctrl Pts',(147.54843844683,74.6174391125812,7.39164357706869));
#12779=CARTESIAN_POINT('Ctrl Pts',(146.194207927594,74.6461112412153,7.32058326485202));
#12780=CARTESIAN_POINT('Ctrl Pts',(145.477640637708,75.7955866471192,7.24952295263536));
#12781=CARTESIAN_POINT('Ctrl Pts',(146.04814953962,77.0241150620561,7.17846264041868));
#12782=CARTESIAN_POINT('Ctrl Pts',(147.388691906533,77.2183016843406,7.10740232820203));
#12783=CARTESIAN_POINT('Ctrl Pts',(148.284356786451,76.2021585978795,7.03634201598535));
#12784=CARTESIAN_POINT('Ctrl Pts',(147.923417806641,74.8965989064477,6.96528170376868));
#12785=CARTESIAN_POINT('Ctrl Pts',(146.632988545158,74.4848302390157,6.89422139155201));
#12786=CARTESIAN_POINT('Ctrl Pts',(145.582562096011,75.3400300498343,6.82316107933535));
#12787=CARTESIAN_POINT('Ctrl Pts',(145.724125173389,76.6871484510379,6.75210076711868));
#12788=CARTESIAN_POINT('Ctrl Pts',(146.929375552546,77.3053074439431,6.68104045490201));
#12789=CARTESIAN_POINT('Ctrl Pts',(148.106027684434,76.6342950681279,6.60998014268534));
#12790=CARTESIAN_POINT('Ctrl Pts',(148.187674559787,75.2822064083538,6.53891983046868));
#12791=CARTESIAN_POINT('Ctrl Pts',(147.10037801016,74.4744850514658,6.46785951825201));
#12792=CARTESIAN_POINT('Ctrl Pts',(145.829415703103,74.9430106114931,6.39679920603534));
#12793=CARTESIAN_POINT('Ctrl Pts',(145.526895785763,76.2634737798539,6.32573889381868));
#12794=CARTESIAN_POINT('Ctrl Pts',(146.466441539955,77.2385129255843,6.254678581602));
#12795=CARTESIAN_POINT('Ctrl Pts',(147.797702443544,76.9858713883939,6.18361826938534));
#12796=CARTESIAN_POINT('Ctrl Pts',(148.311660262704,75.7317128438016,6.11255795716867));
#12797=CARTESIAN_POINT('Ctrl Pts',(147.802119544556,74.9908908274338,6.06518441569089));
#12798=CARTESIAN_POINT('Ctrl Pts',(147.447056267297,74.8092389387979,6.041497644952));
#12799=CARTESIAN_POINT('Ctrl Pts',(145.93269100539,75.0268678722957,9.14563660540309));
#12800=CARTESIAN_POINT('Ctrl Pts',(145.649604082379,75.3460615688467,9.1219498346642));
#12801=CARTESIAN_POINT('Ctrl Pts',(145.430229570536,76.2825408878391,9.07457629318642));
#12802=CARTESIAN_POINT('Ctrl Pts',(146.430472785169,77.3321562102072,9.00351598096975));
#12803=CARTESIAN_POINT('Ctrl Pts',(147.855282037843,77.0657493811536,8.93245566875309));
#12804=CARTESIAN_POINT('Ctrl Pts',(148.411957065921,75.7285318367247,8.86139535653641));
#12805=CARTESIAN_POINT('Ctrl Pts',(147.596585728163,74.5305562214715,8.79033504431975));
#12806=CARTESIAN_POINT('Ctrl Pts',(146.147834118272,74.5583857165452,8.71927473210307));
#12807=CARTESIAN_POINT('Ctrl Pts',(145.378817224791,75.7863927094583,8.64821441988641));
#12808=CARTESIAN_POINT('Ctrl Pts',(145.986417956183,77.1018463220592,8.57715410766974));
#12809=CARTESIAN_POINT('Ctrl Pts',(147.420008193076,77.3124827468646,8.50609379545308));
#12810=CARTESIAN_POINT('Ctrl Pts',(148.380334851411,76.2274482628536,8.4350334832364));
#12811=CARTESIAN_POINT('Ctrl Pts',(147.99707669381,74.830071386581,8.36397317101974));
#12812=CARTESIAN_POINT('Ctrl Pts',(146.617570996665,74.3867808321992,8.29291285880307));
#12813=CARTESIAN_POINT('Ctrl Pts',(145.492042160418,75.29931894329,8.2218525465864));
#12814=CARTESIAN_POINT('Ctrl Pts',(145.640537410141,76.740669819017,8.15079223436974));
#12815=CARTESIAN_POINT('Ctrl Pts',(146.928478321015,77.4045603134801,8.07973192215306));
#12816=CARTESIAN_POINT('Ctrl Pts',(148.188625463336,76.6893180601298,8.0086716099364));
#12817=CARTESIAN_POINT('Ctrl Pts',(148.278928665011,75.2431549115122,7.93761129771973));
#12818=CARTESIAN_POINT('Ctrl Pts',(147.117547612153,74.3767044080957,7.86655098550306));
#12819=CARTESIAN_POINT('Ctrl Pts',(145.757022514901,74.8752160780716,7.79549067328639));
#12820=CARTESIAN_POINT('Ctrl Pts',(145.430374470474,76.2868971685444,7.72443036106973));
#12821=CARTESIAN_POINT('Ctrl Pts',(146.433639133792,77.3323647441802,7.65337004885306));
#12822=CARTESIAN_POINT('Ctrl Pts',(147.857574543932,77.0641290582845,7.58230973663639));
#12823=CARTESIAN_POINT('Ctrl Pts',(148.411691893835,75.7252876192395,7.51124942441972));
#12824=CARTESIAN_POINT('Ctrl Pts',(147.593803907585,74.5292099929651,7.44018911220305));
#12825=CARTESIAN_POINT('Ctrl Pts',(146.145148774023,74.5598813046405,7.36912879998638));
#12826=CARTESIAN_POINT('Ctrl Pts',(145.378618358196,75.7895046398207,7.29806848776972));
#12827=CARTESIAN_POINT('Ctrl Pts',(145.988906368811,77.1036930071224,7.22700817555304));
#12828=CARTESIAN_POINT('Ctrl Pts',(147.422918934619,77.3114194194619,7.15594786333639));
#12829=CARTESIAN_POINT('Ctrl Pts',(148.381034637828,76.2244250874587,7.08488755111971));
#12830=CARTESIAN_POINT('Ctrl Pts',(147.994928950075,74.8278343872055,7.01382723890305));
#12831=CARTESIAN_POINT('Ctrl Pts',(146.614523658958,74.3873548784053,6.94276692668638));
#12832=CARTESIAN_POINT('Ctrl Pts',(145.49085553424,75.3021840589369,6.87170661446971));
#12833=CARTESIAN_POINT('Ctrl Pts',(145.642289190367,76.7432311773552,6.80064630225304));
#12834=CARTESIAN_POINT('Ctrl Pts',(146.931576445522,77.4044917129211,6.72958599003637));
#12835=CARTESIAN_POINT('Ctrl Pts',(148.190271421794,76.686692557533,6.65852567781971));
#12836=CARTESIAN_POINT('Ctrl Pts',(148.277611179272,75.2403286259939,6.58746536560304));
#12837=CARTESIAN_POINT('Ctrl Pts',(147.114502162049,74.3762883658442,6.51640505338637));
#12838=CARTESIAN_POINT('Ctrl Pts',(145.754921171569,74.8774821789341,6.4453447411697));
#12839=CARTESIAN_POINT('Ctrl Pts',(145.431307853869,76.2900155108547,6.37428442895303));
#12840=CARTESIAN_POINT('Ctrl Pts',(146.436364054194,77.3330399028047,6.30322411673636));
#12841=CARTESIAN_POINT('Ctrl Pts',(147.860448000539,77.0627827681415,6.2321638045197));
#12842=CARTESIAN_POINT('Ctrl Pts',(148.410241866933,75.7211771935243,6.16110349230303));
#12843=CARTESIAN_POINT('Ctrl Pts',(147.865173086826,74.9287008744465,6.11372995082525));
#12844=CARTESIAN_POINT('Ctrl Pts',(147.485352788853,74.7343831883098,6.09004318008636));
#12845=CARTESIAN_POINT('Ctrl Pts',(147.485352788853,74.7343831883098,6.09004318008636));
#12846=CARTESIAN_POINT('Ctrl Pts',(147.53012168717,74.7630000775709,6.09004318008636));
#12847=CARTESIAN_POINT('Ctrl Pts',(147.572859073933,74.7945411770589,6.09004318008636));
#12848=CARTESIAN_POINT('Ctrl Pts',(147.613422432172,74.8287078933058,6.09004318008636));
#12849=CARTESIAN_POINT('Ctrl Pts',(147.649200259851,74.8588437336143,6.09004318008636));
#12850=CARTESIAN_POINT('Ctrl Pts',(147.683286466538,74.8910233642799,6.09004318008636));
#12851=CARTESIAN_POINT('Ctrl Pts',(147.715555212638,74.9250604900135,6.09004318008636));
#12852=CARTESIAN_POINT('Ctrl Pts',(147.725445942956,74.9354932483977,6.09004318008636));
#12853=CARTESIAN_POINT('Ctrl Pts',(147.735166827379,74.9461021298013,6.09004318008636));
#12854=CARTESIAN_POINT('Ctrl Pts',(147.744699503324,74.9568651082234,6.09004318008636));
#12855=CARTESIAN_POINT('Ctrl Pts',(147.779455550197,74.9961068263617,6.09004318008636));
#12856=CARTESIAN_POINT('Ctrl Pts',(147.811759313321,75.037442153603,6.09004318008636));
#12857=CARTESIAN_POINT('Ctrl Pts',(147.841445404425,75.080596962746,6.09004318008636));
#12858=CARTESIAN_POINT('Ctrl Pts',(147.858643420817,75.105597799415,6.09004318008636));
#12859=CARTESIAN_POINT('Ctrl Pts',(147.874962030466,75.1312097510301,6.09004318008636));
#12860=CARTESIAN_POINT('Ctrl Pts',(147.890361353207,75.1573817599802,6.09004318008636));
#12861=CARTESIAN_POINT('Ctrl Pts',(147.895832498587,75.1666802770813,6.09004318008636));
#12862=CARTESIAN_POINT('Ctrl Pts',(147.90118754971,75.176049496407,6.09004318008636));
#12863=CARTESIAN_POINT('Ctrl Pts',(147.906424531792,75.1854871443283,6.09004318008636));
#12864=CARTESIAN_POINT('Ctrl Pts',(147.911942911878,75.1954319040264,6.09004318008636));
#12865=CARTESIAN_POINT('Ctrl Pts',(147.917326271172,75.2054457076844,6.09004318008636));
#12866=CARTESIAN_POINT('Ctrl Pts',(147.922569551301,75.2155190431702,6.09004318008636));
#12867=CARTESIAN_POINT('Ctrl Pts',(147.945944218684,75.2604262120923,6.09004318008636));
#12868=CARTESIAN_POINT('Ctrl Pts',(147.966561677982,75.306556438521,6.09004318008636));
#12869=CARTESIAN_POINT('Ctrl Pts',(147.98426981812,75.3536613172238,6.09004318008636));
#12870=CARTESIAN_POINT('Ctrl Pts',(148.001634127284,75.399851581732,6.09004318008636));
#12871=CARTESIAN_POINT('Ctrl Pts',(148.016201199686,75.4469799955287,6.09004318008636));
#12872=CARTESIAN_POINT('Ctrl Pts',(148.027778967095,75.4948171736547,6.09004318008636));
#12873=CARTESIAN_POINT('Ctrl Pts',(148.033779068098,75.5196084732464,6.09004318008636));
#12874=CARTESIAN_POINT('Ctrl Pts',(148.038975491345,75.5445901202526,6.09004318008636));
#12875=CARTESIAN_POINT('Ctrl Pts',(148.043335937305,75.5697294332187,6.09004318008636));
#12876=CARTESIAN_POINT('Ctrl Pts',(148.045927805469,75.5846723508776,6.09004318008636));
#12877=CARTESIAN_POINT('Ctrl Pts',(148.048224234695,75.5996709595693,6.09004318008636));
#12878=CARTESIAN_POINT('Ctrl Pts',(148.050217768023,75.6147182111248,6.09004318008636));
#12879=CARTESIAN_POINT('Ctrl Pts',(148.051678584822,75.6257445017569,6.09004318008636));
#12880=CARTESIAN_POINT('Ctrl Pts',(148.052976817151,75.6367991510813,6.09004318008636));
#12881=CARTESIAN_POINT('Ctrl Pts',(148.054107533292,75.6478568399542,6.09004318008636));
#12882=CARTESIAN_POINT('Ctrl Pts',(148.057912375783,75.6850657936133,6.09004318008636));
#12883=CARTESIAN_POINT('Ctrl Pts',(148.059830066173,75.7223641533622,6.09004318008636));
#12884=CARTESIAN_POINT('Ctrl Pts',(148.059784011292,75.7596497419991,6.09004318008636));
#12885=CARTESIAN_POINT('Ctrl Pts',(148.05972349563,75.8086426398586,6.09004318008636));
#12886=CARTESIAN_POINT('Ctrl Pts',(148.056273929591,75.857614643455,6.09004318008636));
#12887=CARTESIAN_POINT('Ctrl Pts',(148.049588819684,75.906273250947,6.09004318008636));
#12888=CARTESIAN_POINT('Ctrl Pts',(148.044183684336,75.9456153654366,6.09004318008636));
#12889=CARTESIAN_POINT('Ctrl Pts',(148.036662177887,75.9847526615322,6.09004318008636));
#12890=CARTESIAN_POINT('Ctrl Pts',(148.027083759815,76.0235182685897,6.09004318008636));
#12891=CARTESIAN_POINT('Ctrl Pts',(148.023434897392,76.0382858811333,6.09004318008636));
#12892=CARTESIAN_POINT('Ctrl Pts',(148.019487358096,76.0529994062492,6.09004318008636));
#12893=CARTESIAN_POINT('Ctrl Pts',(148.01524381662,76.0676490055327,6.09004318008636));
#12894=CARTESIAN_POINT('Ctrl Pts',(148.012576743821,76.0768563027801,6.09004318008636));
#12895=CARTESIAN_POINT('Ctrl Pts',(148.009794917659,76.0860306546724,6.09004318008636));
#12896=CARTESIAN_POINT('Ctrl Pts',(148.006901355928,76.0951643532562,6.09004318008636));
#12897=CARTESIAN_POINT('Ctrl Pts',(147.99240350736,76.1409276689396,6.09004318008636));
#12898=CARTESIAN_POINT('Ctrl Pts',(147.975091411736,76.1857172937768,6.09004318008636));
#12899=CARTESIAN_POINT('Ctrl Pts',(147.955111359394,76.22925930822,6.09004318008636));
#12900=CARTESIAN_POINT('Ctrl Pts',(147.935333052651,76.2723616636642,6.09004318008636));
#12901=CARTESIAN_POINT('Ctrl Pts',(147.912939612469,76.3142424238951,6.09004318008636));
#12902=CARTESIAN_POINT('Ctrl Pts',(147.888034806228,76.3546027662231,6.09004318008636));
#12903=CARTESIAN_POINT('Ctrl Pts',(147.875670420302,76.3746402980879,6.09004318008636));
#12904=CARTESIAN_POINT('Ctrl Pts',(147.862686516702,76.394302476314,6.09004318008636));
#12905=CARTESIAN_POINT('Ctrl Pts',(147.849093135006,76.4135485771422,6.09004318008636));
#12906=CARTESIAN_POINT('Ctrl Pts',(147.840118048797,76.4262558944211,6.09004318008636));
#12907=CARTESIAN_POINT('Ctrl Pts',(147.83087723581,76.4387817687509,6.09004318008636));
#12908=CARTESIAN_POINT('Ctrl Pts',(147.821373253243,76.4511136955306,6.09004318008636));
#12909=CARTESIAN_POINT('Ctrl Pts',(147.815950869451,76.4581495291321,6.09004318008636));
#12910=CARTESIAN_POINT('Ctrl Pts',(147.810448601078,76.4651146884881,6.09004318008636));
#12911=CARTESIAN_POINT('Ctrl Pts',(147.804868487706,76.4720059360458,6.09004318008636));
#12912=CARTESIAN_POINT('Ctrl Pts',(147.776169412902,76.5074483036076,6.09004318008636));
#12913=CARTESIAN_POINT('Ctrl Pts',(147.745403869868,76.5409516369905,6.09004318008636));
#12914=CARTESIAN_POINT('Ctrl Pts',(147.712675874925,76.5722523317927,6.09004318008636));
#12915=CARTESIAN_POINT('Ctrl Pts',(147.68107955864,76.6024707015591,6.09004318008636));
#12916=CARTESIAN_POINT('Ctrl Pts',(147.647653435934,76.630636615863,6.09004318008636));
#12917=CARTESIAN_POINT('Ctrl Pts',(147.612468964682,76.656470244153,6.09004318008636));
#12918=CARTESIAN_POINT('Ctrl Pts',(147.595024802974,76.6692783374216,6.09004318008636));
#12919=CARTESIAN_POINT('Ctrl Pts',(147.577148141125,76.6815124180666,6.09004318008636));
#12920=CARTESIAN_POINT('Ctrl Pts',(147.558846357854,76.6931337498533,6.09004318008636));
#12921=CARTESIAN_POINT('Ctrl Pts',(147.544444124237,76.7022789316564,6.09004318008636));
#12922=CARTESIAN_POINT('Ctrl Pts',(147.529778586352,76.7110445729714,6.09004318008636));
#12923=CARTESIAN_POINT('Ctrl Pts',(147.514866160551,76.7194263420216,6.09004318008636));
#12924=CARTESIAN_POINT('Ctrl Pts',(146.121413018146,75.1942418977634,9.));
#12925=CARTESIAN_POINT('Ctrl Pts',(146.088942261419,75.2230851668887,9.));
#12926=CARTESIAN_POINT('Ctrl Pts',(146.05857374433,75.2540067158951,9.));
#12927=CARTESIAN_POINT('Ctrl Pts',(146.030314351599,75.286702367343,9.));
#12928=CARTESIAN_POINT('Ctrl Pts',(146.000760991487,75.3208951177158,9.));
#12929=CARTESIAN_POINT('Ctrl Pts',(145.973513661098,75.3570286107819,9.));
#12930=CARTESIAN_POINT('Ctrl Pts',(145.948606205483,75.3948056642251,9.));
#12931=CARTESIAN_POINT('Ctrl Pts',(145.929567219492,75.4236820296951,9.));
#12932=CARTESIAN_POINT('Ctrl Pts',(145.911895872026,75.4535198784376,9.));
#12933=CARTESIAN_POINT('Ctrl Pts',(145.895620520927,75.4842020737243,9.));
#12934=CARTESIAN_POINT('Ctrl Pts',(145.890238562956,75.4943481089446,9.));
#12935=CARTESIAN_POINT('Ctrl Pts',(145.885009361106,75.5045865650768,9.));
#12936=CARTESIAN_POINT('Ctrl Pts',(145.879934261095,75.5149134538707,9.));
#12937=CARTESIAN_POINT('Ctrl Pts',(145.876467023091,75.521968641199,9.));
#12938=CARTESIAN_POINT('Ctrl Pts',(145.87307227413,75.5290641270097,9.));
#12939=CARTESIAN_POINT('Ctrl Pts',(145.869754490543,75.5361894057486,9.));
#12940=CARTESIAN_POINT('Ctrl Pts',(145.849922883803,75.5787798044674,9.));
#12941=CARTESIAN_POINT('Ctrl Pts',(145.832795625341,75.622517520434,9.));
#12942=CARTESIAN_POINT('Ctrl Pts',(145.81840273168,75.6670873341291,9.));
#12943=CARTESIAN_POINT('Ctrl Pts',(145.803105447087,75.7144577337474,9.));
#12944=CARTESIAN_POINT('Ctrl Pts',(145.790895886937,75.7627689069466,9.));
#12945=CARTESIAN_POINT('Ctrl Pts',(145.781855667873,75.8116839557337,9.));
#12946=CARTESIAN_POINT('Ctrl Pts',(145.776095828177,75.8428494438448,9.));
#12947=CARTESIAN_POINT('Ctrl Pts',(145.771623522586,75.8742608802836,9.));
#12948=CARTESIAN_POINT('Ctrl Pts',(145.76847171626,75.9058364117055,9.));
#12949=CARTESIAN_POINT('Ctrl Pts',(145.767596921961,75.914600305168,9.));
#12950=CARTESIAN_POINT('Ctrl Pts',(145.766823912941,75.9233768546785,9.));
#12951=CARTESIAN_POINT('Ctrl Pts',(145.766153534769,75.9321643373551,9.));
#12952=CARTESIAN_POINT('Ctrl Pts',(145.765476244316,75.9410424279071,9.));
#12953=CARTESIAN_POINT('Ctrl Pts',(145.764904414584,75.949922699177,9.));
#12954=CARTESIAN_POINT('Ctrl Pts',(145.764438405324,75.9588011783122,9.));
#12955=CARTESIAN_POINT('Ctrl Pts',(145.761856117721,76.0079993135397,9.));
#12956=CARTESIAN_POINT('Ctrl Pts',(145.76251793081,76.0571604846507,9.));
#12957=CARTESIAN_POINT('Ctrl Pts',(145.766484800672,76.1059673525911,9.));
#12958=CARTESIAN_POINT('Ctrl Pts',(145.768752230047,76.1338649468882,9.));
#12959=CARTESIAN_POINT('Ctrl Pts',(145.77210028932,76.161647305375,9.));
#12960=CARTESIAN_POINT('Ctrl Pts',(145.776547549187,76.189257824276,9.));
#12961=CARTESIAN_POINT('Ctrl Pts',(145.784122481968,76.2362862937067,9.));
#12962=CARTESIAN_POINT('Ctrl Pts',(145.794883334655,76.2828166178321,9.));
#12963=CARTESIAN_POINT('Ctrl Pts',(145.808620475739,76.3286538615128,9.));
#12964=CARTESIAN_POINT('Ctrl Pts',(145.812244220107,76.3407453478402,9.));
#12965=CARTESIAN_POINT('Ctrl Pts',(145.816075352189,76.3527885850823,9.));
#12966=CARTESIAN_POINT('Ctrl Pts',(145.820110607726,76.364779918444,9.));
#12967=CARTESIAN_POINT('Ctrl Pts',(145.822997303559,76.3733581439708,9.));
#12968=CARTESIAN_POINT('Ctrl Pts',(145.825988210386,76.3819087387094,9.));
#12969=CARTESIAN_POINT('Ctrl Pts',(145.829077521914,76.3904185454553,9.));
#12970=CARTESIAN_POINT('Ctrl Pts',(145.845871112881,76.43667811248,9.));
#12971=CARTESIAN_POINT('Ctrl Pts',(145.865599133586,76.481825955313,9.));
#12972=CARTESIAN_POINT('Ctrl Pts',(145.887994381906,76.5256597177115,9.));
#12973=CARTESIAN_POINT('Ctrl Pts',(145.910944601113,76.5705797132981,9.));
#12974=CARTESIAN_POINT('Ctrl Pts',(145.93669620339,76.614120646621,9.));
#12975=CARTESIAN_POINT('Ctrl Pts',(145.965017122885,76.6560608311733,9.));
#12976=CARTESIAN_POINT('Ctrl Pts',(145.98159118835,76.6806052095625,9.));
#12977=CARTESIAN_POINT('Ctrl Pts',(145.999046222914,76.7046012088473,9.));
#12978=CARTESIAN_POINT('Ctrl Pts',(146.017343448473,76.7280017309907,9.));
#12979=CARTESIAN_POINT('Ctrl Pts',(146.027380981766,76.7408388422418,9.));
#12980=CARTESIAN_POINT('Ctrl Pts',(146.037672060534,76.7534967048102,9.));
#12981=CARTESIAN_POINT('Ctrl Pts',(146.048210929828,76.7659671479548,9.));
#12982=CARTESIAN_POINT('Ctrl Pts',(146.054955124077,76.7739474244527,9.));
#12983=CARTESIAN_POINT('Ctrl Pts',(146.061800951363,76.7818509329231,9.));
#12984=CARTESIAN_POINT('Ctrl Pts',(146.068736811641,76.7896645244352,9.));
#12985=CARTESIAN_POINT('Ctrl Pts',(146.103653595544,76.8290000178532,9.));
#12986=CARTESIAN_POINT('Ctrl Pts',(146.140907609971,76.8661297345,9.));
#12987=CARTESIAN_POINT('Ctrl Pts',(146.180255844115,76.9008117210474,9.));
#12988=CARTESIAN_POINT('Ctrl Pts',(146.205585874702,76.9231379016037,9.));
#12989=CARTESIAN_POINT('Ctrl Pts',(146.231784816466,76.9444494557282,9.));
#12990=CARTESIAN_POINT('Ctrl Pts',(146.258797701887,76.964676068198,9.));
#12991=CARTESIAN_POINT('Ctrl Pts',(146.268257066691,76.9717590178017,9.));
#12992=CARTESIAN_POINT('Ctrl Pts',(146.277818172497,76.9787101850835,9.));
#12993=CARTESIAN_POINT('Ctrl Pts',(146.287472759405,76.9855220913,9.));
#12994=CARTESIAN_POINT('Ctrl Pts',(146.330941396278,77.0161918942185,9.));
#12995=CARTESIAN_POINT('Ctrl Pts',(146.37621354505,77.0439804919861,9.));
#12996=CARTESIAN_POINT('Ctrl Pts',(146.42305886315,77.0686352165512,9.));
#12997=CARTESIAN_POINT('Ctrl Pts',(146.449260023942,77.0824249062963,9.));
#12998=CARTESIAN_POINT('Ctrl Pts',(146.475954102448,77.0952337370516,9.));
#12999=CARTESIAN_POINT('Ctrl Pts',(146.503105958802,77.1070125535465,9.));
#13000=CARTESIAN_POINT('Ctrl Pts',(146.522419383729,77.1153909599851,9.));
#13001=CARTESIAN_POINT('Ctrl Pts',(146.541964502837,77.1232481418026,9.));
#13002=CARTESIAN_POINT('Ctrl Pts',(146.561721772295,77.1305893419136,9.));
#13003=CARTESIAN_POINT('Ctrl Pts',(147.935657530586,75.883735088326,8.27303847577294));
#13004=CARTESIAN_POINT('Ctrl Pts',(147.93637122553,75.962721679679,8.27849127645974));
#13005=CARTESIAN_POINT('Ctrl Pts',(147.928106541273,76.041560447519,8.28394407714653));
#13006=CARTESIAN_POINT('Ctrl Pts',(147.910295352063,76.1181799448227,8.28939687783333));
#13007=CARTESIAN_POINT('Ctrl Pts',(147.832924184538,76.4510122948401,8.31308364857222));
#13008=CARTESIAN_POINT('Ctrl Pts',(147.575410233715,76.741966955249,8.33677041931111));
#13009=CARTESIAN_POINT('Ctrl Pts',(147.254442887717,76.8592029482645,8.36045719005));
#13010=CARTESIAN_POINT('Ctrl Pts',(146.933475541719,76.9764389412801,8.38414396078889));
#13011=CARTESIAN_POINT('Ctrl Pts',(146.549054800547,76.9199562669024,8.40783073152778));
#13012=CARTESIAN_POINT('Ctrl Pts',(146.275379616137,76.7153438720293,8.43151750226667));
#13013=CARTESIAN_POINT('Ctrl Pts',(146.001704431726,76.5107314771561,8.45520427300556));
#13014=CARTESIAN_POINT('Ctrl Pts',(145.838774804077,76.1579893617874,8.47889104374445));
#13015=CARTESIAN_POINT('Ctrl Pts',(145.86041687413,75.8169717592846,8.50257781448334));
#13016=CARTESIAN_POINT('Ctrl Pts',(145.882058944182,75.4759541567817,8.52626458522223));
#13017=CARTESIAN_POINT('Ctrl Pts',(146.088272711937,75.1466610671446,8.54995135596111));
#13018=CARTESIAN_POINT('Ctrl Pts',(146.385622746094,74.9782832486164,8.5736381267));
#13019=CARTESIAN_POINT('Ctrl Pts',(146.682972780251,74.8099054300882,8.5973248974389));
#13020=CARTESIAN_POINT('Ctrl Pts',(147.07145908081,74.8024428826689,8.62101166817779));
#13021=CARTESIAN_POINT('Ctrl Pts',(147.375024143978,74.9593316599578,8.64469843891668));
#13022=CARTESIAN_POINT('Ctrl Pts',(147.678589207147,75.1162204372467,8.66838520965556));
#13023=CARTESIAN_POINT('Ctrl Pts',(147.897233032924,75.4374605392439,8.69207198039445));
#13024=CARTESIAN_POINT('Ctrl Pts',(147.931918058166,75.7773696737995,8.71575875113334));
#13025=CARTESIAN_POINT('Ctrl Pts',(147.935471341637,75.8121914304856,8.71818532601321));
#13026=CARTESIAN_POINT('Ctrl Pts',(147.937094007554,75.8472091156181,8.72061190089307));
#13027=CARTESIAN_POINT('Ctrl Pts',(147.93685869496,75.8822482998444,8.72303847577294));
#13028=CARTESIAN_POINT('Ctrl Pts',(147.232990343143,77.128508703565,9.));
#13029=CARTESIAN_POINT('Ctrl Pts',(147.644978484562,77.0176547761265,8.97631322926111));
#13030=CARTESIAN_POINT('Ctrl Pts',(148.343300179552,76.3562429346905,8.92893968778333));
#13031=CARTESIAN_POINT('Ctrl Pts',(148.085316288991,74.929490396854,8.85787937556667));
#13032=CARTESIAN_POINT('Ctrl Pts',(146.7488797326,74.3682494444282,8.78681906335001));
#13033=CARTESIAN_POINT('Ctrl Pts',(145.548440541485,75.1787947414086,8.71575875113333));
#13034=CARTESIAN_POINT('Ctrl Pts',(145.570426354146,76.6277573457204,8.64469843891667));
#13035=CARTESIAN_POINT('Ctrl Pts',(146.795626976555,77.4014104907989,8.57363812669999));
#13036=CARTESIAN_POINT('Ctrl Pts',(148.113326872452,76.7988698789088,8.50257781448333));
#13037=CARTESIAN_POINT('Ctrl Pts',(148.329475547451,75.3660835574919,8.43151750226666));
#13038=CARTESIAN_POINT('Ctrl Pts',(147.248106187826,74.4016204836759,8.36045719004999));
#13039=CARTESIAN_POINT('Ctrl Pts',(145.849281043944,74.7795297071519,8.28939687783332));
#13040=CARTESIAN_POINT('Ctrl Pts',(145.400715260468,76.1573314810977,8.21833656561665));
#13041=CARTESIAN_POINT('Ctrl Pts',(146.308944344369,77.2863409835445,8.14727625339999));
#13042=CARTESIAN_POINT('Ctrl Pts',(147.750851788746,77.143358716591,8.07621594118332));
#13043=CARTESIAN_POINT('Ctrl Pts',(148.419662776158,75.8579657453639,8.00515562896665));
#13044=CARTESIAN_POINT('Ctrl Pts',(147.709244289022,74.5950928329178,7.93409531674998));
#13045=CARTESIAN_POINT('Ctrl Pts',(146.263437089949,74.4992602408979,7.86303500453331));
#13046=CARTESIAN_POINT('Ctrl Pts',(145.39255184137,75.6573195855531,7.79197469231665));
#13047=CARTESIAN_POINT('Ctrl Pts',(145.885857341952,77.019741014187,7.72091438009998));
#13048=CARTESIAN_POINT('Ctrl Pts',(147.2962790393,77.3517848400596,7.64985406788331));
#13049=CARTESIAN_POINT('Ctrl Pts',(148.345575394652,76.35252529116,7.57879375566665));
#13050=CARTESIAN_POINT('Ctrl Pts',(148.082786689067,74.9275745643347,7.50773344344997));
#13051=CARTESIAN_POINT('Ctrl Pts',(146.746073928781,74.3683416314513,7.43667313123331));
#13052=CARTESIAN_POINT('Ctrl Pts',(145.546877494528,75.1816499307683,7.36561281901663));
#13053=CARTESIAN_POINT('Ctrl Pts',(145.572009028193,76.6304117791878,7.29455250679997));
#13054=CARTESIAN_POINT('Ctrl Pts',(146.798692240052,77.4016385709912,7.2234921945833));
#13055=CARTESIAN_POINT('Ctrl Pts',(148.115204686647,76.7963804078356,7.15243188236664));
#13056=CARTESIAN_POINT('Ctrl Pts',(148.328413184904,75.3631725728698,7.08137157014997));
#13057=CARTESIAN_POINT('Ctrl Pts',(147.245090456829,74.4009074277971,7.01031125793329));
#13058=CARTESIAN_POINT('Ctrl Pts',(145.847033717503,74.7816695234411,6.93925094571663));
#13059=CARTESIAN_POINT('Ctrl Pts',(145.401278426449,76.1603810407137,6.86819063349996));
#13060=CARTESIAN_POINT('Ctrl Pts',(146.311805018516,77.2875377875558,6.79713032128329));
#13061=CARTESIAN_POINT('Ctrl Pts',(147.753418747024,77.1416186893005,6.72607000906663));
#13062=CARTESIAN_POINT('Ctrl Pts',(148.419608705823,75.854863106764,6.65500969684996));
#13063=CARTESIAN_POINT('Ctrl Pts',(147.706619224841,74.5934459813245,6.58394938463329));
#13064=CARTESIAN_POINT('Ctrl Pts',(146.260618330872,74.5005475026878,6.51288907241662));
#13065=CARTESIAN_POINT('Ctrl Pts',(145.392097495896,75.6604045851583,6.44182876019995));
#13066=CARTESIAN_POINT('Ctrl Pts',(145.888171834861,77.0217636321567,6.37076844798328));
#13067=CARTESIAN_POINT('Ctrl Pts',(147.299280413787,77.3510482089667,6.29970813576662));
#13068=CARTESIAN_POINT('Ctrl Pts',(148.346511158918,76.3494076691004,6.22864782354994));
#13069=CARTESIAN_POINT('Ctrl Pts',(148.080882418935,74.9255118503978,6.15758751133328));
#13070=CARTESIAN_POINT('Ctrl Pts',(146.74293368272,74.3678854026771,6.08652719911661));
#13071=CARTESIAN_POINT('Ctrl Pts',(145.545827586801,75.1858801991918,6.01546688689994));
#13072=CARTESIAN_POINT('Ctrl Pts',(145.565123380654,76.1475175976041,5.96809334542217));
#13073=CARTESIAN_POINT('Ctrl Pts',(145.775436311427,76.5187200936188,5.94440657468328));
#13074=CARTESIAN_POINT('Ctrl Pts',(147.211143027512,77.0473132496027,9.04854553513436));
#13075=CARTESIAN_POINT('Ctrl Pts',(147.596277419919,76.9436848785456,9.02485876439547));
#13076=CARTESIAN_POINT('Ctrl Pts',(148.249081893317,76.3253844420197,8.97748522291769));
#13077=CARTESIAN_POINT('Ctrl Pts',(148.007913619396,74.9916288880772,8.90642491070103));
#13078=CARTESIAN_POINT('Ctrl Pts',(146.758587171881,74.4669701140103,8.83536459848436));
#13079=CARTESIAN_POINT('Ctrl Pts',(145.636393661892,75.2246833564266,8.76430428626769));
#13080=CARTESIAN_POINT('Ctrl Pts',(145.656946419968,76.5792013051989,8.69324397405103));
#13081=CARTESIAN_POINT('Ctrl Pts',(146.802287389405,77.302427058586,8.62218366183436));
#13082=CARTESIAN_POINT('Ctrl Pts',(148.034098448418,76.7391605731427,8.55112334961768));
#13083=CARTESIAN_POINT('Ctrl Pts',(148.236158362883,75.3997645229345,8.48006303740102));
#13084=CARTESIAN_POINT('Ctrl Pts',(147.225273608158,74.4981659996017,8.40900272518434));
#13085=CARTESIAN_POINT('Ctrl Pts',(145.917625116097,74.8514427678782,8.33794241296769));
#13086=CARTESIAN_POINT('Ctrl Pts',(145.498297244477,76.1394382117265,8.26688210075101));
#13087=CARTESIAN_POINT('Ctrl Pts',(146.347327158761,77.194857882909,8.19582178853435));
#13088=CARTESIAN_POINT('Ctrl Pts',(147.695249809122,77.061195325733,8.12476147631768));
#13089=CARTESIAN_POINT('Ctrl Pts',(148.320467108788,75.8595853976564,8.05370116410101));
#13090=CARTESIAN_POINT('Ctrl Pts',(147.656354322784,74.6790276511443,7.98264085188434));
#13091=CARTESIAN_POINT('Ctrl Pts',(146.304786107165,74.5894415116662,7.91158053966768));
#13092=CARTESIAN_POINT('Ctrl Pts',(145.490665924207,75.6720175308203,7.84052022745101));
#13093=CARTESIAN_POINT('Ctrl Pts',(145.951817338866,76.9456351337765,7.76945991523434));
#13094=CARTESIAN_POINT('Ctrl Pts',(147.270306510851,77.2560360513606,7.69839960301768));
#13095=CARTESIAN_POINT('Ctrl Pts',(148.251208807898,76.3219091177608,7.627339290801));
#13096=CARTESIAN_POINT('Ctrl Pts',(148.005548901018,74.9898379312045,7.55627897858434));
#13097=CARTESIAN_POINT('Ctrl Pts',(146.75596425282,74.4670562922023,7.48521866636766));
#13098=CARTESIAN_POINT('Ctrl Pts',(145.634932495709,75.2273524420354,7.414158354151));
#13099=CARTESIAN_POINT('Ctrl Pts',(145.658425933931,76.5816827203609,7.34309804193433));
#13100=CARTESIAN_POINT('Ctrl Pts',(146.805152856334,77.3026402723109,7.27203772971766));
#13101=CARTESIAN_POINT('Ctrl Pts',(148.035853865034,76.7368333679812,7.20097741750099));
#13102=CARTESIAN_POINT('Ctrl Pts',(148.23516524606,75.3970432788474,7.12991710528433));
#13103=CARTESIAN_POINT('Ctrl Pts',(147.222454445158,74.4974994213314,7.05885679306765));
#13104=CARTESIAN_POINT('Ctrl Pts',(145.915524272368,74.8534431090618,6.98779648085099));
#13105=CARTESIAN_POINT('Ctrl Pts',(145.498823702804,76.1422889983673,6.91673616863432));
#13106=CARTESIAN_POINT('Ctrl Pts',(146.350001371654,77.1959766781834,6.84567585641765));
#13107=CARTESIAN_POINT('Ctrl Pts',(147.697649450804,77.05956871495,6.77461554420099));
#13108=CARTESIAN_POINT('Ctrl Pts',(148.320416562805,75.8566849917663,6.70355523198432));
#13109=CARTESIAN_POINT('Ctrl Pts',(147.653900362592,74.6774881427846,6.63249491976765));
#13110=CARTESIAN_POINT('Ctrl Pts',(146.302151077281,74.5906448686017,6.56143460755099));
#13111=CARTESIAN_POINT('Ctrl Pts',(145.490241193371,75.6749014474409,6.49037429533431));
#13112=CARTESIAN_POINT('Ctrl Pts',(145.953980971094,76.9475259157299,6.41931398311764));
#13113=CARTESIAN_POINT('Ctrl Pts',(147.273112253112,77.2553474345295,6.34825367090098));
#13114=CARTESIAN_POINT('Ctrl Pts',(148.252083578228,76.318994705046,6.27719335868431));
#13115=CARTESIAN_POINT('Ctrl Pts',(148.003768752886,74.9879096667743,6.20613304646764));
#13116=CARTESIAN_POINT('Ctrl Pts',(146.753028690756,74.4666298008204,6.13507273425097));
#13117=CARTESIAN_POINT('Ctrl Pts',(145.63395102189,75.2313069778465,6.06401242203431));
#13118=CARTESIAN_POINT('Ctrl Pts',(145.651989098947,76.1302640057809,6.01663888055653));
#13119=CARTESIAN_POINT('Ctrl Pts',(145.848593648122,76.4772711969843,5.99295210981764));
#13120=CARTESIAN_POINT('Ctrl Pts',(147.189295711881,76.9661177956403,9.09709107026872));
#13121=CARTESIAN_POINT('Ctrl Pts',(147.547576355277,76.8697149809648,9.07340429952984));
#13122=CARTESIAN_POINT('Ctrl Pts',(148.154863607083,76.294525949349,9.02603075805205));
#13123=CARTESIAN_POINT('Ctrl Pts',(147.930510949801,75.0537673793003,8.95497044583539));
#13124=CARTESIAN_POINT('Ctrl Pts',(146.768294611162,74.5656907835925,8.88391013361872));
#13125=CARTESIAN_POINT('Ctrl Pts',(145.724346782299,75.2705719714446,8.81284982140205));
#13126=CARTESIAN_POINT('Ctrl Pts',(145.74346648579,76.5306452646775,8.74178950918539));
#13127=CARTESIAN_POINT('Ctrl Pts',(146.808947802255,77.203443626373,8.67072919696872));
#13128=CARTESIAN_POINT('Ctrl Pts',(147.954870024384,76.6794512673765,8.59966888475205));
#13129=CARTESIAN_POINT('Ctrl Pts',(148.142841178315,75.433445488377,8.52860857253538));
#13130=CARTESIAN_POINT('Ctrl Pts',(147.20244102849,74.5947115155274,8.45754826031871));
#13131=CARTESIAN_POINT('Ctrl Pts',(145.985969188249,74.9233558286046,8.38648794810205));
#13132=CARTESIAN_POINT('Ctrl Pts',(145.595879228485,76.1215449423551,8.31542763588537));
#13133=CARTESIAN_POINT('Ctrl Pts',(146.385709973153,77.1033747822736,8.24436732366871));
#13134=CARTESIAN_POINT('Ctrl Pts',(147.639647829497,76.9790319348751,8.17330701145204));
#13135=CARTESIAN_POINT('Ctrl Pts',(148.221271441418,75.8612050499488,8.10224669923538));
#13136=CARTESIAN_POINT('Ctrl Pts',(147.603464356547,74.7629624693707,8.0311863870187));
#13137=CARTESIAN_POINT('Ctrl Pts',(146.346135124381,74.6796227824345,7.96012607480204));
#13138=CARTESIAN_POINT('Ctrl Pts',(145.588780007044,75.6867154760876,7.88906576258537));
#13139=CARTESIAN_POINT('Ctrl Pts',(146.017777335781,76.8715292533659,7.8180054503687));
#13140=CARTESIAN_POINT('Ctrl Pts',(147.244333982402,77.1602872626616,7.74694513815203));
#13141=CARTESIAN_POINT('Ctrl Pts',(148.156842221145,76.2912929443615,7.67588482593536));
#13142=CARTESIAN_POINT('Ctrl Pts',(147.928311112968,75.0521012980744,7.6048245137187));
#13143=CARTESIAN_POINT('Ctrl Pts',(146.765854576858,74.5657709529533,7.53376420150202));
#13144=CARTESIAN_POINT('Ctrl Pts',(145.72298749689,75.2730549533024,7.46270388928536));
#13145=CARTESIAN_POINT('Ctrl Pts',(145.744842839668,76.532953661534,7.39164357706869));
#13146=CARTESIAN_POINT('Ctrl Pts',(146.811613472616,77.2036419736307,7.32058326485202));
#13147=CARTESIAN_POINT('Ctrl Pts',(147.956503043421,76.6772863281267,7.24952295263536));
#13148=CARTESIAN_POINT('Ctrl Pts',(148.141917307216,75.4309139848251,7.17846264041869));
#13149=CARTESIAN_POINT('Ctrl Pts',(147.199818433486,74.5940914148658,7.10740232820202));
#13150=CARTESIAN_POINT('Ctrl Pts',(145.984014827232,74.9252166946824,7.03634201598535));
#13151=CARTESIAN_POINT('Ctrl Pts',(145.596368979159,76.1241969560211,6.96528170376868));
#13152=CARTESIAN_POINT('Ctrl Pts',(146.388197724792,77.1044155688111,6.89422139155201));
#13153=CARTESIAN_POINT('Ctrl Pts',(147.641880154584,76.9775187405996,6.82316107933535));
#13154=CARTESIAN_POINT('Ctrl Pts',(148.221224419787,75.8585068767685,6.75210076711867));
#13155=CARTESIAN_POINT('Ctrl Pts',(147.601181500344,74.7615303042448,6.68104045490202));
#13156=CARTESIAN_POINT('Ctrl Pts',(146.34368382369,74.6807422345157,6.60998014268534));
#13157=CARTESIAN_POINT('Ctrl Pts',(145.588384890845,75.6893983097236,6.53891983046868));
#13158=CARTESIAN_POINT('Ctrl Pts',(146.019790107327,76.8732881993032,6.467859518252));
#13159=CARTESIAN_POINT('Ctrl Pts',(147.246944092436,77.1596466600923,6.39679920603534));
#13160=CARTESIAN_POINT('Ctrl Pts',(148.157655997537,76.2885817409915,6.32573889381867));
#13161=CARTESIAN_POINT('Ctrl Pts',(147.926655086836,75.0503074831508,6.254678581602));
#13162=CARTESIAN_POINT('Ctrl Pts',(146.763123698792,74.5653741989638,6.18361826938533));
#13163=CARTESIAN_POINT('Ctrl Pts',(145.722074456979,75.2767337565012,6.11255795716867));
#13164=CARTESIAN_POINT('Ctrl Pts',(145.738854817241,76.1130104139577,6.06518441569089));
#13165=CARTESIAN_POINT('Ctrl Pts',(145.921750984816,76.4358223003498,6.041497644952));
#13166=CARTESIAN_POINT('Ctrl Pts',(147.16744839625,76.8849223416779,9.14563660540309));
#13167=CARTESIAN_POINT('Ctrl Pts',(147.498875290635,76.7957450833839,9.1219498346642));
#13168=CARTESIAN_POINT('Ctrl Pts',(148.060645320849,76.2636674566783,9.07457629318641));
#13169=CARTESIAN_POINT('Ctrl Pts',(147.853108280206,75.1159058705234,9.00351598096975));
#13170=CARTESIAN_POINT('Ctrl Pts',(146.778002050443,74.6644114531746,8.93245566875308));
#13171=CARTESIAN_POINT('Ctrl Pts',(145.812299902706,75.3164605864626,8.86139535653641));
#13172=CARTESIAN_POINT('Ctrl Pts',(145.829986551613,76.482089224156,8.79033504431975));
#13173=CARTESIAN_POINT('Ctrl Pts',(146.815608215105,77.1044601941601,8.71927473210308));
#13174=CARTESIAN_POINT('Ctrl Pts',(147.875641600351,76.6197419616104,8.64821441988641));
#13175=CARTESIAN_POINT('Ctrl Pts',(148.049523993746,75.4671264538195,8.57715410766974));
#13176=CARTESIAN_POINT('Ctrl Pts',(147.179608448823,74.6912570314531,8.50609379545307));
#13177=CARTESIAN_POINT('Ctrl Pts',(146.054313260402,74.9952688893308,8.4350334832364));
#13178=CARTESIAN_POINT('Ctrl Pts',(145.693461212493,76.1036516729838,8.36397317101974));
#13179=CARTESIAN_POINT('Ctrl Pts',(146.424092787546,77.0118916816381,8.29291285880307));
#13180=CARTESIAN_POINT('Ctrl Pts',(147.584045849873,76.8968685440172,8.2218525465864));
#13181=CARTESIAN_POINT('Ctrl Pts',(148.122075774049,75.8628247022413,8.15079223436973));
#13182=CARTESIAN_POINT('Ctrl Pts',(147.550574390309,74.8468972875972,8.07973192215306));
#13183=CARTESIAN_POINT('Ctrl Pts',(146.387484141597,74.7698040532029,8.0086716099364));
#13184=CARTESIAN_POINT('Ctrl Pts',(145.686894089881,75.7014134213547,7.93761129771972));
#13185=CARTESIAN_POINT('Ctrl Pts',(146.083737332695,76.7974233729554,7.86655098550306));
#13186=CARTESIAN_POINT('Ctrl Pts',(147.218361453953,77.0645384739626,7.79549067328639));
#13187=CARTESIAN_POINT('Ctrl Pts',(148.062475634391,76.2606767709622,7.72443036106973));
#13188=CARTESIAN_POINT('Ctrl Pts',(147.851073324918,75.1143646649443,7.65337004885306));
#13189=CARTESIAN_POINT('Ctrl Pts',(146.775744900897,74.6644856137043,7.58230973663639));
#13190=CARTESIAN_POINT('Ctrl Pts',(145.811042498071,75.3187574645695,7.51124942441971));
#13191=CARTESIAN_POINT('Ctrl Pts',(145.831259745405,76.484224602707,7.44018911220306));
#13192=CARTESIAN_POINT('Ctrl Pts',(146.818074088898,77.1046436749504,7.36912879998638));
#13193=CARTESIAN_POINT('Ctrl Pts',(147.877152221808,76.6177392882723,7.29806848776972));
#13194=CARTESIAN_POINT('Ctrl Pts',(148.048669368372,75.4647846908028,7.22700817555305));
#13195=CARTESIAN_POINT('Ctrl Pts',(147.177182421814,74.6906834084002,7.15594786333638));
#13196=CARTESIAN_POINT('Ctrl Pts',(146.052505382096,74.9969902803031,7.08488755111971));
#13197=CARTESIAN_POINT('Ctrl Pts',(145.693914255514,76.1061049136748,7.01382723890305));
#13198=CARTESIAN_POINT('Ctrl Pts',(146.42639407793,77.0128544594387,6.94276692668638));
#13199=CARTESIAN_POINT('Ctrl Pts',(147.586110858364,76.8954687662492,6.87170661446971));
#13200=CARTESIAN_POINT('Ctrl Pts',(148.12203227677,75.8603287617708,6.80064630225304));
#13201=CARTESIAN_POINT('Ctrl Pts',(147.548462638096,74.845572465705,6.72958599003637));
#13202=CARTESIAN_POINT('Ctrl Pts',(146.385216570099,74.7708396004296,6.6585256778197));
#13203=CARTESIAN_POINT('Ctrl Pts',(145.686528588319,75.7038951720062,6.58746536560304));
#13204=CARTESIAN_POINT('Ctrl Pts',(146.08559924356,76.7990504828764,6.51640505338636));
#13205=CARTESIAN_POINT('Ctrl Pts',(147.220775931761,77.0639458856552,6.4453447411697));
#13206=CARTESIAN_POINT('Ctrl Pts',(148.063228416847,76.2581687769371,6.37428442895303));
#13207=CARTESIAN_POINT('Ctrl Pts',(147.849541420787,75.1127052995273,6.30322411673637));
#13208=CARTESIAN_POINT('Ctrl Pts',(146.773218706828,74.664118597107,6.23216380451969));
#13209=CARTESIAN_POINT('Ctrl Pts',(145.810197892068,75.322160535156,6.16110349230303));
#13210=CARTESIAN_POINT('Ctrl Pts',(145.825720535534,76.0957568221345,6.11372995082525));
#13211=CARTESIAN_POINT('Ctrl Pts',(145.994908321511,76.3943734037153,6.09004318008636));
#13212=CARTESIAN_POINT('Ctrl Pts',(145.994908321511,76.3943734037153,6.09004318008636));
#13213=CARTESIAN_POINT('Ctrl Pts',(145.967760451555,76.3574852824847,6.09004318008636));
#13214=CARTESIAN_POINT('Ctrl Pts',(145.943353525103,76.3187875798819,6.09004318008636));
#13215=CARTESIAN_POINT('Ctrl Pts',(145.921636632415,76.2786168495249,6.09004318008636));
#13216=CARTESIAN_POINT('Ctrl Pts',(145.904635914186,76.2471698429174,6.09004318008636));
#13217=CARTESIAN_POINT('Ctrl Pts',(145.889284368128,76.2148188225934,6.09004318008636));
#13218=CARTESIAN_POINT('Ctrl Pts',(145.875574685873,76.1817067825476,6.09004318008636));
#13219=CARTESIAN_POINT('Ctrl Pts',(145.870479064974,76.1693996845314,6.09004318008636));
#13220=CARTESIAN_POINT('Ctrl Pts',(145.865609940358,76.1569854314904,6.09004318008636));
#13221=CARTESIAN_POINT('Ctrl Pts',(145.860974804049,76.1444923791486,6.09004318008636));
#13222=CARTESIAN_POINT('Ctrl Pts',(145.844857866473,76.1010525035295,6.09004318008636));
#13223=CARTESIAN_POINT('Ctrl Pts',(145.831543063105,76.0566081592614,6.09004318008636));
#13224=CARTESIAN_POINT('Ctrl Pts',(145.821003472357,76.0114696635283,6.09004318008636));
#13225=CARTESIAN_POINT('Ctrl Pts',(145.813822232644,75.9807141659117,6.09004318008636));
#13226=CARTESIAN_POINT('Ctrl Pts',(145.807930184716,75.9496355323031,6.09004318008636));
#13227=CARTESIAN_POINT('Ctrl Pts',(145.803330182152,75.9183244206747,6.09004318008636));
#13228=CARTESIAN_POINT('Ctrl Pts',(145.801831074147,75.908120352871,6.09004318008636));
#13229=CARTESIAN_POINT('Ctrl Pts',(145.800469359923,75.8978912481619,6.09004318008636));
#13230=CARTESIAN_POINT('Ctrl Pts',(145.799246801345,75.88765548102,6.09004318008636));
#13231=CARTESIAN_POINT('Ctrl Pts',(145.793528624071,75.8397805308283,6.09004318008636));
#13232=CARTESIAN_POINT('Ctrl Pts',(145.790838486526,75.7916819420642,6.09004318008636));
#13233=CARTESIAN_POINT('Ctrl Pts',(145.791147008873,75.743685606788,6.09004318008636));
#13234=CARTESIAN_POINT('Ctrl Pts',(145.791456587802,75.6955249006811,6.09004318008636));
#13235=CARTESIAN_POINT('Ctrl Pts',(145.794785070823,75.6474659518314,6.09004318008636));
#13236=CARTESIAN_POINT('Ctrl Pts',(145.80115092462,75.5998168482311,6.09004318008636));
#13237=CARTESIAN_POINT('Ctrl Pts',(145.804322549899,75.5760768902707,6.09004318008636));
#13238=CARTESIAN_POINT('Ctrl Pts',(145.808248913261,75.5524384507518,6.09004318008636));
#13239=CARTESIAN_POINT('Ctrl Pts',(145.812937131452,75.5289391204234,6.09004318008636));
#13240=CARTESIAN_POINT('Ctrl Pts',(145.816354472854,75.5118099614986,6.09004318008636));
#13241=CARTESIAN_POINT('Ctrl Pts',(145.820176674542,75.4947547090395,6.09004318008636));
#13242=CARTESIAN_POINT('Ctrl Pts',(145.824407629759,75.4777880468296,6.09004318008636));
#13243=CARTESIAN_POINT('Ctrl Pts',(145.826617321903,75.4689269035965,6.09004318008636));
#13244=CARTESIAN_POINT('Ctrl Pts',(145.828936492316,75.4600981979785,6.09004318008636));
#13245=CARTESIAN_POINT('Ctrl Pts',(145.8313641517,75.4513072754853,6.09004318008636));
#13246=CARTESIAN_POINT('Ctrl Pts',(145.840920712681,75.4167015200544,6.09004318008636));
#13247=CARTESIAN_POINT('Ctrl Pts',(145.85216145553,75.3826650456496,6.09004318008636));
#13248=CARTESIAN_POINT('Ctrl Pts',(145.86508452393,75.3493209027708,6.09004318008636));
#13249=CARTESIAN_POINT('Ctrl Pts',(145.882170890372,75.3052346048222,6.09004318008636));
#13250=CARTESIAN_POINT('Ctrl Pts',(145.902195806701,75.2623576613654,6.09004318008636));
#13251=CARTESIAN_POINT('Ctrl Pts',(145.924887720355,75.2208255751005,6.09004318008636));
#13252=CARTESIAN_POINT('Ctrl Pts',(145.946243798209,75.1817384147485,6.09004318008636));
#13253=CARTESIAN_POINT('Ctrl Pts',(145.969962986698,75.1438419814048,6.09004318008636));
#13254=CARTESIAN_POINT('Ctrl Pts',(145.99585747582,75.1072591218699,6.09004318008636));
#13255=CARTESIAN_POINT('Ctrl Pts',(146.003304544293,75.0967381550863,6.09004318008636));
#13256=CARTESIAN_POINT('Ctrl Pts',(146.010931743888,75.0863259217799,6.09004318008636));
#13257=CARTESIAN_POINT('Ctrl Pts',(146.0187350991,75.0760255859029,6.09004318008636));
#13258=CARTESIAN_POINT('Ctrl Pts',(146.024902652336,75.0678844891386,6.09004318008636));
#13259=CARTESIAN_POINT('Ctrl Pts',(146.031175894895,75.0598191621009,6.09004318008636));
#13260=CARTESIAN_POINT('Ctrl Pts',(146.037547124583,75.0518373016035,6.09004318008636));
#13261=CARTESIAN_POINT('Ctrl Pts',(146.068857307283,75.012611983614,6.09004318008636));
#13262=CARTESIAN_POINT('Ctrl Pts',(146.102566464366,74.9753527008952,6.09004318008636));
#13263=CARTESIAN_POINT('Ctrl Pts',(146.138375061812,74.9402087450953,6.09004318008636));
#13264=CARTESIAN_POINT('Ctrl Pts',(146.174955729333,74.9043070495758,6.09004318008636));
#13265=CARTESIAN_POINT('Ctrl Pts',(146.21372795048,74.8706119724803,6.09004318008636));
#13266=CARTESIAN_POINT('Ctrl Pts',(146.254422597493,74.8393033417079,6.09004318008636));
#13267=CARTESIAN_POINT('Ctrl Pts',(146.275479462832,74.8231031367543,6.09004318008636));
#13268=CARTESIAN_POINT('Ctrl Pts',(146.297051793869,74.8075422976139,6.09004318008636));
#13269=CARTESIAN_POINT('Ctrl Pts',(146.319106549262,74.7926491044694,6.09004318008636));
#13270=CARTESIAN_POINT('Ctrl Pts',(146.335976087397,74.7812573984534,6.09004318008636));
#13271=CARTESIAN_POINT('Ctrl Pts',(146.353127933489,74.7702563517469,6.09004318008636));
#13272=CARTESIAN_POINT('Ctrl Pts',(146.370548222784,74.7596597671195,6.09004318008636));
#13273=CARTESIAN_POINT('Ctrl Pts',(146.378829003003,74.7546226528168,6.09004318008636));
#13274=CARTESIAN_POINT('Ctrl Pts',(146.387162527755,74.7496817922993,6.09004318008636));
#13275=CARTESIAN_POINT('Ctrl Pts',(146.395544486251,74.7448396121162,6.09004318008636));
#13276=CARTESIAN_POINT('Ctrl Pts',(146.441476478002,74.7183051237444,6.09004318008636));
#13277=CARTESIAN_POINT('Ctrl Pts',(146.488882454982,74.6947174621476,6.09004318008636));
#13278=CARTESIAN_POINT('Ctrl Pts',(146.537469000115,74.6742552464958,6.09004318008636));
#13279=CARTESIAN_POINT('Ctrl Pts',(146.585604022017,74.6539831897801,6.09004318008636));
#13280=CARTESIAN_POINT('Ctrl Pts',(146.634898699586,74.6367779406228,6.09004318008636));
#13281=CARTESIAN_POINT('Ctrl Pts',(146.685102593838,74.6228491516552,6.09004318008636));
#13282=CARTESIAN_POINT('Ctrl Pts',(146.712158528525,74.6153426342782,6.09004318008636));
#13283=CARTESIAN_POINT('Ctrl Pts',(146.739479051278,74.6087884100955,6.09004318008636));
#13284=CARTESIAN_POINT('Ctrl Pts',(146.767027786282,74.6032249733058,6.09004318008636));
#13285=CARTESIAN_POINT('Ctrl Pts',(146.787653400956,74.5990596530661,6.09004318008636));
#13286=CARTESIAN_POINT('Ctrl Pts',(146.808406981251,74.5954498057236,6.09004318008636));
#13287=CARTESIAN_POINT('Ctrl Pts',(146.829271137346,74.5923878331685,6.09004318008636));
#13288=CARTESIAN_POINT('Ctrl Pts',(147.934563833112,75.8820880776189,8.60196152422707));
#13289=CARTESIAN_POINT('Ctrl Pts',(147.93535171863,75.7619837503898,8.59369238537463));
#13290=CARTESIAN_POINT('Ctrl Pts',(147.916055626559,75.6421243326545,8.58542324652218));
#13291=CARTESIAN_POINT('Ctrl Pts',(147.875557670693,75.5299174680569,8.57715410766974));
#13292=CARTESIAN_POINT('Ctrl Pts',(147.759552145438,75.2085033130307,8.55346733693085));
#13293=CARTESIAN_POINT('Ctrl Pts',(147.469580297131,74.9498801722419,8.52978056619196));
#13294=CARTESIAN_POINT('Ctrl Pts',(147.137045174906,74.8712372448272,8.50609379545307));
#13295=CARTESIAN_POINT('Ctrl Pts',(146.804510052682,74.7925943174124,8.48240702471418));
#13296=CARTESIAN_POINT('Ctrl Pts',(146.429411656542,74.8939316033716,8.45872025397529));
#13297=CARTESIAN_POINT('Ctrl Pts',(146.181720450487,75.1293307102934,8.4350334832364));
#13298=CARTESIAN_POINT('Ctrl Pts',(145.934029244432,75.3647298172152,8.41134671249752));
#13299=CARTESIAN_POINT('Ctrl Pts',(145.813745228463,75.7341907450995,8.38765994175863));
#13300=CARTESIAN_POINT('Ctrl Pts',(145.875375149653,76.0702945438174,8.36397317101974));
#13301=CARTESIAN_POINT('Ctrl Pts',(145.937005070844,76.4063983425352,8.34028640028085));
#13302=CARTESIAN_POINT('Ctrl Pts',(146.180548929195,76.7091450120867,8.31659962954196));
#13303=CARTESIAN_POINT('Ctrl Pts',(146.495646368758,76.8413478239256,8.29291285880307));
#13304=CARTESIAN_POINT('Ctrl Pts',(146.810743808321,76.9735506357645,8.26922608806418));
#13305=CARTESIAN_POINT('Ctrl Pts',(147.197394829097,76.9352095898908,8.24553931732529));
#13306=CARTESIAN_POINT('Ctrl Pts',(147.480391993514,76.743698426658,8.2218525465864));
#13307=CARTESIAN_POINT('Ctrl Pts',(147.758732469779,76.5553385591872,8.19855553913329));
#13308=CARTESIAN_POINT('Ctrl Pts',(147.936802250302,76.2188078973621,8.17525853168018));
#13309=CARTESIAN_POINT('Ctrl Pts',(147.937279425827,75.8827118926868,8.15196152422707));
#13310=CARTESIAN_POINT('Ctrl Pts',(147.232990343143,77.128508703565,9.));
#13311=CARTESIAN_POINT('Ctrl Pts',(147.282077789721,77.1101041571033,9.));
#13312=CARTESIAN_POINT('Ctrl Pts',(147.329762788522,77.088526686316,9.));
#13313=CARTESIAN_POINT('Ctrl Pts',(147.375867665776,77.064047694639,9.));
#13314=CARTESIAN_POINT('Ctrl Pts',(147.422517381455,77.0392794256435,9.));
#13315=CARTESIAN_POINT('Ctrl Pts',(147.467550193346,77.0115397114143,9.));
#13316=CARTESIAN_POINT('Ctrl Pts',(147.510748846468,76.981066906063,9.));
#13317=CARTESIAN_POINT('Ctrl Pts',(147.541761587405,76.9591901772833,9.));
#13318=CARTESIAN_POINT('Ctrl Pts',(147.571828345793,76.935903895413,9.));
#13319=CARTESIAN_POINT('Ctrl Pts',(147.600854969024,76.9112870249093,9.));
#13320=CARTESIAN_POINT('Ctrl Pts',(147.612786613583,76.9011680473531,9.));
#13321=CARTESIAN_POINT('Ctrl Pts',(147.624542358204,76.890824171252,9.));
#13322=CARTESIAN_POINT('Ctrl Pts',(147.636115005094,76.8802606348161,9.));
#13323=CARTESIAN_POINT('Ctrl Pts',(147.644747343025,76.8723810185851,9.));
#13324=CARTESIAN_POINT('Ctrl Pts',(147.653279598836,76.8643772427986,9.));
#13325=CARTESIAN_POINT('Ctrl Pts',(147.661691856121,76.8562682164701,9.));
#13326=CARTESIAN_POINT('Ctrl Pts',(147.69880659803,76.8204913245921,9.));
#13327=CARTESIAN_POINT('Ctrl Pts',(147.733661692208,76.7826037542928,9.));
#13328=CARTESIAN_POINT('Ctrl Pts',(147.76605933714,76.7428340311082,9.));
#13329=CARTESIAN_POINT('Ctrl Pts',(147.797720853187,76.7039679428041,9.));
#13330=CARTESIAN_POINT('Ctrl Pts',(147.827035751336,76.6633032727608,9.));
#13331=CARTESIAN_POINT('Ctrl Pts',(147.853775459358,76.6210326362771,9.));
#13332=CARTESIAN_POINT('Ctrl Pts',(147.872016374621,76.592197052226,9.));
#13333=CARTESIAN_POINT('Ctrl Pts',(147.889058018612,76.5626137165711,9.));
#13334=CARTESIAN_POINT('Ctrl Pts',(147.904814151984,76.5323414687468,9.));
#13335=CARTESIAN_POINT('Ctrl Pts',(147.911039882247,76.5203799776267,9.));
#13336=CARTESIAN_POINT('Ctrl Pts',(147.917064777525,76.5083109205208,9.));
#13337=CARTESIAN_POINT('Ctrl Pts',(147.922882988767,76.4961379242127,9.));
#13338=CARTESIAN_POINT('Ctrl Pts',(147.926903461299,76.4877261984667,9.));
#13339=CARTESIAN_POINT('Ctrl Pts',(147.930823361033,76.4792685904039,9.));
#13340=CARTESIAN_POINT('Ctrl Pts',(147.934637340128,76.470774995368,9.));
#13341=CARTESIAN_POINT('Ctrl Pts',(147.95445278671,76.4266467045359,9.));
#13342=CARTESIAN_POINT('Ctrl Pts',(147.971446050303,76.3814793658667,9.));
#13343=CARTESIAN_POINT('Ctrl Pts',(147.985415246228,76.3354544149809,9.));
#13344=CARTESIAN_POINT('Ctrl Pts',(147.994408283778,76.3058246414591,9.));
#13345=CARTESIAN_POINT('Ctrl Pts',(148.002147057949,76.275839128904,9.));
#13346=CARTESIAN_POINT('Ctrl Pts',(148.008566249145,76.2455450350951,9.));
#13347=CARTESIAN_POINT('Ctrl Pts',(148.018029942321,76.2008830208189,9.));
#13348=CARTESIAN_POINT('Ctrl Pts',(148.024626830597,76.155549409437,9.));
#13349=CARTESIAN_POINT('Ctrl Pts',(148.028402220805,76.1098042179127,9.));
#13350=CARTESIAN_POINT('Ctrl Pts',(148.029740881112,76.0935841005769,9.));
#13351=CARTESIAN_POINT('Ctrl Pts',(148.030724482276,76.0773123515018,9.));
#13352=CARTESIAN_POINT('Ctrl Pts',(148.031353997172,76.0610010456666,9.));
#13353=CARTESIAN_POINT('Ctrl Pts',(148.031683303881,76.0524684081043,9.));
#13354=CARTESIAN_POINT('Ctrl Pts',(148.031915506732,76.0439285614766,9.));
#13355=CARTESIAN_POINT('Ctrl Pts',(148.032050990322,76.0353914611475,9.));
#13356=CARTESIAN_POINT('Ctrl Pts',(148.032816570928,75.987150648981,9.));
#13357=CARTESIAN_POINT('Ctrl Pts',(148.030501362289,75.9389181006632,9.));
#13358=CARTESIAN_POINT('Ctrl Pts',(148.025204419776,75.8909945860359,9.));
#13359=CARTESIAN_POINT('Ctrl Pts',(148.019926191392,75.8432403854731,9.));
#13360=CARTESIAN_POINT('Ctrl Pts',(148.011686732425,75.7957918662159,9.));
#13361=CARTESIAN_POINT('Ctrl Pts',(148.000536302952,75.7489649531699,9.));
#13362=CARTESIAN_POINT('Ctrl Pts',(147.994707805764,75.7244878214394,9.));
#13363=CARTESIAN_POINT('Ctrl Pts',(147.988083198515,75.7001809437781,9.));
#13364=CARTESIAN_POINT('Ctrl Pts',(147.980665160705,75.6760930549254,9.));
#13365=CARTESIAN_POINT('Ctrl Pts',(147.976542825504,75.662706987792,9.));
#13366=CARTESIAN_POINT('Ctrl Pts',(147.972175409369,75.6493886004972,9.));
#13367=CARTESIAN_POINT('Ctrl Pts',(147.967563002512,75.6361466893632,9.));
#13368=CARTESIAN_POINT('Ctrl Pts',(147.964292440585,75.62675712514,9.));
#13369=CARTESIAN_POINT('Ctrl Pts',(147.96089901903,75.6174072808507,9.));
#13370=CARTESIAN_POINT('Ctrl Pts',(147.957387457459,75.6081118061957,9.));
#13371=CARTESIAN_POINT('Ctrl Pts',(147.941038277384,75.5648337984035,9.));
#13372=CARTESIAN_POINT('Ctrl Pts',(147.922107506623,75.5226622682677,9.));
#13373=CARTESIAN_POINT('Ctrl Pts',(147.900636401777,75.4818938490828,9.));
#13374=CARTESIAN_POINT('Ctrl Pts',(147.88684924147,75.4557153764417,9.));
#13375=CARTESIAN_POINT('Ctrl Pts',(147.872013832352,75.4301160192746,9.));
#13376=CARTESIAN_POINT('Ctrl Pts',(147.856133583922,75.4051829271691,9.));
#13377=CARTESIAN_POINT('Ctrl Pts',(147.848519240601,75.3932278797271,9.));
#13378=CARTESIAN_POINT('Ctrl Pts',(147.840662406207,75.3814233310055,9.00000000000001));
#13379=CARTESIAN_POINT('Ctrl Pts',(147.832578322595,75.3698004487439,9.00000000000001));
#13380=CARTESIAN_POINT('Ctrl Pts',(147.807391169757,75.3335876476404,9.00000000000001));
#13381=CARTESIAN_POINT('Ctrl Pts',(147.779975082669,75.2990929986453,9.));
#13382=CARTESIAN_POINT('Ctrl Pts',(147.750352048935,75.2666017676092,9.));
#13383=CARTESIAN_POINT('Ctrl Pts',(147.73835397708,75.2534420038885,9.));
#13384=CARTESIAN_POINT('Ctrl Pts',(147.725993528821,75.2406113631453,9.));
#13385=CARTESIAN_POINT('Ctrl Pts',(147.71327088611,75.2281309154652,9.));
#13386=CARTESIAN_POINT('Ctrl Pts',(147.701087309714,75.2161792721457,9.));
#13387=CARTESIAN_POINT('Ctrl Pts',(147.688571548537,75.2045487962661,9.));
#13388=CARTESIAN_POINT('Ctrl Pts',(147.675739324518,75.1932462493803,9.));
#13389=CARTESIAN_POINT('Origin',(107.18821437642,12.44602489205,9.));
#13390=CARTESIAN_POINT('',(111.18821437642,12.44602489205,9.));
#13391=CARTESIAN_POINT('Origin',(107.18821437642,12.44602489205,9.));
#13392=CARTESIAN_POINT('Origin',(146.89781051562,75.882814325629,9.));
#13393=CARTESIAN_POINT('',(150.89781051562,75.882814325629,9.));
#13394=CARTESIAN_POINT('Origin',(146.89781051562,75.882814325629,9.));
#13395=CARTESIAN_POINT('Origin',(135.12827025654,12.44602489205,9.));
#13396=CARTESIAN_POINT('',(139.12827025654,12.44602489205,9.));
#13397=CARTESIAN_POINT('Origin',(135.12827025654,12.44602489205,9.));
#13398=CARTESIAN_POINT('Origin',(96.520193040386,76.200152400305,9.));
#13399=CARTESIAN_POINT('',(100.520193040386,76.200152400305,9.));
#13400=CARTESIAN_POINT('Origin',(96.520193040386,76.200152400305,9.));
#13401=CARTESIAN_POINT('Origin',(153.687345415775,80.4960770881804,13.));
#13402=CARTESIAN_POINT('',(153.718320328654,82.99588519177,18.));
#13403=CARTESIAN_POINT('',(153.718320328654,82.99588519177,13.));
#13404=CARTESIAN_POINT('',(153.687345415775,80.4960770881804,18.));
#13405=CARTESIAN_POINT('',(153.710481844661,82.3632859692086,18.));
#13406=CARTESIAN_POINT('',(153.687345415775,80.4960770881804,13.));
#13407=CARTESIAN_POINT('Origin',(153.718320328654,82.99588519177,13.));
#13408=CARTESIAN_POINT('',(151.218320328654,82.99588519177,18.));
#13409=CARTESIAN_POINT('',(151.218320328654,82.99588519177,13.));
#13410=CARTESIAN_POINT('',(120.937721251449,82.99588519177,18.));
#13411=CARTESIAN_POINT('Origin',(152.468320328654,81.7459811399752,18.));
#13412=CARTESIAN_POINT('Origin',(153.718320328654,82.99588519177,18.));
#13413=CARTESIAN_POINT('Origin',(89.407122174244,82.99588519177,10.));
#13414=CARTESIAN_POINT('',(91.907122174244,82.99588519177,7.));
#13415=CARTESIAN_POINT('',(91.907122174244,82.99588519177,13.));
#13416=CARTESIAN_POINT('',(151.218320328654,82.99588519177,7.));
#13417=CARTESIAN_POINT('',(121.457245882178,82.99588519177,7.));
#13418=CARTESIAN_POINT('',(151.218320328654,82.99588519177,13.));
#13419=CARTESIAN_POINT('Origin',(89.407122174244,4.421130302261,13.));
#13420=CARTESIAN_POINT('',(89.407122174244,1.921130302261,18.));
#13421=CARTESIAN_POINT('',(89.407122174244,1.921130302261,13.));
#13422=CARTESIAN_POINT('',(89.407122174244,4.421130302261,18.));
#13423=CARTESIAN_POINT('',(89.407122174244,2.546130302261,18.));
#13424=CARTESIAN_POINT('',(89.407122174244,4.421130302261,13.));
#13425=CARTESIAN_POINT('Origin',(89.407122174244,1.921130302261,13.));
#13426=CARTESIAN_POINT('',(91.907122174244,1.921130302261,18.));
#13427=CARTESIAN_POINT('',(91.907122174244,1.921130302261,13.));
#13428=CARTESIAN_POINT('',(122.187721253876,1.921130302261,18.));
#13429=CARTESIAN_POINT('Origin',(90.657122174244,3.171130302261,18.));
#13430=CARTESIAN_POINT('Origin',(89.407122174244,1.921130302261,18.));
#13431=CARTESIAN_POINT('Origin',(89.407122174244,1.921130302261,10.));
#13432=CARTESIAN_POINT('',(89.407122174244,4.421130302261,7.));
#13433=CARTESIAN_POINT('',(89.407122174244,4.421130302261,13.));
#13434=CARTESIAN_POINT('',(89.407122174244,19.1441768648043,7.));
#13435=CARTESIAN_POINT('',(89.407122174244,10.0307690310943,7.));
#13436=CARTESIAN_POINT('',(89.407122174244,19.1441768648043,10.));
#13437=CARTESIAN_POINT('Origin',(151.21827370383,1.921130302261,13.));
#13438=CARTESIAN_POINT('',(153.718320333507,1.921130302261,18.));
#13439=CARTESIAN_POINT('',(153.718320333507,1.921130302261,13.));
#13440=CARTESIAN_POINT('',(151.21827370383,1.921130302261,18.));
#13441=CARTESIAN_POINT('',(153.093308675171,1.921130302261,18.));
#13442=CARTESIAN_POINT('',(151.21827370383,1.921130302261,13.));
#13443=CARTESIAN_POINT('Origin',(153.718320333507,1.921130302261,13.));
#13444=CARTESIAN_POINT('',(153.687343729976,4.42107436213254,18.));
#13445=CARTESIAN_POINT('',(153.687343729976,4.42107436213254,13.));
#13446=CARTESIAN_POINT('',(153.605006051025,11.066076329205,18.));
#13447=CARTESIAN_POINT('Origin',(152.468297016836,3.17110233219677,18.));
#13448=CARTESIAN_POINT('Origin',(153.718273700164,1.9212657020659,18.));
#13449=CARTESIAN_POINT('Origin',(153.718320333507,1.921130302261,10.));
#13450=CARTESIAN_POINT('',(91.907122174244,1.921130302261,7.));
#13451=CARTESIAN_POINT('',(91.907122174244,1.921130302261,13.));
#13452=CARTESIAN_POINT('',(151.21827370383,1.921130302261,7.));
#13453=CARTESIAN_POINT('',(151.21827370383,1.921130302261,13.));
#13454=CARTESIAN_POINT('',(153.718320333507,1.921130302261,7.));
#13455=CARTESIAN_POINT('Origin',(91.907122174244,82.99588519177,13.));
#13456=CARTESIAN_POINT('',(89.407122174244,82.99588519177,18.));
#13457=CARTESIAN_POINT('',(89.407122174244,82.99588519177,13.));
#13458=CARTESIAN_POINT('',(91.907122174244,82.99588519177,18.));
#13459=CARTESIAN_POINT('',(90.032122174244,82.99588519177,18.));
#13460=CARTESIAN_POINT('',(91.907122174244,82.99588519177,13.));
#13461=CARTESIAN_POINT('Origin',(89.407122174244,82.99588519177,13.));
#13462=CARTESIAN_POINT('',(89.407122174244,80.49588519177,18.));
#13463=CARTESIAN_POINT('',(89.407122174244,80.49588519177,13.));
#13464=CARTESIAN_POINT('',(89.407122174244,73.7456212002027,18.));
#13465=CARTESIAN_POINT('Origin',(90.657122174244,81.74588519177,18.));
#13466=CARTESIAN_POINT('Origin',(89.407122174244,82.99588519177,18.));
#13467=CARTESIAN_POINT('Origin',(89.407122174244,65.7453572086355,10.));
#13468=CARTESIAN_POINT('',(89.407122174244,80.49588519177,7.));
#13469=CARTESIAN_POINT('',(89.407122174244,80.49588519177,13.));
#13470=CARTESIAN_POINT('',(89.407122174244,65.7453572086355,7.));
#13471=CARTESIAN_POINT('',(89.407122174244,65.7453572086355,10.));
#13472=CARTESIAN_POINT('',(89.407122174244,65.8583072555753,7.));
#13473=CARTESIAN_POINT('Origin',(153.718273700164,1.9212657020659,7.));
#13474=CARTESIAN_POINT('',(153.687343729976,4.42107436213254,7.));
#13475=CARTESIAN_POINT('',(153.687343729976,4.42107436213254,13.));
#13476=CARTESIAN_POINT('Origin',(153.718273700164,1.9212657020659,7.));
#13477=CARTESIAN_POINT('Origin',(153.507369585378,18.9457556515112,10.));
#13478=CARTESIAN_POINT('',(153.507369585378,18.9457556515112,7.));
#13479=CARTESIAN_POINT('',(153.507369585378,18.9457556515112,10.));
#13480=CARTESIAN_POINT('',(153.612844959443,10.4334429768861,7.));
#13481=CARTESIAN_POINT('Origin',(89.407122174244,82.99588519177,7.));
#13482=CARTESIAN_POINT('Origin',(89.407122174244,82.99588519177,7.));
#13483=CARTESIAN_POINT('Origin',(89.407122174244,1.921130302261,7.));
#13484=CARTESIAN_POINT('Origin',(89.407122174244,1.921130302261,7.));
#13485=CARTESIAN_POINT('Origin',(153.718320328654,82.99588519177,7.));
#13486=CARTESIAN_POINT('',(153.687345415775,80.4960770881804,7.));
#13487=CARTESIAN_POINT('Origin',(153.718320328654,82.99588519177,7.));
#13488=CARTESIAN_POINT('',(153.687345415775,80.4960770881804,13.));
#13489=CARTESIAN_POINT('Origin',(153.718320333507,1.921130302261,7.));
#13490=CARTESIAN_POINT('',(144.269326827706,18.9457556515102,7.));
#13491=CARTESIAN_POINT('',(116.390842860848,18.9457556515071,7.));
#13492=CARTESIAN_POINT('',(142.531028061061,18.9507229374653,7.));
#13493=CARTESIAN_POINT('Origin',(144.269315968689,323.102749124196,7.));
#13494=CARTESIAN_POINT('',(148.717042532903,26.7069849672634,6.99999999998636));
#13495=CARTESIAN_POINT('Origin',(120.03554058426,43.236983280311,7.));
#13496=CARTESIAN_POINT('',(152.4969162682,37.1632094579794,6.99999999998636));
#13497=CARTESIAN_POINT('Origin',(121.20138756033,42.565074061938,6.99999999998636));
#13498=CARTESIAN_POINT('Origin',(121.15198470652,42.573589398485,6.99999999998636));
#13499=CARTESIAN_POINT('',(146.955635754591,61.3481232816571,6.99999999998636));
#13500=CARTESIAN_POINT('Origin',(126.05593421311,45.948269655586,6.99999999998636));
#13501=CARTESIAN_POINT('',(144.902778105585,63.912648330236,6.99999999998636));
#13502=CARTESIAN_POINT('Origin',(113.89493756564,36.987510946396,6.99999999998636));
#13503=CARTESIAN_POINT('',(142.989513240056,65.964942016021,7.));
#13504=CARTESIAN_POINT('Origin',(114.89726596787,37.857777818059,7.));
#13505=CARTESIAN_POINT('',(144.719390388794,65.9712573025255,7.));
#13506=CARTESIAN_POINT('Origin',(144.719578306824,-171.006509313216,7.));
#13507=CARTESIAN_POINT('',(153.507369590112,65.971257302515,7.));
#13508=CARTESIAN_POINT('',(153.507369590112,65.971257302515,7.));
#13509=CARTESIAN_POINT('',(153.612844959383,74.4835712471425,7.));
#13510=CARTESIAN_POINT('',(98.5423505626602,65.8860067869531,7.));
#13511=CARTESIAN_POINT('',(126.019003039836,66.3090481626231,7.));
#13512=CARTESIAN_POINT('',(96.1210741936317,63.2778434692944,6.99999999998636));
#13513=CARTESIAN_POINT('Origin',(122.92930067149,40.818522269389,7.));
#13514=CARTESIAN_POINT('',(93.8920002037887,60.2896751576338,6.99999999998636));
#13515=CARTESIAN_POINT('Origin',(121.44991836988,42.057878096389,6.99999999998636));
#13516=CARTESIAN_POINT('',(92.0803692506481,57.1396834699754,6.99999999998636));
#13517=CARTESIAN_POINT('Origin',(118.13314848128,44.252095779733,6.99999999998636));
#13518=CARTESIAN_POINT('',(90.4806145516328,53.5057851429043,6.99999999998636));
#13519=CARTESIAN_POINT('Origin',(131.92206075202,37.431055758317,6.99999999998636));
#13520=CARTESIAN_POINT('',(89.4418739327312,50.1358841076551,6.99999999998636));
#13521=CARTESIAN_POINT('Origin',(113.64486890217,44.520577828487,6.99999999998636));
#13522=CARTESIAN_POINT('',(88.8856538271727,46.6354366290497,6.99999999998636));
#13523=CARTESIAN_POINT('Origin',(113.98639626576,44.441351164924,6.99999999998636));
#13524=CARTESIAN_POINT('',(88.7074135118901,42.611164135133,6.99999999998636));
#13525=CARTESIAN_POINT('Origin',(135.6428294901,42.548416400103,6.99999999998636));
#13526=CARTESIAN_POINT('',(89.0138467254328,37.7057470746331,6.99999999998636));
#13527=CARTESIAN_POINT('Origin',(127.29772210621,42.559556565628,6.99999999998636));
#13528=CARTESIAN_POINT('',(89.970091170409,33.2290713955954,6.99999999998636));
#13529=CARTESIAN_POINT('Origin',(115.97108736775,41.123505792532,6.99999999998636));
#13530=CARTESIAN_POINT('',(91.6743843951359,28.9365347110715,6.99999999998636));
#13531=CARTESIAN_POINT('Origin',(116.56736008921,41.304553207461,6.99999999998636));
#13532=CARTESIAN_POINT('',(94.1790314278225,24.5689860925143,6.99999999998636));
#13533=CARTESIAN_POINT('Origin',(129.54938990155,47.75467698853,6.99999999998636));
#13534=CARTESIAN_POINT('',(95.8138242794257,22.4032939857454,6.99999999998636));
#13535=CARTESIAN_POINT('Origin',(111.28935204508,35.785005568861,6.99999999998636));
#13536=CARTESIAN_POINT('',(98.0482848448142,19.9754566248821,7.));
#13537=CARTESIAN_POINT('Origin',(136.10519217741,57.243300125589,7.));
#13538=CARTESIAN_POINT('',(99.0073941466288,19.0205112441366,7.));
#13539=CARTESIAN_POINT('Origin',(136.26842322811,57.403130808338,7.));
#13540=CARTESIAN_POINT('',(98.0206423812532,19.0317433429871,7.));
#13541=CARTESIAN_POINT('Origin',(101.8750560914,314.296855754481,7.));
#13542=CARTESIAN_POINT('',(88.9663668034975,19.1499301082408,7.));
#13543=CARTESIAN_POINT('',(118.033031051577,59.3042236608464,6.99999999998636));
#13544=CARTESIAN_POINT('',(114.437274762573,58.259469317457,6.99999999998636));
#13545=CARTESIAN_POINT('Origin',(120.70570788013,43.395429326656,6.99999999998636));
#13546=CARTESIAN_POINT('',(122.010970259476,59.5116776653432,6.99999999998636));
#13547=CARTESIAN_POINT('Origin',(120.92521729067,42.088733929413,6.99999999998636));
#13548=CARTESIAN_POINT('',(125.747770480968,58.8023160912098,6.99999999998636));
#13549=CARTESIAN_POINT('Origin',(121.0649500937,44.331093282511,6.99999999998636));
#13550=CARTESIAN_POINT('',(129.221117138646,57.1782119740261,6.99999999998636));
#13551=CARTESIAN_POINT('Origin',(120.99174741364,44.104833235245,6.99999999998636));
#13552=CARTESIAN_POINT('',(132.411411435236,54.6413151972395,6.99999999998636));
#13553=CARTESIAN_POINT('Origin',(119.33076525254,41.466084836796,6.99999999998636));
#13554=CARTESIAN_POINT('',(134.579883735364,52.0523427130148,6.99999999998636));
#13555=CARTESIAN_POINT('Origin',(119.42847006273,41.564438456754,6.99999999998636));
#13556=CARTESIAN_POINT('',(136.046435435701,49.339349108944,6.99999999998636));
#13557=CARTESIAN_POINT('Origin',(123.02044999282,44.0508268708,6.99999999998636));
#13558=CARTESIAN_POINT('',(136.901011674194,46.3345722867649,6.99999999998636));
#13559=CARTESIAN_POINT('Origin',(122.69081804725,43.917021134551,6.99999999998636));
#13560=CARTESIAN_POINT('',(137.188264364818,42.8477457483478,6.99999999998636));
#13561=CARTESIAN_POINT('Origin',(116.89682614062,42.931336508817,6.99999999998636));
#13562=CARTESIAN_POINT('',(136.882793135598,39.56005609864,6.99999999998636));
#13563=CARTESIAN_POINT('Origin',(118.51550032464,42.924664271354,6.99999999998636));
#13564=CARTESIAN_POINT('',(136.030949406068,36.6972884377102,6.99999999998636));
#13565=CARTESIAN_POINT('Origin',(123.25996623884,42.055536803593,6.99999999998636));
#13566=CARTESIAN_POINT('',(134.572199835741,34.0534003184984,6.99999999998636));
#13567=CARTESIAN_POINT('Origin',(122.98552294993,42.170652754691,6.99999999998636));
#13568=CARTESIAN_POINT('',(132.393321969295,31.4410731893776,6.99999999998636));
#13569=CARTESIAN_POINT('Origin',(117.98210328,45.675954383723,6.99999999998636));
#13570=CARTESIAN_POINT('',(129.945801827755,29.3279016994626,6.99999999998636));
#13571=CARTESIAN_POINT('Origin',(117.87975926541,45.777019369538,6.99999999998636));
#13572=CARTESIAN_POINT('',(127.588221144762,27.9739860878743,6.99999999998636));
#13573=CARTESIAN_POINT('Origin',(122.72565603069,39.170789295557,6.99999999998636));
#13574=CARTESIAN_POINT('',(124.947773927193,27.1574595825495,6.99999999998636));
#13575=CARTESIAN_POINT('Origin',(122.56454620181,39.541779591411,6.99999999998636));
#13576=CARTESIAN_POINT('',(121.601400192842,26.7661742272066,6.99999999998636));
#13577=CARTESIAN_POINT('Origin',(120.62541470848,49.618225211485,6.99999999998636));
#13578=CARTESIAN_POINT('',(118.162468602692,26.8710204983201,6.99999999998636));
#13579=CARTESIAN_POINT('Origin',(120.59717759422,50.278396140631,6.99999999998636));
#13580=CARTESIAN_POINT('',(115.335907729962,27.4686779640333,6.99999999998636));
#13581=CARTESIAN_POINT('Origin',(119.59202119504,40.614742113211,6.99999999998636));
#13582=CARTESIAN_POINT('',(112.790503511076,28.609855668011,6.99999999998636));
#13583=CARTESIAN_POINT('Origin',(119.30844568934,39.738808573363,6.99999999998636));
#13584=CARTESIAN_POINT('',(110.228277087231,30.4230707409763,6.99999999998636));
#13585=CARTESIAN_POINT('Origin',(122.02081175623,44.369991730171,6.99999999998636));
#13586=CARTESIAN_POINT('',(107.640323116454,33.0961106757432,6.99999999998636));
#13587=CARTESIAN_POINT('Origin',(122.29853382789,44.698425361671,6.99999999998636));
#13588=CARTESIAN_POINT('',(105.845321666449,36.0117919051315,6.99999999998636));
#13589=CARTESIAN_POINT('Origin',(119.07018086415,42.14313014515,6.99999999998636));
#13590=CARTESIAN_POINT('',(104.777293218242,39.2715579480887,6.99999999998636));
#13591=CARTESIAN_POINT('Origin',(119.11772087846,42.165202726795,6.99999999998636));
#13592=CARTESIAN_POINT('',(104.402784110488,42.9925239142413,6.99999999998636));
#13593=CARTESIAN_POINT('Origin',(123.35962810617,43.021169253953,6.99999999998636));
#13594=CARTESIAN_POINT('',(104.509399682562,45.2125562282595,6.99999999998636));
#13595=CARTESIAN_POINT('Origin',(126.86424572552,43.026403420192,6.99999999998636));
#13596=CARTESIAN_POINT('',(104.823289039896,47.0973750561512,6.99999999998636));
#13597=CARTESIAN_POINT('Origin',(118.5988675916,43.834705096116,6.99999999998636));
#13598=CARTESIAN_POINT('',(105.376323323987,48.8737288097545,6.99999999998636));
#13599=CARTESIAN_POINT('Origin',(117.90313081379,43.999477955666,6.99999999998636));
#13600=CARTESIAN_POINT('',(106.232207694025,50.7525524067117,6.99999999998636));
#13601=CARTESIAN_POINT('Origin',(122.45074817301,42.229956986661,6.99999999998636));
#13602=CARTESIAN_POINT('',(108.349304995106,53.8480697947872,6.99999999998636));
#13603=CARTESIAN_POINT('Origin',(120.57040176457,43.218048605211,6.99999999998636));
#13604=CARTESIAN_POINT('',(111.14159337523,56.4027062565779,6.99999999998636));
#13605=CARTESIAN_POINT('Origin',(120.90808745078,42.924315353774,6.99999999998636));
#13606=CARTESIAN_POINT('Origin',(120.89922160625,42.936533950144,6.99999999998636));
#13607=CARTESIAN_POINT('',(150.89781051562,75.882814325629,7.));
#13608=CARTESIAN_POINT('Origin',(146.89781051562,75.882814325629,7.));
#13609=CARTESIAN_POINT('',(139.12827025654,12.44602489205,7.));
#13610=CARTESIAN_POINT('Origin',(135.12827025654,12.44602489205,7.));
#13611=CARTESIAN_POINT('',(111.18821437642,12.44602489205,7.));
#13612=CARTESIAN_POINT('Origin',(107.18821437642,12.44602489205,7.));
#13613=CARTESIAN_POINT('',(100.520193040386,76.200152400305,7.));
#13614=CARTESIAN_POINT('Origin',(96.520193040386,76.200152400305,7.));
#13615=CARTESIAN_POINT('Origin',(121.44991836988,42.057878096389,17.));
#13616=CARTESIAN_POINT('',(93.3081983265139,60.6759074298358,17.));
#13617=CARTESIAN_POINT('',(95.5844938427707,63.7273782589046,17.));
#13618=CARTESIAN_POINT('Origin',(121.44991836988,42.057878096389,17.));
#13619=CARTESIAN_POINT('',(93.3081983265139,60.6759074298358,17.));
#13620=CARTESIAN_POINT('',(95.5844938427707,63.7273782589046,17.));
#13621=CARTESIAN_POINT('Origin',(118.13314848128,44.252095779733,17.));
#13622=CARTESIAN_POINT('',(91.4529388185086,57.4500559120916,17.));
#13623=CARTESIAN_POINT('Origin',(118.13314848128,44.252095779733,17.));
#13624=CARTESIAN_POINT('',(91.4529388185086,57.4500559120916,17.));
#13625=CARTESIAN_POINT('Origin',(131.92206075202,37.431055758317,17.));
#13626=CARTESIAN_POINT('',(89.8279913512735,53.7589312634608,17.));
#13627=CARTESIAN_POINT('Origin',(131.92206075202,37.431055758317,17.));
#13628=CARTESIAN_POINT('',(89.8279913512735,53.7589312634608,17.));
#13629=CARTESIAN_POINT('Origin',(113.64486890217,44.520577828487,17.));
#13630=CARTESIAN_POINT('',(88.7599857529965,50.2940881225793,17.));
#13631=CARTESIAN_POINT('Origin',(113.64486890217,44.520577828487,17.));
#13632=CARTESIAN_POINT('',(88.7599857529965,50.2940881225793,17.));
#13633=CARTESIAN_POINT('Origin',(113.98639626576,44.441351164924,17.));
#13634=CARTESIAN_POINT('',(88.1883128491251,46.6963920253778,17.));
#13635=CARTESIAN_POINT('Origin',(113.98639626576,44.441351164924,17.));
#13636=CARTESIAN_POINT('',(88.1883128491251,46.6963920253778,17.));
#13637=CARTESIAN_POINT('Origin',(135.6428294901,42.548416400103,17.));
#13638=CARTESIAN_POINT('',(88.0074141374404,42.6120999609769,17.));
#13639=CARTESIAN_POINT('Origin',(135.6428294901,42.548416400103,17.));
#13640=CARTESIAN_POINT('',(88.0074141374404,42.6120999609769,17.));
#13641=CARTESIAN_POINT('Origin',(127.29772210621,42.559556565628,17.));
#13642=CARTESIAN_POINT('',(88.3194058209928,37.6177025958706,17.));
#13643=CARTESIAN_POINT('Origin',(127.29772210621,42.559556565628,17.));
#13644=CARTESIAN_POINT('',(88.3194058209928,37.6177025958706,17.));
#13645=CARTESIAN_POINT('Origin',(115.97108736775,41.123505792532,17.));
#13646=CARTESIAN_POINT('',(89.3002838957552,33.0257042034996,17.));
#13647=CARTESIAN_POINT('Origin',(115.97108736775,41.123505792532,17.));
#13648=CARTESIAN_POINT('',(89.3002838957552,33.0257042034996,17.));
#13649=CARTESIAN_POINT('Origin',(116.56736008921,41.304553207461,17.));
#13650=CARTESIAN_POINT('',(91.0474969101667,28.6250670864476,17.));
#13651=CARTESIAN_POINT('Origin',(116.56736008921,41.304553207461,17.));
#13652=CARTESIAN_POINT('',(91.0474969101667,28.6250670864476,17.));
#13653=CARTESIAN_POINT('Origin',(129.54938990155,47.75467698853,17.));
#13654=CARTESIAN_POINT('',(93.5935997593837,24.1852286670631,17.));
#13655=CARTESIAN_POINT('Origin',(129.54938990155,47.75467698853,17.));
#13656=CARTESIAN_POINT('',(93.5935997593837,24.1852286670631,17.));
#13657=CARTESIAN_POINT('Origin',(111.28935204508,35.785005568861,17.));
#13658=CARTESIAN_POINT('',(95.2843272539822,21.9454371303347,17.));
#13659=CARTESIAN_POINT('Origin',(111.28935204508,35.785005568861,17.));
#13660=CARTESIAN_POINT('',(95.2843272539822,21.9454371303347,17.));
#13661=CARTESIAN_POINT('Origin',(136.10519217741,57.243300125589,17.));
#13662=CARTESIAN_POINT('',(97.2995770264063,19.7412151451434,17.));
#13663=CARTESIAN_POINT('Origin',(136.10519217741,57.243300125589,17.));
#13664=CARTESIAN_POINT('',(97.2995770264063,19.7412151451434,17.));
#13665=CARTESIAN_POINT('Origin',(88.707122174244,19.853373697845,17.));
#13666=CARTESIAN_POINT('',(88.707122174244,19.853373697845,17.));
#13667=CARTESIAN_POINT('',(104.817499225889,19.6430826221655,17.));
#13668=CARTESIAN_POINT('',(88.707122174244,19.853373697845,17.));
#13669=CARTESIAN_POINT('Origin',(88.707122174244,1.221130302261,17.));
#13670=CARTESIAN_POINT('',(88.707122174244,1.221130302261,17.));
#13671=CARTESIAN_POINT('',(88.707122174244,21.8398190246383,17.));
#13672=CARTESIAN_POINT('',(88.707122174244,1.221130302261,17.));
#13673=CARTESIAN_POINT('Origin',(154.427047711719,1.221130302261,17.));
#13674=CARTESIAN_POINT('',(154.427047711719,1.221130302261,17.));
#13675=CARTESIAN_POINT('',(137.827740992212,1.221130302261,17.));
#13676=CARTESIAN_POINT('',(154.427047711719,1.221130302261,17.));
#13677=CARTESIAN_POINT('Origin',(154.198749677448,19.6457556515113,17.));
#13678=CARTESIAN_POINT('',(154.198749677448,19.6457556515113,17.));
#13679=CARTESIAN_POINT('',(154.05490523816,31.2546155829052,17.));
#13680=CARTESIAN_POINT('',(154.198749677448,19.6457556515113,17.));
#13681=CARTESIAN_POINT('Origin',(144.269326827702,19.6457556515102,17.));
#13682=CARTESIAN_POINT('',(144.269326827652,19.6457556515101,17.));
#13683=CARTESIAN_POINT('',(132.748880550205,19.6457556515088,17.));
#13684=CARTESIAN_POINT('',(144.269326827652,19.6457556515101,17.));
#13685=CARTESIAN_POINT('Origin',(144.269315968684,323.102749123602,17.));
#13686=CARTESIAN_POINT('',(144.246259367323,19.6457565274279,17.));
#13687=CARTESIAN_POINT('Origin',(144.269315968684,323.102749123602,17.));
#13688=CARTESIAN_POINT('',(144.246259367323,19.6457565274279,17.));
#13689=CARTESIAN_POINT('Origin',(120.03554058426,43.236983280311,17.));
#13690=CARTESIAN_POINT('',(149.323528183951,26.3574493395038,17.));
#13691=CARTESIAN_POINT('Origin',(120.03554058426,43.236983280311,17.));
#13692=CARTESIAN_POINT('',(149.323528183951,26.3574493395038,17.));
#13693=CARTESIAN_POINT('Origin',(121.20138756033,42.565074061938,17.));
#13694=CARTESIAN_POINT('',(153.186715884406,37.0441443939125,17.));
#13695=CARTESIAN_POINT('Origin',(121.20138756033,42.565074061938,17.));
#13696=CARTESIAN_POINT('',(153.186715884406,37.0441443939125,17.));
#13697=CARTESIAN_POINT('Origin',(121.15198470652,42.573589398485,17.));
#13698=CARTESIAN_POINT('',(153.131387830887,48.4145259250283,17.));
#13699=CARTESIAN_POINT('Origin',(121.15198470652,42.573589398485,17.));
#13700=CARTESIAN_POINT('',(153.131387830887,48.4145259250283,17.));
#13701=CARTESIAN_POINT('Origin',(119.69057792135,42.306664610471,17.));
#13702=CARTESIAN_POINT('',(149.197169229362,59.1872690613074,17.));
#13703=CARTESIAN_POINT('Origin',(119.69057792135,42.306664610471,17.));
#13704=CARTESIAN_POINT('',(149.197169229362,59.1872690613074,17.));
#13705=CARTESIAN_POINT('Origin',(126.05593421311,45.948269655586,17.));
#13706=CARTESIAN_POINT('',(147.519173893736,61.763363893506,17.));
#13707=CARTESIAN_POINT('Origin',(126.05593421311,45.948269655586,17.));
#13708=CARTESIAN_POINT('',(147.519173893736,61.763363893506,17.));
#13709=CARTESIAN_POINT('Origin',(113.89493756564,36.987510946396,17.));
#13710=CARTESIAN_POINT('',(145.431324275883,64.3716025173434,17.));
#13711=CARTESIAN_POINT('Origin',(113.89493756564,36.987510946396,17.));
#13712=CARTESIAN_POINT('',(145.431324275883,64.3716025173434,17.));
#13713=CARTESIAN_POINT('Origin',(114.89726596787,37.857777818059,17.));
#13714=CARTESIAN_POINT('',(144.626271494481,65.2712388790266,17.));
#13715=CARTESIAN_POINT('Origin',(114.89726596787,37.857777818059,17.));
#13716=CARTESIAN_POINT('',(144.626271494481,65.2712388790266,17.));
#13717=CARTESIAN_POINT('Origin',(144.719578306841,-171.006509318304,17.));
#13718=CARTESIAN_POINT('',(144.719390943878,65.2712573025258,17.));
#13719=CARTESIAN_POINT('Origin',(144.719578306841,-171.006509318304,17.));
#13720=CARTESIAN_POINT('',(144.719390943878,65.2712573025258,17.));
#13721=CARTESIAN_POINT('Origin',(154.198749683849,65.2712573025142,17.));
#13722=CARTESIAN_POINT('',(154.198749683849,65.2712573025142,17.));
#13723=CARTESIAN_POINT('',(137.713591978291,65.2712573025343,17.));
#13724=CARTESIAN_POINT('',(154.198749683849,65.2712573025142,17.));
#13725=CARTESIAN_POINT('Origin',(154.427047705156,83.69588519177,17.));
#13726=CARTESIAN_POINT('',(154.16905429943,62.8747126245757,17.));
#13727=CARTESIAN_POINT('Origin',(88.707122174244,65.0344967704045,17.));
#13728=CARTESIAN_POINT('',(88.707122174244,65.0344967704045,17.));
#13729=CARTESIAN_POINT('',(88.707122174244,53.74650225871,17.));
#13730=CARTESIAN_POINT('',(88.707122174244,65.0344967704045,17.));
#13731=CARTESIAN_POINT('Origin',(96.8514954803927,65.1598907531763,17.));
#13732=CARTESIAN_POINT('',(96.8514954803927,65.1598907531763,17.));
#13733=CARTESIAN_POINT('',(108.862357992119,65.3448147283253,17.));
#13734=CARTESIAN_POINT('',(96.8514954803927,65.1598907531763,17.));
#13735=CARTESIAN_POINT('Origin',(122.92930067149,40.818522269389,17.));
#13736=CARTESIAN_POINT('Origin',(122.92930067149,40.818522269389,17.));
#13737=CARTESIAN_POINT('Origin',(121.217213357861,42.4585077470155,15.6));
#13738=CARTESIAN_POINT('',(124.947773927193,27.1574595825495,15.6));
#13739=CARTESIAN_POINT('',(121.601400192842,26.7661742272066,15.6));
#13740=CARTESIAN_POINT('Origin',(120.62541470848,49.618225211485,15.6));
#13741=CARTESIAN_POINT('',(127.588221144762,27.9739860878743,15.6));
#13742=CARTESIAN_POINT('Origin',(122.56454620181,39.541779591411,15.6));
#13743=CARTESIAN_POINT('',(129.945801827755,29.3279016994626,15.6));
#13744=CARTESIAN_POINT('Origin',(122.72565603069,39.170789295557,15.6));
#13745=CARTESIAN_POINT('',(132.393321969295,31.4410731893776,15.6));
#13746=CARTESIAN_POINT('Origin',(117.87975926541,45.777019369538,15.6));
#13747=CARTESIAN_POINT('',(134.572199835741,34.0534003184984,15.6));
#13748=CARTESIAN_POINT('Origin',(117.98210328,45.675954383723,15.6));
#13749=CARTESIAN_POINT('',(136.030949406068,36.6972884377102,15.6));
#13750=CARTESIAN_POINT('Origin',(122.98552294993,42.170652754691,15.6));
#13751=CARTESIAN_POINT('',(136.882793135598,39.56005609864,15.6));
#13752=CARTESIAN_POINT('Origin',(123.25996623884,42.055536803593,15.6));
#13753=CARTESIAN_POINT('',(137.188264364818,42.8477457483478,15.6));
#13754=CARTESIAN_POINT('Origin',(118.51550032464,42.924664271354,15.6));
#13755=CARTESIAN_POINT('',(136.901011674194,46.3345722867649,15.6));
#13756=CARTESIAN_POINT('Origin',(116.89682614062,42.931336508817,15.6));
#13757=CARTESIAN_POINT('',(136.046435435701,49.339349108944,15.6));
#13758=CARTESIAN_POINT('Origin',(122.69081804725,43.917021134551,15.6));
#13759=CARTESIAN_POINT('',(134.579883735364,52.0523427130148,15.6));
#13760=CARTESIAN_POINT('Origin',(123.02044999282,44.0508268708,15.6));
#13761=CARTESIAN_POINT('',(132.411411435236,54.6413151972395,15.6));
#13762=CARTESIAN_POINT('Origin',(119.42847006273,41.564438456754,15.6));
#13763=CARTESIAN_POINT('',(129.221117138646,57.1782119740261,15.6));
#13764=CARTESIAN_POINT('Origin',(119.33076525254,41.466084836796,15.6));
#13765=CARTESIAN_POINT('',(125.747770480968,58.8023160912098,15.6));
#13766=CARTESIAN_POINT('Origin',(120.99174741364,44.104833235245,15.6));
#13767=CARTESIAN_POINT('',(122.010970259476,59.5116776653432,15.6));
#13768=CARTESIAN_POINT('Origin',(121.0649500937,44.331093282511,15.6));
#13769=CARTESIAN_POINT('',(118.033031051577,59.3042236608464,15.6));
#13770=CARTESIAN_POINT('Origin',(120.92521729067,42.088733929413,15.6));
#13771=CARTESIAN_POINT('',(114.437274762573,58.259469317457,15.6));
#13772=CARTESIAN_POINT('Origin',(120.70570788013,43.395429326656,15.6));
#13773=CARTESIAN_POINT('',(111.14159337523,56.4027062565779,15.6));
#13774=CARTESIAN_POINT('Origin',(120.89922160625,42.936533950144,15.6));
#13775=CARTESIAN_POINT('',(108.349304995106,53.8480697947872,15.6));
#13776=CARTESIAN_POINT('Origin',(120.90808745078,42.924315353774,15.6));
#13777=CARTESIAN_POINT('',(106.232207694025,50.7525524067117,15.6));
#13778=CARTESIAN_POINT('Origin',(120.57040176457,43.218048605211,15.6));
#13779=CARTESIAN_POINT('',(105.376323323987,48.8737288097545,15.6));
#13780=CARTESIAN_POINT('Origin',(122.45074817301,42.229956986661,15.6));
#13781=CARTESIAN_POINT('',(104.823289039896,47.0973750561512,15.6));
#13782=CARTESIAN_POINT('Origin',(117.90313081379,43.999477955666,15.6));
#13783=CARTESIAN_POINT('',(104.509399682562,45.2125562282595,15.6));
#13784=CARTESIAN_POINT('Origin',(118.5988675916,43.834705096116,15.6));
#13785=CARTESIAN_POINT('',(104.402784110488,42.9925239142413,15.6));
#13786=CARTESIAN_POINT('Origin',(126.86424572552,43.026403420192,15.6));
#13787=CARTESIAN_POINT('',(104.777293218242,39.2715579480887,15.6));
#13788=CARTESIAN_POINT('Origin',(123.35962810617,43.021169253953,15.6));
#13789=CARTESIAN_POINT('',(105.845321666449,36.0117919051315,15.6));
#13790=CARTESIAN_POINT('Origin',(119.11772087846,42.165202726795,15.6));
#13791=CARTESIAN_POINT('',(107.640323116454,33.0961106757432,15.6));
#13792=CARTESIAN_POINT('Origin',(119.07018086415,42.14313014515,15.6));
#13793=CARTESIAN_POINT('',(110.228277087231,30.4230707409763,15.6));
#13794=CARTESIAN_POINT('Origin',(122.29853382789,44.698425361671,15.6));
#13795=CARTESIAN_POINT('',(112.790503511076,28.609855668011,15.6));
#13796=CARTESIAN_POINT('Origin',(122.02081175623,44.369991730171,15.6));
#13797=CARTESIAN_POINT('',(115.335907729962,27.4686779640333,15.6));
#13798=CARTESIAN_POINT('Origin',(119.30844568934,39.738808573363,15.6));
#13799=CARTESIAN_POINT('',(118.162468602692,26.8710204983201,15.6));
#13800=CARTESIAN_POINT('Origin',(119.59202119504,40.614742113211,15.6));
#13801=CARTESIAN_POINT('Origin',(120.59717759422,50.278396140631,15.6));
#13802=CARTESIAN_POINT('',(132.524670229862,35.4878418520072,15.6));
#13803=CARTESIAN_POINT('',(133.725633750655,37.6645111260708,15.6));
#13804=CARTESIAN_POINT('Origin',(122.98552294993,42.170652754691,15.6));
#13805=CARTESIAN_POINT('',(130.614705190383,33.1979233121101,15.6));
#13806=CARTESIAN_POINT('Origin',(117.98210328,45.675954383723,15.6));
#13807=CARTESIAN_POINT('',(128.467122565583,31.3437160856688,15.6));
#13808=CARTESIAN_POINT('Origin',(117.87975926541,45.777019369538,15.6));
#13809=CARTESIAN_POINT('',(126.592372988475,30.2670814739447,15.6));
#13810=CARTESIAN_POINT('Origin',(122.72565603069,39.170789295557,15.6));
#13811=CARTESIAN_POINT('',(124.475341221886,29.6124152519937,15.6));
#13812=CARTESIAN_POINT('Origin',(122.56454620181,39.541779591411,15.6));
#13813=CARTESIAN_POINT('',(121.494720792044,29.2638970912264,15.6));
#13814=CARTESIAN_POINT('Origin',(120.62541470848,49.618225211485,15.6));
#13815=CARTESIAN_POINT('',(118.421110617168,29.3576053668387,15.6));
#13816=CARTESIAN_POINT('Origin',(120.59717759422,50.278396140631,15.6));
#13817=CARTESIAN_POINT('',(116.105947967725,29.847130829284,15.6));
#13818=CARTESIAN_POINT('Origin',(119.59202119504,40.614742113211,15.6));
#13819=CARTESIAN_POINT('',(114.053947225556,30.7671015928738,15.6));
#13820=CARTESIAN_POINT('Origin',(119.30844568934,39.738808573363,15.6));
#13821=CARTESIAN_POINT('',(111.842439803903,32.3321225276196,15.6));
#13822=CARTESIAN_POINT('Origin',(122.02081175623,44.369991730171,15.6));
#13823=CARTESIAN_POINT('',(109.600572706716,34.6476974583153,15.6));
#13824=CARTESIAN_POINT('Origin',(122.29853382789,44.698425361671,15.6));
#13825=CARTESIAN_POINT('',(108.113416472399,37.0633364601555,15.6));
#13826=CARTESIAN_POINT('Origin',(119.07018086415,42.14313014515,15.6));
#13827=CARTESIAN_POINT('',(107.22790072404,39.766050468291,15.6));
#13828=CARTESIAN_POINT('Origin',(119.11772087846,42.165202726795,15.6));
#13829=CARTESIAN_POINT('',(106.902781266631,42.9962947582754,15.6));
#13830=CARTESIAN_POINT('Origin',(123.35962810617,43.021169253953,15.6));
#13831=CARTESIAN_POINT('',(106.997530413527,44.9692344955501,15.6));
#13832=CARTESIAN_POINT('Origin',(126.86424572552,43.026403420192,15.6));
#13833=CARTESIAN_POINT('',(107.255988096955,46.5212020805532,15.6));
#13834=CARTESIAN_POINT('Origin',(118.5988675916,43.834705096116,15.6));
#13835=CARTESIAN_POINT('',(107.706163597843,47.9671725245139,15.6));
#13836=CARTESIAN_POINT('Origin',(117.90313081379,43.999477955666,15.6));
#13837=CARTESIAN_POINT('',(108.445260682147,49.5896265828675,15.6));
#13838=CARTESIAN_POINT('Origin',(122.45074817301,42.229956986661,15.6));
#13839=CARTESIAN_POINT('',(110.235590163301,52.2073601116781,15.6));
#13840=CARTESIAN_POINT('Origin',(120.57040176457,43.218048605211,15.6));
#13841=CARTESIAN_POINT('',(112.608485399079,54.3782982467217,15.6));
#13842=CARTESIAN_POINT('Origin',(120.90808745078,42.924315353774,15.6));
#13843=CARTESIAN_POINT('',(115.408718990499,55.9559294085292,15.6));
#13844=CARTESIAN_POINT('Origin',(120.89922160625,42.936533950144,15.6));
#13845=CARTESIAN_POINT('',(118.447224361861,56.8387736204441,15.6));
#13846=CARTESIAN_POINT('Origin',(120.70570788013,43.395429326656,15.6));
#13847=CARTESIAN_POINT('',(121.855477470421,57.0165179525113,15.6));
#13848=CARTESIAN_POINT('Origin',(120.92521729067,42.088733929413,15.6));
#13849=CARTESIAN_POINT('',(124.97807984838,56.4237500673027,15.6));
#13850=CARTESIAN_POINT('Origin',(121.0649500937,44.331093282511,15.6));
#13851=CARTESIAN_POINT('',(127.88932204558,55.0624799895663,15.6));
#13852=CARTESIAN_POINT('Origin',(120.99174741364,44.104833235245,15.6));
#13853=CARTESIAN_POINT('',(130.650028027992,52.8671876672448,15.6));
#13854=CARTESIAN_POINT('Origin',(119.33076525254,41.466084836796,15.6));
#13855=CARTESIAN_POINT('',(132.524305968709,50.6294583026599,15.6));
#13856=CARTESIAN_POINT('Origin',(119.42847006273,41.564438456754,15.6));
#13857=CARTESIAN_POINT('',(133.730063931511,48.3989114158788,15.6));
#13858=CARTESIAN_POINT('Origin',(123.02044999282,44.0508268708,15.6));
#13859=CARTESIAN_POINT('',(134.436423460225,45.9152812952067,15.6));
#13860=CARTESIAN_POINT('Origin',(122.69081804725,43.917021134551,15.6));
#13861=CARTESIAN_POINT('',(134.688285575233,42.8580438850151,15.6));
#13862=CARTESIAN_POINT('Origin',(116.89682614062,42.931336508817,15.6));
#13863=CARTESIAN_POINT('',(134.423711529969,40.0105199227243,15.6));
#13864=CARTESIAN_POINT('Origin',(118.51550032464,42.924664271354,15.6));
#13865=CARTESIAN_POINT('Origin',(123.25996623884,42.055536803593,15.6));
#13866=CARTESIAN_POINT('Origin',(117.90313081379,43.999477955666,10.0900431800864));
#13867=CARTESIAN_POINT('',(107.255988096955,46.5212020805532,4.5));
#13868=CARTESIAN_POINT('',(107.255988096955,46.5212020805532,10.0900431800864));
#13869=CARTESIAN_POINT('',(107.706163597843,47.9671725245139,4.5));
#13870=CARTESIAN_POINT('Origin',(117.90313081379,43.999477955666,4.5));
#13871=CARTESIAN_POINT('',(107.706163597843,47.9671725245139,10.0900431800864));
#13872=CARTESIAN_POINT('Origin',(122.45074817301,42.229956986661,10.0900431800864));
#13873=CARTESIAN_POINT('',(108.445260682147,49.5896265828675,4.5));
#13874=CARTESIAN_POINT('Origin',(122.45074817301,42.229956986661,4.5));
#13875=CARTESIAN_POINT('',(108.445260682147,49.5896265828675,10.0900431800864));
#13876=CARTESIAN_POINT('Origin',(118.5988675916,43.834705096116,10.0900431800864));
#13877=CARTESIAN_POINT('',(106.997530413527,44.9692344955501,4.5));
#13878=CARTESIAN_POINT('',(106.997530413527,44.9692344955501,10.0900431800864));
#13879=CARTESIAN_POINT('Origin',(118.5988675916,43.834705096116,4.5));
#13880=CARTESIAN_POINT('Origin',(120.57040176457,43.218048605211,10.0900431800864));
#13881=CARTESIAN_POINT('',(110.235590163301,52.2073601116781,4.5));
#13882=CARTESIAN_POINT('Origin',(120.57040176457,43.218048605211,4.5));
#13883=CARTESIAN_POINT('',(110.235590163301,52.2073601116781,10.0900431800864));
#13884=CARTESIAN_POINT('Origin',(126.86424572552,43.026403420192,10.0900431800864));
#13885=CARTESIAN_POINT('',(106.902781266631,42.9962947582754,4.5));
#13886=CARTESIAN_POINT('',(106.902781266631,42.9962947582754,10.0900431800864));
#13887=CARTESIAN_POINT('Origin',(126.86424572552,43.026403420192,4.5));
#13888=CARTESIAN_POINT('Origin',(120.90808745078,42.924315353774,10.0900431800864));
#13889=CARTESIAN_POINT('',(112.608485399079,54.3782982467217,4.5));
#13890=CARTESIAN_POINT('Origin',(120.90808745078,42.924315353774,4.5));
#13891=CARTESIAN_POINT('',(112.608485399079,54.3782982467217,10.0900431800864));
#13892=CARTESIAN_POINT('Origin',(123.35962810617,43.021169253953,10.0900431800864));
#13893=CARTESIAN_POINT('',(107.22790072404,39.766050468291,4.5));
#13894=CARTESIAN_POINT('',(107.22790072404,39.766050468291,10.0900431800864));
#13895=CARTESIAN_POINT('Origin',(123.35962810617,43.021169253953,4.5));
#13896=CARTESIAN_POINT('Origin',(120.89922160625,42.936533950144,10.0900431800864));
#13897=CARTESIAN_POINT('',(115.408718990499,55.9559294085292,4.5));
#13898=CARTESIAN_POINT('Origin',(120.89922160625,42.936533950144,4.5));
#13899=CARTESIAN_POINT('',(115.408718990499,55.9559294085292,10.0900431800864));
#13900=CARTESIAN_POINT('Origin',(119.11772087846,42.165202726795,10.0900431800864));
#13901=CARTESIAN_POINT('',(108.113416472399,37.0633364601555,4.5));
#13902=CARTESIAN_POINT('',(108.113416472399,37.0633364601555,10.0900431800864));
#13903=CARTESIAN_POINT('Origin',(119.11772087846,42.165202726795,4.5));
#13904=CARTESIAN_POINT('Origin',(120.70570788013,43.395429326656,10.0900431800864));
#13905=CARTESIAN_POINT('',(118.447224361861,56.8387736204441,4.5));
#13906=CARTESIAN_POINT('Origin',(120.70570788013,43.395429326656,4.5));
#13907=CARTESIAN_POINT('',(118.447224361861,56.8387736204441,10.0900431800864));
#13908=CARTESIAN_POINT('Origin',(119.07018086415,42.14313014515,10.0900431800864));
#13909=CARTESIAN_POINT('',(109.600572706716,34.6476974583153,4.5));
#13910=CARTESIAN_POINT('',(109.600572706716,34.6476974583153,10.0900431800864));
#13911=CARTESIAN_POINT('Origin',(119.07018086415,42.14313014515,4.5));
#13912=CARTESIAN_POINT('Origin',(120.92521729067,42.088733929413,10.0900431800864));
#13913=CARTESIAN_POINT('',(121.855477470421,57.0165179525113,4.5));
#13914=CARTESIAN_POINT('Origin',(120.92521729067,42.088733929413,4.5));
#13915=CARTESIAN_POINT('',(121.855477470421,57.0165179525113,10.0900431800864));
#13916=CARTESIAN_POINT('Origin',(122.29853382789,44.698425361671,10.0900431800864));
#13917=CARTESIAN_POINT('',(111.842439803903,32.3321225276196,4.5));
#13918=CARTESIAN_POINT('',(111.842439803903,32.3321225276196,10.0900431800864));
#13919=CARTESIAN_POINT('Origin',(122.29853382789,44.698425361671,4.5));
#13920=CARTESIAN_POINT('Origin',(121.0649500937,44.331093282511,10.0900431800864));
#13921=CARTESIAN_POINT('',(124.97807984838,56.4237500673027,4.5));
#13922=CARTESIAN_POINT('Origin',(121.0649500937,44.331093282511,4.5));
#13923=CARTESIAN_POINT('',(124.97807984838,56.4237500673027,10.0900431800864));
#13924=CARTESIAN_POINT('Origin',(122.02081175623,44.369991730171,10.0900431800864));
#13925=CARTESIAN_POINT('',(114.053947225556,30.7671015928738,4.5));
#13926=CARTESIAN_POINT('',(114.053947225556,30.7671015928738,10.0900431800864));
#13927=CARTESIAN_POINT('Origin',(122.02081175623,44.369991730171,4.5));
#13928=CARTESIAN_POINT('Origin',(120.99174741364,44.104833235245,10.0900431800864));
#13929=CARTESIAN_POINT('',(127.88932204558,55.0624799895663,4.5));
#13930=CARTESIAN_POINT('Origin',(120.99174741364,44.104833235245,4.5));
#13931=CARTESIAN_POINT('',(127.88932204558,55.0624799895663,10.0900431800864));
#13932=CARTESIAN_POINT('Origin',(119.30844568934,39.738808573363,10.0900431800864));
#13933=CARTESIAN_POINT('',(116.105947967725,29.847130829284,4.5));
#13934=CARTESIAN_POINT('',(116.105947967725,29.847130829284,10.0900431800864));
#13935=CARTESIAN_POINT('Origin',(119.30844568934,39.738808573363,4.5));
#13936=CARTESIAN_POINT('Origin',(119.33076525254,41.466084836796,10.0900431800864));
#13937=CARTESIAN_POINT('',(130.650028027992,52.8671876672448,4.5));
#13938=CARTESIAN_POINT('Origin',(119.33076525254,41.466084836796,4.5));
#13939=CARTESIAN_POINT('',(130.650028027992,52.8671876672448,10.0900431800864));
#13940=CARTESIAN_POINT('Origin',(119.59202119504,40.614742113211,10.0900431800864));
#13941=CARTESIAN_POINT('',(118.421110617168,29.3576053668387,4.5));
#13942=CARTESIAN_POINT('',(118.421110617168,29.3576053668387,10.0900431800864));
#13943=CARTESIAN_POINT('Origin',(119.59202119504,40.614742113211,4.5));
#13944=CARTESIAN_POINT('Origin',(119.42847006273,41.564438456754,10.0900431800864));
#13945=CARTESIAN_POINT('',(132.524305968709,50.6294583026599,4.5));
#13946=CARTESIAN_POINT('Origin',(119.42847006273,41.564438456754,4.5));
#13947=CARTESIAN_POINT('',(132.524305968709,50.6294583026599,10.0900431800864));
#13948=CARTESIAN_POINT('Origin',(120.59717759422,50.278396140631,10.0900431800864));
#13949=CARTESIAN_POINT('',(121.494720792044,29.2638970912264,4.5));
#13950=CARTESIAN_POINT('',(121.494720792044,29.2638970912264,10.0900431800864));
#13951=CARTESIAN_POINT('Origin',(120.59717759422,50.278396140631,4.5));
#13952=CARTESIAN_POINT('Origin',(123.02044999282,44.0508268708,10.0900431800864));
#13953=CARTESIAN_POINT('',(133.730063931511,48.3989114158788,4.5));
#13954=CARTESIAN_POINT('Origin',(123.02044999282,44.0508268708,4.5));
#13955=CARTESIAN_POINT('',(133.730063931511,48.3989114158788,10.0900431800864));
#13956=CARTESIAN_POINT('Origin',(120.62541470848,49.618225211485,10.0900431800864));
#13957=CARTESIAN_POINT('',(124.475341221886,29.6124152519937,4.5));
#13958=CARTESIAN_POINT('',(124.475341221886,29.6124152519937,10.0900431800864));
#13959=CARTESIAN_POINT('Origin',(120.62541470848,49.618225211485,4.5));
#13960=CARTESIAN_POINT('Origin',(122.69081804725,43.917021134551,10.0900431800864));
#13961=CARTESIAN_POINT('',(134.436423460225,45.9152812952067,4.5));
#13962=CARTESIAN_POINT('Origin',(122.69081804725,43.917021134551,4.5));
#13963=CARTESIAN_POINT('',(134.436423460225,45.9152812952067,10.0900431800864));
#13964=CARTESIAN_POINT('Origin',(122.56454620181,39.541779591411,10.0900431800864));
#13965=CARTESIAN_POINT('',(126.592372988475,30.2670814739447,4.5));
#13966=CARTESIAN_POINT('',(126.592372988475,30.2670814739447,10.0900431800864));
#13967=CARTESIAN_POINT('Origin',(122.56454620181,39.541779591411,4.5));
#13968=CARTESIAN_POINT('Origin',(116.89682614062,42.931336508817,10.0900431800864));
#13969=CARTESIAN_POINT('',(134.688285575233,42.8580438850151,4.5));
#13970=CARTESIAN_POINT('Origin',(116.89682614062,42.931336508817,4.5));
#13971=CARTESIAN_POINT('',(134.688285575233,42.8580438850151,10.0900431800864));
#13972=CARTESIAN_POINT('Origin',(122.72565603069,39.170789295557,10.0900431800864));
#13973=CARTESIAN_POINT('',(128.467122565583,31.3437160856688,4.5));
#13974=CARTESIAN_POINT('',(128.467122565583,31.3437160856688,10.0900431800864));
#13975=CARTESIAN_POINT('Origin',(122.72565603069,39.170789295557,4.5));
#13976=CARTESIAN_POINT('Origin',(118.51550032464,42.924664271354,10.0900431800864));
#13977=CARTESIAN_POINT('',(134.423711529969,40.0105199227243,4.5));
#13978=CARTESIAN_POINT('Origin',(118.51550032464,42.924664271354,4.5));
#13979=CARTESIAN_POINT('',(134.423711529969,40.0105199227243,10.0900431800864));
#13980=CARTESIAN_POINT('Origin',(117.87975926541,45.777019369538,10.0900431800864));
#13981=CARTESIAN_POINT('',(130.614705190383,33.1979233121101,4.5));
#13982=CARTESIAN_POINT('',(130.614705190383,33.1979233121101,10.0900431800864));
#13983=CARTESIAN_POINT('Origin',(117.87975926541,45.777019369538,4.5));
#13984=CARTESIAN_POINT('Origin',(123.25996623884,42.055536803593,10.0900431800864));
#13985=CARTESIAN_POINT('',(133.725633750655,37.6645111260708,4.5));
#13986=CARTESIAN_POINT('Origin',(123.25996623884,42.055536803593,4.5));
#13987=CARTESIAN_POINT('',(133.725633750655,37.6645111260708,10.0900431800864));
#13988=CARTESIAN_POINT('Origin',(117.98210328,45.675954383723,10.0900431800864));
#13989=CARTESIAN_POINT('',(132.524670229862,35.4878418520072,4.5));
#13990=CARTESIAN_POINT('',(132.524670229862,35.4878418520072,10.0900431800864));
#13991=CARTESIAN_POINT('Origin',(117.98210328,45.675954383723,4.5));
#13992=CARTESIAN_POINT('Origin',(122.98552294993,42.170652754691,10.0900431800864));
#13993=CARTESIAN_POINT('Origin',(122.98552294993,42.170652754691,4.5));
#13994=CARTESIAN_POINT('Origin',(120.70570788013,43.395429326656,10.0900431800864));
#13995=CARTESIAN_POINT('',(118.033031051577,59.3042236608464,10.0900431800864));
#13996=CARTESIAN_POINT('',(114.437274762573,58.259469317457,10.0900431800864));
#13997=CARTESIAN_POINT('Origin',(120.89922160625,42.936533950144,10.0900431800864));
#13998=CARTESIAN_POINT('',(111.14159337523,56.4027062565779,10.0900431800864));
#13999=CARTESIAN_POINT('Origin',(120.92521729067,42.088733929413,10.0900431800864));
#14000=CARTESIAN_POINT('',(122.010970259476,59.5116776653432,10.0900431800864));
#14001=CARTESIAN_POINT('Origin',(120.90808745078,42.924315353774,10.0900431800864));
#14002=CARTESIAN_POINT('',(108.349304995106,53.8480697947872,10.0900431800864));
#14003=CARTESIAN_POINT('Origin',(121.0649500937,44.331093282511,10.0900431800864));
#14004=CARTESIAN_POINT('',(125.747770480968,58.8023160912098,10.0900431800864));
#14005=CARTESIAN_POINT('Origin',(120.57040176457,43.218048605211,10.0900431800864));
#14006=CARTESIAN_POINT('',(106.232207694025,50.7525524067117,10.0900431800864));
#14007=CARTESIAN_POINT('Origin',(120.99174741364,44.104833235245,10.0900431800864));
#14008=CARTESIAN_POINT('',(129.221117138646,57.1782119740261,10.0900431800864));
#14009=CARTESIAN_POINT('Origin',(122.45074817301,42.229956986661,10.0900431800864));
#14010=CARTESIAN_POINT('',(105.376323323987,48.8737288097545,10.0900431800864));
#14011=CARTESIAN_POINT('Origin',(119.33076525254,41.466084836796,10.0900431800864));
#14012=CARTESIAN_POINT('',(132.411411435236,54.6413151972395,10.0900431800864));
#14013=CARTESIAN_POINT('Origin',(117.90313081379,43.999477955666,10.0900431800864));
#14014=CARTESIAN_POINT('',(104.823289039896,47.0973750561512,10.0900431800864));
#14015=CARTESIAN_POINT('Origin',(119.42847006273,41.564438456754,10.0900431800864));
#14016=CARTESIAN_POINT('',(134.579883735364,52.0523427130148,10.0900431800864));
#14017=CARTESIAN_POINT('Origin',(118.5988675916,43.834705096116,10.0900431800864));
#14018=CARTESIAN_POINT('',(104.509399682562,45.2125562282595,10.0900431800864));
#14019=CARTESIAN_POINT('Origin',(123.02044999282,44.0508268708,10.0900431800864));
#14020=CARTESIAN_POINT('',(136.046435435701,49.339349108944,10.0900431800864));
#14021=CARTESIAN_POINT('Origin',(126.86424572552,43.026403420192,10.0900431800864));
#14022=CARTESIAN_POINT('',(104.402784110488,42.9925239142413,10.0900431800864));
#14023=CARTESIAN_POINT('Origin',(122.69081804725,43.917021134551,10.0900431800864));
#14024=CARTESIAN_POINT('',(136.901011674194,46.3345722867649,10.0900431800864));
#14025=CARTESIAN_POINT('Origin',(123.35962810617,43.021169253953,10.0900431800864));
#14026=CARTESIAN_POINT('',(104.777293218242,39.2715579480887,10.0900431800864));
#14027=CARTESIAN_POINT('Origin',(116.89682614062,42.931336508817,10.0900431800864));
#14028=CARTESIAN_POINT('',(137.188264364818,42.8477457483478,10.0900431800864));
#14029=CARTESIAN_POINT('Origin',(119.11772087846,42.165202726795,10.0900431800864));
#14030=CARTESIAN_POINT('',(105.845321666449,36.0117919051315,10.0900431800864));
#14031=CARTESIAN_POINT('Origin',(118.51550032464,42.924664271354,10.0900431800864));
#14032=CARTESIAN_POINT('',(136.882793135598,39.56005609864,10.0900431800864));
#14033=CARTESIAN_POINT('Origin',(119.07018086415,42.14313014515,10.0900431800864));
#14034=CARTESIAN_POINT('',(107.640323116454,33.0961106757432,10.0900431800864));
#14035=CARTESIAN_POINT('Origin',(123.25996623884,42.055536803593,10.0900431800864));
#14036=CARTESIAN_POINT('',(136.030949406068,36.6972884377102,10.0900431800864));
#14037=CARTESIAN_POINT('Origin',(122.29853382789,44.698425361671,10.0900431800864));
#14038=CARTESIAN_POINT('',(110.228277087231,30.4230707409763,10.0900431800864));
#14039=CARTESIAN_POINT('Origin',(122.98552294993,42.170652754691,10.0900431800864));
#14040=CARTESIAN_POINT('',(134.572199835741,34.0534003184984,10.0900431800864));
#14041=CARTESIAN_POINT('Origin',(122.02081175623,44.369991730171,10.0900431800864));
#14042=CARTESIAN_POINT('',(112.790503511076,28.609855668011,10.0900431800864));
#14043=CARTESIAN_POINT('Origin',(117.98210328,45.675954383723,10.0900431800864));
#14044=CARTESIAN_POINT('',(132.393321969295,31.4410731893776,10.0900431800864));
#14045=CARTESIAN_POINT('Origin',(119.30844568934,39.738808573363,10.0900431800864));
#14046=CARTESIAN_POINT('',(115.335907729962,27.4686779640333,10.0900431800864));
#14047=CARTESIAN_POINT('Origin',(117.87975926541,45.777019369538,10.0900431800864));
#14048=CARTESIAN_POINT('',(129.945801827755,29.3279016994626,10.0900431800864));
#14049=CARTESIAN_POINT('Origin',(119.59202119504,40.614742113211,10.0900431800864));
#14050=CARTESIAN_POINT('',(118.162468602692,26.8710204983201,10.0900431800864));
#14051=CARTESIAN_POINT('Origin',(122.72565603069,39.170789295557,10.0900431800864));
#14052=CARTESIAN_POINT('',(127.588221144762,27.9739860878743,10.0900431800864));
#14053=CARTESIAN_POINT('Origin',(120.59717759422,50.278396140631,10.0900431800864));
#14054=CARTESIAN_POINT('',(121.601400192842,26.7661742272066,10.0900431800864));
#14055=CARTESIAN_POINT('Origin',(122.56454620181,39.541779591411,10.0900431800864));
#14056=CARTESIAN_POINT('',(124.947773927193,27.1574595825495,10.0900431800864));
#14057=CARTESIAN_POINT('Origin',(120.62541470848,49.618225211485,10.0900431800864));
#14058=CARTESIAN_POINT('Origin',(136.10519217741,57.243300125589,10.));
#14059=CARTESIAN_POINT('',(98.0482848448142,19.9754566248821,10.));
#14060=CARTESIAN_POINT('',(95.8138242794257,22.4032939857454,10.));
#14061=CARTESIAN_POINT('Origin',(136.26842322811,57.403130808338,10.));
#14062=CARTESIAN_POINT('',(99.0073941466288,19.0205112441366,10.));
#14063=CARTESIAN_POINT('Origin',(101.8750560914,314.296855754481,10.));
#14064=CARTESIAN_POINT('',(98.0206423812532,19.0317433429871,10.));
#14065=CARTESIAN_POINT('Origin',(89.407122174244,19.1441768648043,10.));
#14066=CARTESIAN_POINT('Origin',(144.269326827706,18.9457556515102,10.));
#14067=CARTESIAN_POINT('',(144.269326827706,18.9457556515102,10.));
#14068=CARTESIAN_POINT('Origin',(144.269315968689,323.102749124196,10.));
#14069=CARTESIAN_POINT('',(142.531028061061,18.9507229374653,10.));
#14070=CARTESIAN_POINT('Origin',(120.03554058426,43.236983280311,10.));
#14071=CARTESIAN_POINT('',(148.717042532903,26.7069849672634,10.));
#14072=CARTESIAN_POINT('Origin',(121.20138756033,42.565074061938,10.));
#14073=CARTESIAN_POINT('',(152.4969162682,37.1632094579794,10.));
#14074=CARTESIAN_POINT('Origin',(121.15198470652,42.573589398485,10.));
#14075=CARTESIAN_POINT('Origin',(126.05593421311,45.948269655586,10.));
#14076=CARTESIAN_POINT('',(146.955635754591,61.3481232816571,10.));
#14077=CARTESIAN_POINT('Origin',(113.89493756564,36.987510946396,10.));
#14078=CARTESIAN_POINT('',(144.902778105585,63.912648330236,10.));
#14079=CARTESIAN_POINT('Origin',(114.89726596787,37.857777818059,10.));
#14080=CARTESIAN_POINT('',(142.989513240056,65.964942016021,10.));
#14081=CARTESIAN_POINT('Origin',(144.719578306824,-171.006509313216,10.));
#14082=CARTESIAN_POINT('',(144.719390388794,65.9712573025255,10.));
#14083=CARTESIAN_POINT('Origin',(121.228434272706,42.4585077470155,17.));
#14084=CARTESIAN_POINT('',(88.1498181159695,54.4098802570928,17.));
#14085=CARTESIAN_POINT('',(89.8395473372408,58.248158617371,17.));
#14086=CARTESIAN_POINT('Origin',(131.92206075202,37.431055758317,17.));
#14087=CARTESIAN_POINT('',(87.0065587720632,50.7008974422066,17.));
#14088=CARTESIAN_POINT('Origin',(113.64486890217,44.520577828487,17.));
#14089=CARTESIAN_POINT('',(86.3951499664845,46.8531302667553,17.));
#14090=CARTESIAN_POINT('Origin',(113.98639626576,44.441351164924,17.));
#14091=CARTESIAN_POINT('',(86.2074157474162,42.6145074307191,17.));
#14092=CARTESIAN_POINT('Origin',(135.6428294901,42.548416400103,17.));
#14093=CARTESIAN_POINT('',(86.5337005596892,37.3913031264521,17.));
#14094=CARTESIAN_POINT('Origin',(127.29772210621,42.559556565628,17.));
#14095=CARTESIAN_POINT('',(87.5779225028197,32.5027594338294,17.));
#14096=CARTESIAN_POINT('Origin',(115.97108736775,41.123505792532,17.));
#14097=CARTESIAN_POINT('',(89.4355012674694,27.8241488334801,17.));
#14098=CARTESIAN_POINT('Origin',(116.56736008921,41.304553207461,17.));
#14099=CARTESIAN_POINT('',(92.0882040794493,23.1984237994045,17.));
#14100=CARTESIAN_POINT('Origin',(129.54938990155,47.75467698853,17.));
#14101=CARTESIAN_POINT('',(93.241327938376,21.5943413955006,17.));
#14102=CARTESIAN_POINT('Origin',(111.28935204508,35.785005568861,17.));
#14103=CARTESIAN_POINT('',(86.907122174244,21.6770226970947,17.));
#14104=CARTESIAN_POINT('',(107.09634893708,21.413489807718,17.));
#14105=CARTESIAN_POINT('',(86.907122174244,-0.578869697739002,17.));
#14106=CARTESIAN_POINT('',(86.907122174244,32.0677652220551,17.));
#14107=CARTESIAN_POINT('',(156.249489541404,-0.578869697739002,17.));
#14108=CARTESIAN_POINT('',(104.067778223475,-0.578869697739002,17.));
#14109=CARTESIAN_POINT('',(155.976584199913,21.4457556515115,17.));
#14110=CARTESIAN_POINT('',(155.980206087403,21.1534538790866,17.));
#14111=CARTESIAN_POINT('',(148.191914419381,21.4457556515106,17.));
#14112=CARTESIAN_POINT('',(138.602509236311,21.4457556515096,17.));
#14113=CARTESIAN_POINT('',(150.883062616672,25.4586432685649,17.));
#14114=CARTESIAN_POINT('Origin',(120.03554058426,43.236983280311,17.));
#14115=CARTESIAN_POINT('Origin',(121.20138756033,42.565074061938,17.));
#14116=CARTESIAN_POINT('',(150.759557860536,60.081104485298,17.));
#14117=CARTESIAN_POINT('Origin',(119.69057792135,42.306664610471,17.));
#14118=CARTESIAN_POINT('',(148.968272502364,62.8311247386737,17.));
#14119=CARTESIAN_POINT('Origin',(126.05593421311,45.948269655586,17.));
#14120=CARTESIAN_POINT('',(148.48745664669,63.471257302515,17.));
#14121=CARTESIAN_POINT('Origin',(113.89493756564,36.987510946396,17.));
#14122=CARTESIAN_POINT('',(155.976584210602,63.471257302515,17.));
#14123=CARTESIAN_POINT('',(134.857945459698,63.471257302515,17.));
#14124=CARTESIAN_POINT('',(156.249489530447,85.49588519177,17.));
#14125=CARTESIAN_POINT('',(155.843753469446,52.7512477113118,17.));
#14126=CARTESIAN_POINT('',(86.907122174244,85.49588519177,17.));
#14127=CARTESIAN_POINT('',(138.738961901576,85.49588519177,17.));
#14128=CARTESIAN_POINT('',(86.907122174244,63.2065699292386,17.));
#14129=CARTESIAN_POINT('',(86.907122174244,63.9771964693928,17.));
#14130=CARTESIAN_POINT('',(92.9527398733268,63.29965064314,17.));
#14131=CARTESIAN_POINT('',(103.904026451842,63.4682609694299,17.));
#14132=CARTESIAN_POINT('',(91.8069936563757,61.6690763673199,17.));
#14133=CARTESIAN_POINT('Origin',(121.44991836988,42.057878096389,17.));
#14134=CARTESIAN_POINT('Origin',(118.13314848128,44.252095779733,17.));
#14135=CARTESIAN_POINT('Origin',(98.5423505626602,65.8860067869531,10.));
#14136=CARTESIAN_POINT('',(98.5423505626602,65.8860067869531,10.));
#14137=CARTESIAN_POINT('Origin',(122.92930067149,40.818522269389,10.));
#14138=CARTESIAN_POINT('',(96.1210741936317,63.2778434692944,10.));
#14139=CARTESIAN_POINT('Origin',(121.44991836988,42.057878096389,10.));
#14140=CARTESIAN_POINT('',(93.8920002037887,60.2896751576338,10.));
#14141=CARTESIAN_POINT('Origin',(118.13314848128,44.252095779733,10.));
#14142=CARTESIAN_POINT('',(92.0803692506481,57.1396834699754,10.));
#14143=CARTESIAN_POINT('Origin',(131.92206075202,37.431055758317,10.));
#14144=CARTESIAN_POINT('',(90.4806145516328,53.5057851429043,10.));
#14145=CARTESIAN_POINT('Origin',(113.64486890217,44.520577828487,10.));
#14146=CARTESIAN_POINT('',(89.4418739327312,50.1358841076551,10.));
#14147=CARTESIAN_POINT('Origin',(113.98639626576,44.441351164924,10.));
#14148=CARTESIAN_POINT('',(88.8856538271727,46.6354366290497,10.));
#14149=CARTESIAN_POINT('Origin',(135.6428294901,42.548416400103,10.));
#14150=CARTESIAN_POINT('',(88.7074135118901,42.611164135133,10.));
#14151=CARTESIAN_POINT('Origin',(127.29772210621,42.559556565628,10.));
#14152=CARTESIAN_POINT('',(89.0138467254328,37.7057470746331,10.));
#14153=CARTESIAN_POINT('Origin',(115.97108736775,41.123505792532,10.));
#14154=CARTESIAN_POINT('',(89.970091170409,33.2290713955954,10.));
#14155=CARTESIAN_POINT('Origin',(116.56736008921,41.304553207461,10.));
#14156=CARTESIAN_POINT('',(91.6743843951359,28.9365347110715,10.));
#14157=CARTESIAN_POINT('Origin',(129.54938990155,47.75467698853,10.));
#14158=CARTESIAN_POINT('',(94.1790314278225,24.5689860925143,10.));
#14159=CARTESIAN_POINT('Origin',(111.28935204508,35.785005568861,10.));
#14160=CARTESIAN_POINT('Origin',(120.03554058426,43.236983280311,10.));
#14161=CARTESIAN_POINT('',(148.191914419381,21.4457556515106,4.5));
#14162=CARTESIAN_POINT('',(148.191914419381,21.4457556515106,10.));
#14163=CARTESIAN_POINT('',(150.883062616672,25.4586432685649,4.5));
#14164=CARTESIAN_POINT('Origin',(120.03554058426,43.236983280311,4.5));
#14165=CARTESIAN_POINT('',(150.883062616672,25.4586432685649,10.));
#14166=CARTESIAN_POINT('Origin',(155.976584199913,21.4457556515115,10.));
#14167=CARTESIAN_POINT('',(155.976584199913,21.4457556515115,4.5));
#14168=CARTESIAN_POINT('',(155.976584199913,21.4457556515115,10.));
#14169=CARTESIAN_POINT('',(148.191914419381,21.4457556515106,4.5));
#14170=CARTESIAN_POINT('Origin',(156.249489541404,-0.578869697739002,10.));
#14171=CARTESIAN_POINT('',(156.249489541404,-0.578869697739002,4.5));
#14172=CARTESIAN_POINT('',(156.249489541404,-0.578869697739002,10.));
#14173=CARTESIAN_POINT('',(155.976584199913,21.4457556515115,4.5));
#14174=CARTESIAN_POINT('Origin',(86.907122174244,-0.578869697739,10.));
#14175=CARTESIAN_POINT('',(86.907122174244,-0.578869697739002,4.5));
#14176=CARTESIAN_POINT('',(86.907122174244,-0.578869697739,10.));
#14177=CARTESIAN_POINT('',(156.249489541404,-0.578869697739002,4.5));
#14178=CARTESIAN_POINT('Origin',(86.907122174244,21.6770226970947,10.));
#14179=CARTESIAN_POINT('',(86.907122174244,21.6770226970947,4.5));
#14180=CARTESIAN_POINT('',(86.907122174244,21.6770226970947,10.));
#14181=CARTESIAN_POINT('',(86.907122174244,-0.578869697739,4.5));
#14182=CARTESIAN_POINT('Origin',(93.241327938376,21.5943413955007,10.));
#14183=CARTESIAN_POINT('',(93.241327938376,21.5943413955006,4.5));
#14184=CARTESIAN_POINT('',(93.241327938376,21.5943413955006,10.));
#14185=CARTESIAN_POINT('',(86.907122174244,21.6770226970947,4.5));
#14186=CARTESIAN_POINT('Origin',(111.28935204508,35.785005568861,10.));
#14187=CARTESIAN_POINT('',(92.0882040794493,23.1984237994045,4.5));
#14188=CARTESIAN_POINT('',(92.0882040794493,23.1984237994045,10.));
#14189=CARTESIAN_POINT('Origin',(111.28935204508,35.785005568861,4.5));
#14190=CARTESIAN_POINT('Origin',(129.54938990155,47.75467698853,10.));
#14191=CARTESIAN_POINT('',(89.4355012674694,27.8241488334801,4.5));
#14192=CARTESIAN_POINT('',(89.4355012674694,27.8241488334801,10.));
#14193=CARTESIAN_POINT('Origin',(129.54938990155,47.75467698853,4.5));
#14194=CARTESIAN_POINT('Origin',(116.56736008921,41.304553207461,10.));
#14195=CARTESIAN_POINT('',(87.5779225028197,32.5027594338294,4.5));
#14196=CARTESIAN_POINT('',(87.5779225028197,32.5027594338294,10.));
#14197=CARTESIAN_POINT('Origin',(116.56736008921,41.304553207461,4.5));
#14198=CARTESIAN_POINT('Origin',(115.97108736775,41.123505792532,10.));
#14199=CARTESIAN_POINT('',(86.5337005596892,37.3913031264521,4.5));
#14200=CARTESIAN_POINT('',(86.5337005596892,37.3913031264521,10.));
#14201=CARTESIAN_POINT('Origin',(115.97108736775,41.123505792532,4.5));
#14202=CARTESIAN_POINT('Origin',(127.29772210621,42.559556565628,10.));
#14203=CARTESIAN_POINT('',(86.2074157474162,42.6145074307191,4.5));
#14204=CARTESIAN_POINT('',(86.2074157474162,42.6145074307191,10.));
#14205=CARTESIAN_POINT('Origin',(127.29772210621,42.559556565628,4.5));
#14206=CARTESIAN_POINT('Origin',(135.6428294901,42.548416400103,10.));
#14207=CARTESIAN_POINT('',(86.3951499664845,46.8531302667553,4.5));
#14208=CARTESIAN_POINT('',(86.3951499664845,46.8531302667553,10.));
#14209=CARTESIAN_POINT('Origin',(135.6428294901,42.548416400103,4.5));
#14210=CARTESIAN_POINT('Origin',(113.98639626576,44.441351164924,10.));
#14211=CARTESIAN_POINT('',(87.0065587720632,50.7008974422066,4.5));
#14212=CARTESIAN_POINT('',(87.0065587720632,50.7008974422066,10.));
#14213=CARTESIAN_POINT('Origin',(113.98639626576,44.441351164924,4.5));
#14214=CARTESIAN_POINT('Origin',(96.520193040386,76.200152400305,10.0900431800864));
#14215=CARTESIAN_POINT('Origin',(96.520193040386,76.200152400305,6.09004318008636));
#14216=CARTESIAN_POINT('Origin',(135.12827025654,12.44602489205,10.0900431800864));
#14217=CARTESIAN_POINT('Origin',(135.12827025654,12.44602489205,6.09004318008636));
#14218=CARTESIAN_POINT('Origin',(146.89781051562,75.882814325629,10.0900431800864));
#14219=CARTESIAN_POINT('Origin',(146.89781051562,75.882814325629,6.09004318008636));
#14220=CARTESIAN_POINT('Origin',(107.18821437642,12.44602489205,10.0900431800864));
#14221=CARTESIAN_POINT('Origin',(107.18821437642,12.44602489205,6.09004318008636));
#14222=CARTESIAN_POINT('Origin',(96.520193040386,76.200152400305,7.));
#14223=CARTESIAN_POINT('',(100.520193040386,76.200152400305,7.));
#14224=CARTESIAN_POINT('Origin',(107.18821437642,12.44602489205,7.));
#14225=CARTESIAN_POINT('',(111.18821437642,12.44602489205,7.));
#14226=CARTESIAN_POINT('Origin',(135.12827025654,12.44602489205,7.));
#14227=CARTESIAN_POINT('',(139.12827025654,12.44602489205,7.));
#14228=CARTESIAN_POINT('Origin',(146.89781051562,75.882814325629,7.));
#14229=CARTESIAN_POINT('',(150.89781051562,75.882814325629,7.));
#14230=CARTESIAN_POINT('Origin',(153.507369590112,65.971257302515,10.));
#14231=CARTESIAN_POINT('',(153.507369590112,65.971257302515,10.));
#14232=CARTESIAN_POINT('Origin',(153.718320328654,82.99588519177,10.));
#14233=CARTESIAN_POINT('Origin',(121.228434272706,42.4585077470155,4.5));
#14234=CARTESIAN_POINT('',(88.1498181159695,54.4098802570928,4.5));
#14235=CARTESIAN_POINT('',(89.8395473372408,58.248158617371,4.5));
#14236=CARTESIAN_POINT('Origin',(131.92206075202,37.431055758317,4.5));
#14237=CARTESIAN_POINT('',(91.8069936563757,61.6690763673199,4.5));
#14238=CARTESIAN_POINT('Origin',(118.13314848128,44.252095779733,4.5));
#14239=CARTESIAN_POINT('',(92.9527398733268,63.29965064314,4.5));
#14240=CARTESIAN_POINT('Origin',(121.44991836988,42.057878096389,4.5));
#14241=CARTESIAN_POINT('',(86.907122174244,63.2065699292386,4.5));
#14242=CARTESIAN_POINT('',(92.9527398733268,63.29965064314,4.5));
#14243=CARTESIAN_POINT('',(86.907122174244,85.49588519177,4.5));
#14244=CARTESIAN_POINT('',(86.907122174244,63.2065699292386,4.5));
#14245=CARTESIAN_POINT('',(156.249489530447,85.49588519177,4.5));
#14246=CARTESIAN_POINT('',(86.907122174244,85.49588519177,4.5));
#14247=CARTESIAN_POINT('',(155.976584210602,63.471257302515,4.5));
#14248=CARTESIAN_POINT('',(156.249489530447,85.49588519177,4.5));
#14249=CARTESIAN_POINT('',(148.48745664669,63.471257302515,4.5));
#14250=CARTESIAN_POINT('',(155.976584210602,63.471257302515,4.5));
#14251=CARTESIAN_POINT('',(148.968272502364,62.8311247386737,4.5));
#14252=CARTESIAN_POINT('Origin',(113.89493756564,36.987510946396,4.5));
#14253=CARTESIAN_POINT('',(150.759557860536,60.081104485298,4.5));
#14254=CARTESIAN_POINT('Origin',(126.05593421311,45.948269655586,4.5));
#14255=CARTESIAN_POINT('Origin',(119.69057792135,42.306664610471,4.5));
#14256=CARTESIAN_POINT('Origin',(121.20138756033,42.565074061938,4.5));
#14257=CARTESIAN_POINT('Origin',(113.64486890217,44.520577828487,4.5));
#14258=CARTESIAN_POINT('Origin',(118.13314848128,44.252095779733,10.));
#14259=CARTESIAN_POINT('',(91.8069936563757,61.6690763673199,10.));
#14260=CARTESIAN_POINT('',(89.8395473372408,58.248158617371,10.));
#14261=CARTESIAN_POINT('Origin',(121.44991836988,42.057878096389,10.));
#14262=CARTESIAN_POINT('',(92.9527398733268,63.29965064314,10.));
#14263=CARTESIAN_POINT('Origin',(86.907122174244,63.2065699292386,10.));
#14264=CARTESIAN_POINT('',(86.907122174244,63.2065699292386,10.));
#14265=CARTESIAN_POINT('Origin',(86.907122174244,85.49588519177,10.));
#14266=CARTESIAN_POINT('',(86.907122174244,85.49588519177,10.));
#14267=CARTESIAN_POINT('Origin',(156.249489530447,85.49588519177,10.));
#14268=CARTESIAN_POINT('',(156.249489530447,85.49588519177,10.));
#14269=CARTESIAN_POINT('Origin',(155.976584210602,63.471257302515,10.));
#14270=CARTESIAN_POINT('',(155.976584210602,63.471257302515,10.));
#14271=CARTESIAN_POINT('Origin',(148.48745664669,63.471257302515,10.));
#14272=CARTESIAN_POINT('',(148.48745664669,63.471257302515,10.));
#14273=CARTESIAN_POINT('Origin',(113.89493756564,36.987510946396,10.));
#14274=CARTESIAN_POINT('',(148.968272502364,62.8311247386737,10.));
#14275=CARTESIAN_POINT('Origin',(126.05593421311,45.948269655586,10.));
#14276=CARTESIAN_POINT('',(150.759557860536,60.081104485298,10.));
#14277=CARTESIAN_POINT('Origin',(119.69057792135,42.306664610471,10.));
#14278=CARTESIAN_POINT('Origin',(121.20138756033,42.565074061938,10.));
#14279=CARTESIAN_POINT('Origin',(113.64486890217,44.520577828487,10.));
#14280=CARTESIAN_POINT('',(88.1498181159695,54.4098802570928,10.));
#14281=CARTESIAN_POINT('Origin',(131.92206075202,37.431055758317,10.));
#14282=UNCERTAINTY_MEASURE_WITH_UNIT(LENGTH_MEASURE(0.01),#14286,
'DISTANCE_ACCURACY_VALUE',
'Maximum model space distance between geometric entities at asserted c
onnectivities');
#14283=UNCERTAINTY_MEASURE_WITH_UNIT(LENGTH_MEASURE(0.01),#14286,
'DISTANCE_ACCURACY_VALUE',
'Maximum model space distance between geometric entities at asserted c
onnectivities');
#14284=(
GEOMETRIC_REPRESENTATION_CONTEXT(3)
GLOBAL_UNCERTAINTY_ASSIGNED_CONTEXT((#14282))
GLOBAL_UNIT_ASSIGNED_CONTEXT((#14286,#14288,#14289))
REPRESENTATION_CONTEXT('','3D')
);
#14285=(
GEOMETRIC_REPRESENTATION_CONTEXT(3)
GLOBAL_UNCERTAINTY_ASSIGNED_CONTEXT((#14283))
GLOBAL_UNIT_ASSIGNED_CONTEXT((#14286,#14288,#14289))
REPRESENTATION_CONTEXT('','3D')
);
#14286=(
LENGTH_UNIT()
NAMED_UNIT(*)
SI_UNIT(.MILLI.,.METRE.)
);
#14287=(
LENGTH_UNIT()
NAMED_UNIT(*)
SI_UNIT($,.METRE.)
);
#14288=(
NAMED_UNIT(*)
PLANE_ANGLE_UNIT()
SI_UNIT($,.RADIAN.)
);
#14289=(
NAMED_UNIT(*)
SI_UNIT($,.STERADIAN.)
SOLID_ANGLE_UNIT()
);
#14290=SHAPE_DEFINITION_REPRESENTATION(#14291,#14292);
#14291=PRODUCT_DEFINITION_SHAPE('',$,#14294);
#14292=SHAPE_REPRESENTATION('',(#5704),#14284);
#14293=PRODUCT_DEFINITION_CONTEXT('part definition',#14298,'design');
#14294=PRODUCT_DEFINITION('2026-08-04-21-02-31-911','case',#14295,#14293);
#14295=PRODUCT_DEFINITION_FORMATION('',$,#14300);
#14296=PRODUCT_RELATED_PRODUCT_CATEGORY('case','case',(#14300));
#14297=APPLICATION_PROTOCOL_DEFINITION('international standard',
'automotive_design',2009,#14298);
#14298=APPLICATION_CONTEXT(
'Core Data for Automotive Mechanical Design Process');
#14299=PRODUCT_CONTEXT('part definition',#14298,'mechanical');
#14300=PRODUCT('2026-08-04-21-02-31-911','case',$,(#14299));
#14301=PRESENTATION_STYLE_ASSIGNMENT((#14302));
#14302=SURFACE_STYLE_USAGE(.BOTH.,#14303);
#14303=SURFACE_SIDE_STYLE('',(#14304));
#14304=SURFACE_STYLE_FILL_AREA(#14305);
#14305=FILL_AREA_STYLE('Steel - Satin',(#14306));
#14306=FILL_AREA_STYLE_COLOUR('Steel - Satin',#14307);
#14307=COLOUR_RGB('Steel - Satin',0.627450980392157,0.627450980392157,0.627450980392157);
ENDSEC;
END-ISO-10303-21;
