ISO-10303-21;
HEADER;
/* Generated by software containing ST-Developer
 * from STEP Tools, Inc. (www.steptools.com) 
 */

FILE_DESCRIPTION(
/* description */ (''),
/* implementation_level */ '2;1');

FILE_NAME(
/* name */ 'lid_oa.step',
/* time_stamp */ '2026-08-09T22:58:49+01:00',
/* author */ (''),
/* organization */ (''),
/* preprocessor_version */ 'ST-DEVELOPER v20.1',
/* originating_system */ 'Autodesk Translation Framework v15.8.0.0',
/* authorisation */ '');

FILE_SCHEMA (('AUTOMOTIVE_DESIGN { 1 0 10303 214 3 1 1 }'));
ENDSEC;

DATA;
#10=MECHANICAL_DESIGN_GEOMETRIC_PRESENTATION_REPRESENTATION('',(#13),#2841);
#11=SHAPE_REPRESENTATION_RELATIONSHIP('SRR','None',#2848,#12);
#12=ADVANCED_BREP_SHAPE_REPRESENTATION('',(#14),#2840);
#13=STYLED_ITEM('',(#2857),#14);
#14=MANIFOLD_SOLID_BREP('lid',#1641);
#15=FACE_BOUND('',#175,.T.);
#16=FACE_BOUND('',#204,.T.);
#17=FACE_BOUND('',#237,.T.);
#18=FACE_BOUND('',#238,.T.);
#19=FACE_BOUND('',#239,.T.);
#20=FACE_BOUND('',#240,.T.);
#21=FACE_BOUND('',#241,.T.);
#22=PLANE('',#1658);
#23=PLANE('',#1662);
#24=PLANE('',#1666);
#25=PLANE('',#1670);
#26=PLANE('',#1671);
#27=PLANE('',#1675);
#28=PLANE('',#1676);
#29=PLANE('',#1677);
#30=PLANE('',#1678);
#31=PLANE('',#1682);
#32=PLANE('',#1683);
#33=PLANE('',#1687);
#34=PLANE('',#1688);
#35=PLANE('',#1689);
#36=PLANE('',#1690);
#37=PLANE('',#1694);
#38=PLANE('',#1695);
#39=PLANE('',#1699);
#40=PLANE('',#1753);
#41=PLANE('',#1754);
#42=PLANE('',#1755);
#43=PLANE('',#1756);
#44=PLANE('',#1757);
#45=PLANE('',#1770);
#46=PLANE('',#1771);
#47=PLANE('',#1772);
#48=PLANE('',#1773);
#49=PLANE('',#1774);
#50=PLANE('',#1783);
#51=PLANE('',#1808);
#52=PLANE('',#1809);
#53=PLANE('',#1810);
#54=PLANE('',#1811);
#55=PLANE('',#1812);
#56=PLANE('',#1831);
#57=PLANE('',#1832);
#58=PLANE('',#1833);
#59=PLANE('',#1834);
#60=PLANE('',#1837);
#61=FACE_OUTER_BOUND('',#148,.T.);
#62=FACE_OUTER_BOUND('',#149,.T.);
#63=FACE_OUTER_BOUND('',#150,.T.);
#64=FACE_OUTER_BOUND('',#151,.T.);
#65=FACE_OUTER_BOUND('',#152,.T.);
#66=FACE_OUTER_BOUND('',#153,.T.);
#67=FACE_OUTER_BOUND('',#154,.T.);
#68=FACE_OUTER_BOUND('',#155,.T.);
#69=FACE_OUTER_BOUND('',#156,.T.);
#70=FACE_OUTER_BOUND('',#157,.T.);
#71=FACE_OUTER_BOUND('',#158,.T.);
#72=FACE_OUTER_BOUND('',#159,.T.);
#73=FACE_OUTER_BOUND('',#160,.T.);
#74=FACE_OUTER_BOUND('',#161,.T.);
#75=FACE_OUTER_BOUND('',#162,.T.);
#76=FACE_OUTER_BOUND('',#163,.T.);
#77=FACE_OUTER_BOUND('',#164,.T.);
#78=FACE_OUTER_BOUND('',#165,.T.);
#79=FACE_OUTER_BOUND('',#166,.T.);
#80=FACE_OUTER_BOUND('',#167,.T.);
#81=FACE_OUTER_BOUND('',#168,.T.);
#82=FACE_OUTER_BOUND('',#169,.T.);
#83=FACE_OUTER_BOUND('',#170,.T.);
#84=FACE_OUTER_BOUND('',#171,.T.);
#85=FACE_OUTER_BOUND('',#172,.T.);
#86=FACE_OUTER_BOUND('',#173,.T.);
#87=FACE_OUTER_BOUND('',#174,.T.);
#88=FACE_OUTER_BOUND('',#176,.T.);
#89=FACE_OUTER_BOUND('',#177,.T.);
#90=FACE_OUTER_BOUND('',#178,.T.);
#91=FACE_OUTER_BOUND('',#179,.T.);
#92=FACE_OUTER_BOUND('',#180,.T.);
#93=FACE_OUTER_BOUND('',#181,.T.);
#94=FACE_OUTER_BOUND('',#182,.T.);
#95=FACE_OUTER_BOUND('',#183,.T.);
#96=FACE_OUTER_BOUND('',#184,.T.);
#97=FACE_OUTER_BOUND('',#185,.T.);
#98=FACE_OUTER_BOUND('',#186,.T.);
#99=FACE_OUTER_BOUND('',#187,.T.);
#100=FACE_OUTER_BOUND('',#188,.T.);
#101=FACE_OUTER_BOUND('',#189,.T.);
#102=FACE_OUTER_BOUND('',#190,.T.);
#103=FACE_OUTER_BOUND('',#191,.T.);
#104=FACE_OUTER_BOUND('',#192,.T.);
#105=FACE_OUTER_BOUND('',#193,.T.);
#106=FACE_OUTER_BOUND('',#194,.T.);
#107=FACE_OUTER_BOUND('',#195,.T.);
#108=FACE_OUTER_BOUND('',#196,.T.);
#109=FACE_OUTER_BOUND('',#197,.T.);
#110=FACE_OUTER_BOUND('',#198,.T.);
#111=FACE_OUTER_BOUND('',#199,.T.);
#112=FACE_OUTER_BOUND('',#200,.T.);
#113=FACE_OUTER_BOUND('',#201,.T.);
#114=FACE_OUTER_BOUND('',#202,.T.);
#115=FACE_OUTER_BOUND('',#203,.T.);
#116=FACE_OUTER_BOUND('',#205,.T.);
#117=FACE_OUTER_BOUND('',#206,.T.);
#118=FACE_OUTER_BOUND('',#207,.T.);
#119=FACE_OUTER_BOUND('',#208,.T.);
#120=FACE_OUTER_BOUND('',#209,.T.);
#121=FACE_OUTER_BOUND('',#210,.T.);
#122=FACE_OUTER_BOUND('',#211,.T.);
#123=FACE_OUTER_BOUND('',#212,.T.);
#124=FACE_OUTER_BOUND('',#213,.T.);
#125=FACE_OUTER_BOUND('',#214,.T.);
#126=FACE_OUTER_BOUND('',#215,.T.);
#127=FACE_OUTER_BOUND('',#216,.T.);
#128=FACE_OUTER_BOUND('',#217,.T.);
#129=FACE_OUTER_BOUND('',#218,.T.);
#130=FACE_OUTER_BOUND('',#219,.T.);
#131=FACE_OUTER_BOUND('',#220,.T.);
#132=FACE_OUTER_BOUND('',#221,.T.);
#133=FACE_OUTER_BOUND('',#222,.T.);
#134=FACE_OUTER_BOUND('',#223,.T.);
#135=FACE_OUTER_BOUND('',#224,.T.);
#136=FACE_OUTER_BOUND('',#225,.T.);
#137=FACE_OUTER_BOUND('',#226,.T.);
#138=FACE_OUTER_BOUND('',#227,.T.);
#139=FACE_OUTER_BOUND('',#228,.T.);
#140=FACE_OUTER_BOUND('',#229,.T.);
#141=FACE_OUTER_BOUND('',#230,.T.);
#142=FACE_OUTER_BOUND('',#231,.T.);
#143=FACE_OUTER_BOUND('',#232,.T.);
#144=FACE_OUTER_BOUND('',#233,.T.);
#145=FACE_OUTER_BOUND('',#234,.T.);
#146=FACE_OUTER_BOUND('',#235,.T.);
#147=FACE_OUTER_BOUND('',#236,.T.);
#148=EDGE_LOOP('',(#1026,#1027,#1028,#1029));
#149=EDGE_LOOP('',(#1030,#1031,#1032,#1033));
#150=EDGE_LOOP('',(#1034,#1035,#1036,#1037));
#151=EDGE_LOOP('',(#1038,#1039,#1040,#1041));
#152=EDGE_LOOP('',(#1042,#1043,#1044,#1045));
#153=EDGE_LOOP('',(#1046,#1047,#1048,#1049));
#154=EDGE_LOOP('',(#1050,#1051,#1052,#1053));
#155=EDGE_LOOP('',(#1054,#1055,#1056,#1057));
#156=EDGE_LOOP('',(#1058,#1059,#1060,#1061,#1062,#1063,#1064,#1065,#1066,
#1067,#1068,#1069));
#157=EDGE_LOOP('',(#1070,#1071,#1072,#1073));
#158=EDGE_LOOP('',(#1074,#1075,#1076,#1077));
#159=EDGE_LOOP('',(#1078,#1079,#1080,#1081));
#160=EDGE_LOOP('',(#1082,#1083,#1084));
#161=EDGE_LOOP('',(#1085,#1086,#1087,#1088));
#162=EDGE_LOOP('',(#1089,#1090,#1091,#1092));
#163=EDGE_LOOP('',(#1093,#1094,#1095,#1096));
#164=EDGE_LOOP('',(#1097,#1098,#1099));
#165=EDGE_LOOP('',(#1100,#1101,#1102,#1103));
#166=EDGE_LOOP('',(#1104,#1105,#1106,#1107));
#167=EDGE_LOOP('',(#1108,#1109,#1110,#1111));
#168=EDGE_LOOP('',(#1112,#1113,#1114));
#169=EDGE_LOOP('',(#1115,#1116,#1117,#1118));
#170=EDGE_LOOP('',(#1119,#1120,#1121,#1122));
#171=EDGE_LOOP('',(#1123,#1124,#1125,#1126));
#172=EDGE_LOOP('',(#1127,#1128,#1129));
#173=EDGE_LOOP('',(#1130,#1131,#1132,#1133));
#174=EDGE_LOOP('',(#1134,#1135,#1136,#1137,#1138,#1139,#1140,#1141,#1142,
#1143,#1144,#1145,#1146,#1147,#1148,#1149,#1150,#1151,#1152,#1153,#1154,
#1155,#1156,#1157,#1158,#1159,#1160));
#175=EDGE_LOOP('',(#1161,#1162,#1163,#1164,#1165,#1166,#1167,#1168,#1169,
#1170,#1171,#1172,#1173,#1174,#1175,#1176,#1177,#1178,#1179,#1180,#1181,
#1182,#1183,#1184,#1185,#1186,#1187,#1188,#1189,#1190,#1191,#1192));
#176=EDGE_LOOP('',(#1193,#1194,#1195,#1196));
#177=EDGE_LOOP('',(#1197,#1198,#1199,#1200));
#178=EDGE_LOOP('',(#1201,#1202,#1203,#1204));
#179=EDGE_LOOP('',(#1205,#1206,#1207,#1208));
#180=EDGE_LOOP('',(#1209,#1210,#1211,#1212));
#181=EDGE_LOOP('',(#1213,#1214,#1215,#1216));
#182=EDGE_LOOP('',(#1217,#1218,#1219,#1220));
#183=EDGE_LOOP('',(#1221,#1222,#1223,#1224));
#184=EDGE_LOOP('',(#1225,#1226,#1227,#1228));
#185=EDGE_LOOP('',(#1229,#1230,#1231,#1232));
#186=EDGE_LOOP('',(#1233,#1234,#1235,#1236));
#187=EDGE_LOOP('',(#1237,#1238,#1239,#1240));
#188=EDGE_LOOP('',(#1241,#1242,#1243,#1244));
#189=EDGE_LOOP('',(#1245,#1246,#1247,#1248));
#190=EDGE_LOOP('',(#1249,#1250,#1251,#1252));
#191=EDGE_LOOP('',(#1253,#1254,#1255,#1256));
#192=EDGE_LOOP('',(#1257,#1258,#1259,#1260));
#193=EDGE_LOOP('',(#1261,#1262,#1263,#1264));
#194=EDGE_LOOP('',(#1265,#1266,#1267,#1268));
#195=EDGE_LOOP('',(#1269,#1270,#1271,#1272));
#196=EDGE_LOOP('',(#1273,#1274,#1275,#1276));
#197=EDGE_LOOP('',(#1277,#1278,#1279,#1280));
#198=EDGE_LOOP('',(#1281,#1282,#1283,#1284));
#199=EDGE_LOOP('',(#1285,#1286,#1287,#1288));
#200=EDGE_LOOP('',(#1289,#1290,#1291,#1292));
#201=EDGE_LOOP('',(#1293,#1294,#1295,#1296));
#202=EDGE_LOOP('',(#1297,#1298,#1299,#1300));
#203=EDGE_LOOP('',(#1301,#1302,#1303,#1304,#1305,#1306,#1307,#1308,#1309,
#1310,#1311,#1312,#1313,#1314,#1315,#1316,#1317,#1318,#1319,#1320,#1321,
#1322,#1323,#1324,#1325,#1326,#1327));
#204=EDGE_LOOP('',(#1328));
#205=EDGE_LOOP('',(#1329,#1330,#1331,#1332));
#206=EDGE_LOOP('',(#1333,#1334,#1335,#1336));
#207=EDGE_LOOP('',(#1337,#1338,#1339,#1340));
#208=EDGE_LOOP('',(#1341,#1342,#1343,#1344));
#209=EDGE_LOOP('',(#1345,#1346,#1347,#1348));
#210=EDGE_LOOP('',(#1349,#1350,#1351,#1352));
#211=EDGE_LOOP('',(#1353,#1354,#1355,#1356));
#212=EDGE_LOOP('',(#1357,#1358,#1359,#1360));
#213=EDGE_LOOP('',(#1361,#1362,#1363,#1364));
#214=EDGE_LOOP('',(#1365,#1366,#1367,#1368));
#215=EDGE_LOOP('',(#1369,#1370,#1371,#1372));
#216=EDGE_LOOP('',(#1373,#1374,#1375,#1376));
#217=EDGE_LOOP('',(#1377,#1378,#1379,#1380));
#218=EDGE_LOOP('',(#1381,#1382,#1383,#1384));
#219=EDGE_LOOP('',(#1385,#1386,#1387,#1388));
#220=EDGE_LOOP('',(#1389,#1390,#1391,#1392));
#221=EDGE_LOOP('',(#1393,#1394,#1395,#1396));
#222=EDGE_LOOP('',(#1397,#1398,#1399,#1400));
#223=EDGE_LOOP('',(#1401,#1402,#1403,#1404));
#224=EDGE_LOOP('',(#1405,#1406,#1407,#1408));
#225=EDGE_LOOP('',(#1409,#1410,#1411,#1412));
#226=EDGE_LOOP('',(#1413,#1414,#1415,#1416));
#227=EDGE_LOOP('',(#1417,#1418,#1419,#1420));
#228=EDGE_LOOP('',(#1421,#1422,#1423,#1424));
#229=EDGE_LOOP('',(#1425,#1426,#1427,#1428));
#230=EDGE_LOOP('',(#1429,#1430,#1431,#1432));
#231=EDGE_LOOP('',(#1433,#1434,#1435,#1436));
#232=EDGE_LOOP('',(#1437,#1438,#1439,#1440));
#233=EDGE_LOOP('',(#1441,#1442,#1443,#1444));
#234=EDGE_LOOP('',(#1445,#1446,#1447,#1448));
#235=EDGE_LOOP('',(#1449,#1450,#1451,#1452));
#236=EDGE_LOOP('',(#1453,#1454,#1455,#1456,#1457,#1458,#1459,#1460,#1461,
#1462,#1463,#1464,#1465,#1466,#1467,#1468,#1469,#1470,#1471,#1472,#1473,
#1474,#1475,#1476,#1477,#1478,#1479,#1480,#1481,#1482,#1483,#1484,#1485,
#1486,#1487,#1488,#1489,#1490,#1491,#1492));
#237=EDGE_LOOP('',(#1493));
#238=EDGE_LOOP('',(#1494,#1495,#1496));
#239=EDGE_LOOP('',(#1497,#1498,#1499));
#240=EDGE_LOOP('',(#1500,#1501,#1502));
#241=EDGE_LOOP('',(#1503,#1504,#1505));
#242=CIRCLE('',#1656,1.70000000000003);
#243=CIRCLE('',#1657,1.70000000000003);
#244=CIRCLE('',#1660,1.70000000000002);
#245=CIRCLE('',#1661,1.70000000000002);
#246=CIRCLE('',#1664,1.70000000000003);
#247=CIRCLE('',#1665,1.70000000000003);
#248=CIRCLE('',#1668,1.70000000000002);
#249=CIRCLE('',#1669,1.70000000000002);
#250=CIRCLE('',#1673,2.5);
#251=CIRCLE('',#1674,2.5);
#252=CIRCLE('',#1680,2.5);
#253=CIRCLE('',#1681,2.5);
#254=CIRCLE('',#1685,2.5);
#255=CIRCLE('',#1686,2.5);
#256=CIRCLE('',#1692,2.5);
#257=CIRCLE('',#1693,2.5);
#258=CIRCLE('',#1697,14.0273720301665);
#259=CIRCLE('',#1698,14.0273720301665);
#260=CIRCLE('',#1700,29.673036225303);
#261=CIRCLE('',#1701,41.0903431022081);
#262=CIRCLE('',#1702,49.4354579217623);
#263=CIRCLE('',#1703,27.6964537582617);
#264=CIRCLE('',#1704,27.3458574031824);
#265=CIRCLE('',#1705,46.9498637564589);
#266=CIRCLE('',#1706,31.5660837078851);
#267=CIRCLE('',#1707,35.5429610920685);
#268=CIRCLE('',#1708,43.5663998676468);
#269=CIRCLE('',#1709,28.4606050820725);
#270=CIRCLE('',#1710,35.7940250226936);
#271=CIRCLE('',#1711,34.3084414221562);
#272=CIRCLE('',#1712,34.2583100668839);
#273=CIRCLE('',#1713,35.6039181708056);
#274=CIRCLE('',#1714,22.9587918636249);
#275=CIRCLE('',#1715,44.792298600163);
#276=CIRCLE('',#1716,30.296188955191);
#277=CIRCLE('',#1717,33.7429610920685);
#278=CIRCLE('',#1718,29.7660837078826);
#279=CIRCLE('',#1719,45.1498637564527);
#280=CIRCLE('',#1720,25.5458574031856);
#281=CIRCLE('',#1721,25.8964537582652);
#282=CIRCLE('',#1722,47.6354579217629);
#283=CIRCLE('',#1723,39.2903431022071);
#284=CIRCLE('',#1724,27.873036225302);
#285=CIRCLE('',#1725,28.4961889551929);
#286=CIRCLE('',#1726,42.9922986001656);
#287=CIRCLE('',#1727,21.1587918636251);
#288=CIRCLE('',#1728,53.9655644381533);
#289=CIRCLE('',#1729,303.456993472093);
#290=CIRCLE('',#1730,33.8039181708056);
#291=CIRCLE('',#1731,32.4583100668837);
#292=CIRCLE('',#1732,32.5084414221604);
#293=CIRCLE('',#1733,33.9940250226955);
#294=CIRCLE('',#1734,26.6606050820702);
#295=CIRCLE('',#1735,41.7663998676506);
#296=CIRCLE('',#1736,40.4389863490851);
#297=CIRCLE('',#1737,236.277766620904);
#298=CIRCLE('',#1738,35.672876856911);
#299=CIRCLE('',#1740,41.0903431022081);
#300=CIRCLE('',#1742,49.4354579217623);
#301=CIRCLE('',#1744,27.6964537582617);
#302=CIRCLE('',#1746,27.3458574031824);
#303=CIRCLE('',#1748,46.9498637564589);
#304=CIRCLE('',#1750,31.5660837078851);
#305=CIRCLE('',#1752,35.5429610920685);
#306=CIRCLE('',#1759,43.5663998676468);
#307=CIRCLE('',#1761,28.4606050820725);
#308=CIRCLE('',#1763,35.7940250226936);
#309=CIRCLE('',#1765,34.3084414221562);
#310=CIRCLE('',#1767,34.2583100668839);
#311=CIRCLE('',#1769,35.6039181708056);
#312=CIRCLE('',#1776,22.9587918636249);
#313=CIRCLE('',#1778,44.792298600163);
#314=CIRCLE('',#1780,30.296188955191);
#315=CIRCLE('',#1782,29.673036225303);
#316=CIRCLE('',#1785,33.7429610920685);
#317=CIRCLE('',#1787,29.7660837078826);
#318=CIRCLE('',#1789,45.1498637564527);
#319=CIRCLE('',#1791,25.5458574031856);
#320=CIRCLE('',#1793,25.8964537582652);
#321=CIRCLE('',#1795,47.6354579217629);
#322=CIRCLE('',#1797,39.2903431022071);
#323=CIRCLE('',#1799,27.873036225302);
#324=CIRCLE('',#1801,28.4961889551929);
#325=CIRCLE('',#1803,42.9922986001656);
#326=CIRCLE('',#1805,21.1587918636251);
#327=CIRCLE('',#1807,53.9655644381533);
#328=CIRCLE('',#1814,303.456993472093);
#329=CIRCLE('',#1816,33.8039181708056);
#330=CIRCLE('',#1818,32.4583100668837);
#331=CIRCLE('',#1820,32.5084414221604);
#332=CIRCLE('',#1822,33.9940250226955);
#333=CIRCLE('',#1824,26.6606050820702);
#334=CIRCLE('',#1826,41.7663998676506);
#335=CIRCLE('',#1828,40.4389863490851);
#336=CIRCLE('',#1830,236.277766620904);
#337=CIRCLE('',#1836,35.672876856911);
#338=LINE('',#2354,#482);
#339=LINE('',#2358,#483);
#340=LINE('',#2362,#484);
#341=LINE('',#2364,#485);
#342=LINE('',#2365,#486);
#343=LINE('',#2369,#487);
#344=LINE('',#2373,#488);
#345=LINE('',#2377,#489);
#346=LINE('',#2381,#490);
#347=LINE('',#2385,#491);
#348=LINE('',#2387,#492);
#349=LINE('',#2388,#493);
#350=LINE('',#2392,#494);
#351=LINE('',#2396,#495);
#352=LINE('',#2398,#496);
#353=LINE('',#2400,#497);
#354=LINE('',#2402,#498);
#355=LINE('',#2404,#499);
#356=LINE('',#2406,#500);
#357=LINE('',#2407,#501);
#358=LINE('',#2413,#502);
#359=LINE('',#2416,#503);
#360=LINE('',#2419,#504);
#361=LINE('',#2421,#505);
#362=LINE('',#2422,#506);
#363=LINE('',#2424,#507);
#364=LINE('',#2425,#508);
#365=LINE('',#2430,#509);
#366=LINE('',#2432,#510);
#367=LINE('',#2434,#511);
#368=LINE('',#2435,#512);
#369=LINE('',#2441,#513);
#370=LINE('',#2443,#514);
#371=LINE('',#2444,#515);
#372=LINE('',#2451,#516);
#373=LINE('',#2454,#517);
#374=LINE('',#2457,#518);
#375=LINE('',#2459,#519);
#376=LINE('',#2460,#520);
#377=LINE('',#2462,#521);
#378=LINE('',#2463,#522);
#379=LINE('',#2468,#523);
#380=LINE('',#2470,#524);
#381=LINE('',#2472,#525);
#382=LINE('',#2473,#526);
#383=LINE('',#2479,#527);
#384=LINE('',#2481,#528);
#385=LINE('',#2482,#529);
#386=LINE('',#2488,#530);
#387=LINE('',#2509,#531);
#388=LINE('',#2511,#532);
#389=LINE('',#2513,#533);
#390=LINE('',#2515,#534);
#391=LINE('',#2517,#535);
#392=LINE('',#2531,#536);
#393=LINE('',#2533,#537);
#394=LINE('',#2535,#538);
#395=LINE('',#2537,#539);
#396=LINE('',#2539,#540);
#397=LINE('',#2571,#541);
#398=LINE('',#2573,#542);
#399=LINE('',#2575,#543);
#400=LINE('',#2577,#544);
#401=LINE('',#2579,#545);
#402=LINE('',#2599,#546);
#403=LINE('',#2600,#547);
#404=LINE('',#2602,#548);
#405=LINE('',#2604,#549);
#406=LINE('',#2608,#550);
#407=LINE('',#2611,#551);
#408=LINE('',#2615,#552);
#409=LINE('',#2619,#553);
#410=LINE('',#2623,#554);
#411=LINE('',#2627,#555);
#412=LINE('',#2631,#556);
#413=LINE('',#2635,#557);
#414=LINE('',#2638,#558);
#415=LINE('',#2639,#559);
#416=LINE('',#2642,#560);
#417=LINE('',#2643,#561);
#418=LINE('',#2646,#562);
#419=LINE('',#2647,#563);
#420=LINE('',#2650,#564);
#421=LINE('',#2651,#565);
#422=LINE('',#2654,#566);
#423=LINE('',#2655,#567);
#424=LINE('',#2659,#568);
#425=LINE('',#2663,#569);
#426=LINE('',#2667,#570);
#427=LINE('',#2671,#571);
#428=LINE('',#2675,#572);
#429=LINE('',#2679,#573);
#430=LINE('',#2682,#574);
#431=LINE('',#2683,#575);
#432=LINE('',#2686,#576);
#433=LINE('',#2687,#577);
#434=LINE('',#2690,#578);
#435=LINE('',#2691,#579);
#436=LINE('',#2694,#580);
#437=LINE('',#2695,#581);
#438=LINE('',#2698,#582);
#439=LINE('',#2699,#583);
#440=LINE('',#2703,#584);
#441=LINE('',#2707,#585);
#442=LINE('',#2711,#586);
#443=LINE('',#2717,#587);
#444=LINE('',#2720,#588);
#445=LINE('',#2724,#589);
#446=LINE('',#2728,#590);
#447=LINE('',#2732,#591);
#448=LINE('',#2736,#592);
#449=LINE('',#2740,#593);
#450=LINE('',#2744,#594);
#451=LINE('',#2748,#595);
#452=LINE('',#2752,#596);
#453=LINE('',#2756,#597);
#454=LINE('',#2760,#598);
#455=LINE('',#2764,#599);
#456=LINE('',#2767,#600);
#457=LINE('',#2768,#601);
#458=LINE('',#2771,#602);
#459=LINE('',#2772,#603);
#460=LINE('',#2775,#604);
#461=LINE('',#2776,#605);
#462=LINE('',#2779,#606);
#463=LINE('',#2780,#607);
#464=LINE('',#2783,#608);
#465=LINE('',#2784,#609);
#466=LINE('',#2788,#610);
#467=LINE('',#2792,#611);
#468=LINE('',#2796,#612);
#469=LINE('',#2800,#613);
#470=LINE('',#2804,#614);
#471=LINE('',#2808,#615);
#472=LINE('',#2812,#616);
#473=LINE('',#2816,#617);
#474=LINE('',#2820,#618);
#475=LINE('',#2823,#619);
#476=LINE('',#2824,#620);
#477=LINE('',#2826,#621);
#478=LINE('',#2829,#622);
#479=LINE('',#2830,#623);
#480=LINE('',#2833,#624);
#481=LINE('',#2834,#625);
#482=VECTOR('',#1842,10.);
#483=VECTOR('',#1845,10.);
#484=VECTOR('',#1850,10.);
#485=VECTOR('',#1851,10.);
#486=VECTOR('',#1852,10.);
#487=VECTOR('',#1855,10.);
#488=VECTOR('',#1862,10.);
#489=VECTOR('',#1865,10.);
#490=VECTOR('',#1868,10.);
#491=VECTOR('',#1873,10.);
#492=VECTOR('',#1874,10.);
#493=VECTOR('',#1875,10.);
#494=VECTOR('',#1878,10.);
#495=VECTOR('',#1885,10.);
#496=VECTOR('',#1888,10.);
#497=VECTOR('',#1889,10.);
#498=VECTOR('',#1890,10.);
#499=VECTOR('',#1891,10.);
#500=VECTOR('',#1892,10.);
#501=VECTOR('',#1893,10.);
#502=VECTOR('',#1898,10.);
#503=VECTOR('',#1901,10.);
#504=VECTOR('',#1904,10.);
#505=VECTOR('',#1905,10.);
#506=VECTOR('',#1906,10.);
#507=VECTOR('',#1909,10.);
#508=VECTOR('',#1910,10.);
#509=VECTOR('',#1915,10.);
#510=VECTOR('',#1916,10.);
#511=VECTOR('',#1917,10.);
#512=VECTOR('',#1918,10.);
#513=VECTOR('',#1925,10.);
#514=VECTOR('',#1928,10.);
#515=VECTOR('',#1929,10.);
#516=VECTOR('',#1936,10.);
#517=VECTOR('',#1939,10.);
#518=VECTOR('',#1942,10.);
#519=VECTOR('',#1943,10.);
#520=VECTOR('',#1944,10.);
#521=VECTOR('',#1947,10.);
#522=VECTOR('',#1948,10.);
#523=VECTOR('',#1953,10.);
#524=VECTOR('',#1954,10.);
#525=VECTOR('',#1955,10.);
#526=VECTOR('',#1956,10.);
#527=VECTOR('',#1963,10.);
#528=VECTOR('',#1966,10.);
#529=VECTOR('',#1967,10.);
#530=VECTOR('',#1974,14.0273720301665);
#531=VECTOR('',#1995,10.);
#532=VECTOR('',#1996,10.);
#533=VECTOR('',#1997,10.);
#534=VECTOR('',#1998,10.);
#535=VECTOR('',#1999,10.);
#536=VECTOR('',#2012,10.);
#537=VECTOR('',#2013,10.);
#538=VECTOR('',#2014,10.);
#539=VECTOR('',#2015,10.);
#540=VECTOR('',#2016,10.);
#541=VECTOR('',#2047,10.);
#542=VECTOR('',#2048,10.);
#543=VECTOR('',#2049,10.);
#544=VECTOR('',#2050,10.);
#545=VECTOR('',#2051,10.);
#546=VECTOR('',#2070,10.);
#547=VECTOR('',#2071,10.);
#548=VECTOR('',#2072,10.);
#549=VECTOR('',#2073,10.);
#550=VECTOR('',#2078,10.);
#551=VECTOR('',#2081,10.);
#552=VECTOR('',#2086,10.);
#553=VECTOR('',#2091,10.);
#554=VECTOR('',#2096,10.);
#555=VECTOR('',#2101,10.);
#556=VECTOR('',#2106,10.);
#557=VECTOR('',#2111,10.);
#558=VECTOR('',#2114,10.);
#559=VECTOR('',#2115,10.);
#560=VECTOR('',#2118,10.);
#561=VECTOR('',#2119,10.);
#562=VECTOR('',#2122,10.);
#563=VECTOR('',#2123,10.);
#564=VECTOR('',#2126,10.);
#565=VECTOR('',#2127,10.);
#566=VECTOR('',#2130,10.);
#567=VECTOR('',#2131,10.);
#568=VECTOR('',#2136,10.);
#569=VECTOR('',#2141,10.);
#570=VECTOR('',#2146,10.);
#571=VECTOR('',#2151,10.);
#572=VECTOR('',#2156,10.);
#573=VECTOR('',#2161,10.);
#574=VECTOR('',#2164,10.);
#575=VECTOR('',#2165,10.);
#576=VECTOR('',#2168,10.);
#577=VECTOR('',#2169,10.);
#578=VECTOR('',#2172,10.);
#579=VECTOR('',#2173,10.);
#580=VECTOR('',#2176,10.);
#581=VECTOR('',#2177,10.);
#582=VECTOR('',#2180,10.);
#583=VECTOR('',#2181,10.);
#584=VECTOR('',#2186,10.);
#585=VECTOR('',#2191,10.);
#586=VECTOR('',#2196,10.);
#587=VECTOR('',#2205,10.);
#588=VECTOR('',#2208,10.);
#589=VECTOR('',#2213,10.);
#590=VECTOR('',#2218,10.);
#591=VECTOR('',#2223,10.);
#592=VECTOR('',#2228,10.);
#593=VECTOR('',#2233,10.);
#594=VECTOR('',#2238,10.);
#595=VECTOR('',#2243,10.);
#596=VECTOR('',#2248,10.);
#597=VECTOR('',#2253,10.);
#598=VECTOR('',#2258,10.);
#599=VECTOR('',#2263,10.);
#600=VECTOR('',#2266,10.);
#601=VECTOR('',#2267,10.);
#602=VECTOR('',#2270,10.);
#603=VECTOR('',#2271,10.);
#604=VECTOR('',#2274,10.);
#605=VECTOR('',#2275,10.);
#606=VECTOR('',#2278,10.);
#607=VECTOR('',#2279,10.);
#608=VECTOR('',#2282,10.);
#609=VECTOR('',#2283,10.);
#610=VECTOR('',#2288,10.);
#611=VECTOR('',#2293,10.);
#612=VECTOR('',#2298,10.);
#613=VECTOR('',#2303,10.);
#614=VECTOR('',#2308,10.);
#615=VECTOR('',#2313,10.);
#616=VECTOR('',#2318,10.);
#617=VECTOR('',#2323,10.);
#618=VECTOR('',#2328,10.);
#619=VECTOR('',#2331,10.);
#620=VECTOR('',#2332,10.);
#621=VECTOR('',#2335,10.);
#622=VECTOR('',#2338,10.);
#623=VECTOR('',#2339,10.);
#624=VECTOR('',#2342,10.);
#625=VECTOR('',#2343,10.);
#626=VERTEX_POINT('',#2352);
#627=VERTEX_POINT('',#2353);
#628=VERTEX_POINT('',#2355);
#629=VERTEX_POINT('',#2357);
#630=VERTEX_POINT('',#2361);
#631=VERTEX_POINT('',#2363);
#632=VERTEX_POINT('',#2367);
#633=VERTEX_POINT('',#2368);
#634=VERTEX_POINT('',#2375);
#635=VERTEX_POINT('',#2376);
#636=VERTEX_POINT('',#2378);
#637=VERTEX_POINT('',#2380);
#638=VERTEX_POINT('',#2384);
#639=VERTEX_POINT('',#2386);
#640=VERTEX_POINT('',#2390);
#641=VERTEX_POINT('',#2391);
#642=VERTEX_POINT('',#2399);
#643=VERTEX_POINT('',#2401);
#644=VERTEX_POINT('',#2403);
#645=VERTEX_POINT('',#2405);
#646=VERTEX_POINT('',#2409);
#647=VERTEX_POINT('',#2410);
#648=VERTEX_POINT('',#2412);
#649=VERTEX_POINT('',#2414);
#650=VERTEX_POINT('',#2418);
#651=VERTEX_POINT('',#2420);
#652=VERTEX_POINT('',#2428);
#653=VERTEX_POINT('',#2429);
#654=VERTEX_POINT('',#2431);
#655=VERTEX_POINT('',#2433);
#656=VERTEX_POINT('',#2437);
#657=VERTEX_POINT('',#2439);
#658=VERTEX_POINT('',#2447);
#659=VERTEX_POINT('',#2448);
#660=VERTEX_POINT('',#2450);
#661=VERTEX_POINT('',#2452);
#662=VERTEX_POINT('',#2456);
#663=VERTEX_POINT('',#2458);
#664=VERTEX_POINT('',#2466);
#665=VERTEX_POINT('',#2467);
#666=VERTEX_POINT('',#2469);
#667=VERTEX_POINT('',#2471);
#668=VERTEX_POINT('',#2475);
#669=VERTEX_POINT('',#2477);
#670=VERTEX_POINT('',#2485);
#671=VERTEX_POINT('',#2487);
#672=VERTEX_POINT('',#2491);
#673=VERTEX_POINT('',#2492);
#674=VERTEX_POINT('',#2494);
#675=VERTEX_POINT('',#2496);
#676=VERTEX_POINT('',#2498);
#677=VERTEX_POINT('',#2500);
#678=VERTEX_POINT('',#2502);
#679=VERTEX_POINT('',#2504);
#680=VERTEX_POINT('',#2506);
#681=VERTEX_POINT('',#2508);
#682=VERTEX_POINT('',#2510);
#683=VERTEX_POINT('',#2512);
#684=VERTEX_POINT('',#2514);
#685=VERTEX_POINT('',#2516);
#686=VERTEX_POINT('',#2518);
#687=VERTEX_POINT('',#2520);
#688=VERTEX_POINT('',#2522);
#689=VERTEX_POINT('',#2524);
#690=VERTEX_POINT('',#2526);
#691=VERTEX_POINT('',#2528);
#692=VERTEX_POINT('',#2530);
#693=VERTEX_POINT('',#2532);
#694=VERTEX_POINT('',#2534);
#695=VERTEX_POINT('',#2536);
#696=VERTEX_POINT('',#2538);
#697=VERTEX_POINT('',#2540);
#698=VERTEX_POINT('',#2542);
#699=VERTEX_POINT('',#2545);
#700=VERTEX_POINT('',#2546);
#701=VERTEX_POINT('',#2548);
#702=VERTEX_POINT('',#2550);
#703=VERTEX_POINT('',#2552);
#704=VERTEX_POINT('',#2554);
#705=VERTEX_POINT('',#2556);
#706=VERTEX_POINT('',#2558);
#707=VERTEX_POINT('',#2560);
#708=VERTEX_POINT('',#2562);
#709=VERTEX_POINT('',#2564);
#710=VERTEX_POINT('',#2566);
#711=VERTEX_POINT('',#2568);
#712=VERTEX_POINT('',#2570);
#713=VERTEX_POINT('',#2572);
#714=VERTEX_POINT('',#2574);
#715=VERTEX_POINT('',#2576);
#716=VERTEX_POINT('',#2578);
#717=VERTEX_POINT('',#2580);
#718=VERTEX_POINT('',#2582);
#719=VERTEX_POINT('',#2584);
#720=VERTEX_POINT('',#2586);
#721=VERTEX_POINT('',#2588);
#722=VERTEX_POINT('',#2590);
#723=VERTEX_POINT('',#2592);
#724=VERTEX_POINT('',#2594);
#725=VERTEX_POINT('',#2596);
#726=VERTEX_POINT('',#2598);
#727=VERTEX_POINT('',#2601);
#728=VERTEX_POINT('',#2603);
#729=VERTEX_POINT('',#2607);
#730=VERTEX_POINT('',#2609);
#731=VERTEX_POINT('',#2613);
#732=VERTEX_POINT('',#2617);
#733=VERTEX_POINT('',#2621);
#734=VERTEX_POINT('',#2625);
#735=VERTEX_POINT('',#2629);
#736=VERTEX_POINT('',#2633);
#737=VERTEX_POINT('',#2637);
#738=VERTEX_POINT('',#2641);
#739=VERTEX_POINT('',#2645);
#740=VERTEX_POINT('',#2649);
#741=VERTEX_POINT('',#2653);
#742=VERTEX_POINT('',#2657);
#743=VERTEX_POINT('',#2661);
#744=VERTEX_POINT('',#2665);
#745=VERTEX_POINT('',#2669);
#746=VERTEX_POINT('',#2673);
#747=VERTEX_POINT('',#2677);
#748=VERTEX_POINT('',#2681);
#749=VERTEX_POINT('',#2685);
#750=VERTEX_POINT('',#2689);
#751=VERTEX_POINT('',#2693);
#752=VERTEX_POINT('',#2697);
#753=VERTEX_POINT('',#2701);
#754=VERTEX_POINT('',#2705);
#755=VERTEX_POINT('',#2709);
#756=VERTEX_POINT('',#2716);
#757=VERTEX_POINT('',#2718);
#758=VERTEX_POINT('',#2722);
#759=VERTEX_POINT('',#2726);
#760=VERTEX_POINT('',#2730);
#761=VERTEX_POINT('',#2734);
#762=VERTEX_POINT('',#2738);
#763=VERTEX_POINT('',#2742);
#764=VERTEX_POINT('',#2746);
#765=VERTEX_POINT('',#2750);
#766=VERTEX_POINT('',#2754);
#767=VERTEX_POINT('',#2758);
#768=VERTEX_POINT('',#2762);
#769=VERTEX_POINT('',#2766);
#770=VERTEX_POINT('',#2770);
#771=VERTEX_POINT('',#2774);
#772=VERTEX_POINT('',#2778);
#773=VERTEX_POINT('',#2782);
#774=VERTEX_POINT('',#2786);
#775=VERTEX_POINT('',#2790);
#776=VERTEX_POINT('',#2794);
#777=VERTEX_POINT('',#2798);
#778=VERTEX_POINT('',#2802);
#779=VERTEX_POINT('',#2806);
#780=VERTEX_POINT('',#2810);
#781=VERTEX_POINT('',#2814);
#782=VERTEX_POINT('',#2818);
#783=VERTEX_POINT('',#2822);
#784=VERTEX_POINT('',#2828);
#785=VERTEX_POINT('',#2832);
#786=EDGE_CURVE('',#626,#627,#338,.T.);
#787=EDGE_CURVE('',#626,#628,#242,.T.);
#788=EDGE_CURVE('',#629,#628,#339,.T.);
#789=EDGE_CURVE('',#627,#629,#243,.T.);
#790=EDGE_CURVE('',#629,#630,#340,.T.);
#791=EDGE_CURVE('',#628,#631,#341,.T.);
#792=EDGE_CURVE('',#630,#631,#342,.T.);
#793=EDGE_CURVE('',#632,#633,#343,.T.);
#794=EDGE_CURVE('',#630,#632,#244,.T.);
#795=EDGE_CURVE('',#631,#633,#245,.T.);
#796=EDGE_CURVE('',#633,#626,#344,.T.);
#797=EDGE_CURVE('',#634,#635,#345,.T.);
#798=EDGE_CURVE('',#634,#636,#246,.T.);
#799=EDGE_CURVE('',#637,#636,#346,.T.);
#800=EDGE_CURVE('',#635,#637,#247,.T.);
#801=EDGE_CURVE('',#637,#638,#347,.T.);
#802=EDGE_CURVE('',#636,#639,#348,.T.);
#803=EDGE_CURVE('',#638,#639,#349,.T.);
#804=EDGE_CURVE('',#640,#641,#350,.T.);
#805=EDGE_CURVE('',#638,#640,#248,.T.);
#806=EDGE_CURVE('',#639,#641,#249,.T.);
#807=EDGE_CURVE('',#641,#634,#351,.T.);
#808=EDGE_CURVE('',#635,#632,#352,.T.);
#809=EDGE_CURVE('',#642,#640,#353,.T.);
#810=EDGE_CURVE('',#643,#642,#354,.T.);
#811=EDGE_CURVE('',#643,#644,#355,.T.);
#812=EDGE_CURVE('',#644,#645,#356,.T.);
#813=EDGE_CURVE('',#627,#645,#357,.T.);
#814=EDGE_CURVE('',#646,#647,#250,.T.);
#815=EDGE_CURVE('',#648,#646,#358,.T.);
#816=EDGE_CURVE('',#648,#649,#251,.T.);
#817=EDGE_CURVE('',#649,#647,#359,.T.);
#818=EDGE_CURVE('',#647,#650,#360,.T.);
#819=EDGE_CURVE('',#649,#651,#361,.T.);
#820=EDGE_CURVE('',#651,#650,#362,.T.);
#821=EDGE_CURVE('',#650,#646,#363,.T.);
#822=EDGE_CURVE('',#651,#648,#364,.T.);
#823=EDGE_CURVE('',#652,#653,#365,.T.);
#824=EDGE_CURVE('',#654,#652,#366,.T.);
#825=EDGE_CURVE('',#654,#655,#367,.T.);
#826=EDGE_CURVE('',#655,#653,#368,.T.);
#827=EDGE_CURVE('',#653,#656,#252,.T.);
#828=EDGE_CURVE('',#655,#657,#253,.T.);
#829=EDGE_CURVE('',#657,#656,#369,.T.);
#830=EDGE_CURVE('',#656,#652,#370,.T.);
#831=EDGE_CURVE('',#657,#654,#371,.T.);
#832=EDGE_CURVE('',#658,#659,#254,.T.);
#833=EDGE_CURVE('',#660,#658,#372,.T.);
#834=EDGE_CURVE('',#660,#661,#255,.T.);
#835=EDGE_CURVE('',#661,#659,#373,.T.);
#836=EDGE_CURVE('',#659,#662,#374,.T.);
#837=EDGE_CURVE('',#661,#663,#375,.T.);
#838=EDGE_CURVE('',#663,#662,#376,.T.);
#839=EDGE_CURVE('',#662,#658,#377,.T.);
#840=EDGE_CURVE('',#663,#660,#378,.T.);
#841=EDGE_CURVE('',#664,#665,#379,.T.);
#842=EDGE_CURVE('',#666,#664,#380,.T.);
#843=EDGE_CURVE('',#666,#667,#381,.T.);
#844=EDGE_CURVE('',#667,#665,#382,.T.);
#845=EDGE_CURVE('',#665,#668,#256,.T.);
#846=EDGE_CURVE('',#667,#669,#257,.T.);
#847=EDGE_CURVE('',#669,#668,#383,.T.);
#848=EDGE_CURVE('',#668,#664,#384,.T.);
#849=EDGE_CURVE('',#669,#666,#385,.T.);
#850=EDGE_CURVE('',#670,#670,#258,.T.);
#851=EDGE_CURVE('',#670,#671,#386,.T.);
#852=EDGE_CURVE('',#671,#671,#259,.T.);
#853=EDGE_CURVE('',#672,#673,#260,.T.);
#854=EDGE_CURVE('',#674,#672,#261,.T.);
#855=EDGE_CURVE('',#675,#674,#262,.T.);
#856=EDGE_CURVE('',#676,#675,#263,.T.);
#857=EDGE_CURVE('',#677,#676,#264,.T.);
#858=EDGE_CURVE('',#678,#677,#265,.T.);
#859=EDGE_CURVE('',#679,#678,#266,.T.);
#860=EDGE_CURVE('',#680,#679,#267,.T.);
#861=EDGE_CURVE('',#681,#680,#387,.T.);
#862=EDGE_CURVE('',#682,#681,#388,.T.);
#863=EDGE_CURVE('',#683,#682,#389,.T.);
#864=EDGE_CURVE('',#684,#683,#390,.T.);
#865=EDGE_CURVE('',#685,#684,#391,.T.);
#866=EDGE_CURVE('',#686,#685,#268,.T.);
#867=EDGE_CURVE('',#687,#686,#269,.T.);
#868=EDGE_CURVE('',#688,#687,#270,.T.);
#869=EDGE_CURVE('',#689,#688,#271,.T.);
#870=EDGE_CURVE('',#690,#689,#272,.T.);
#871=EDGE_CURVE('',#691,#690,#273,.T.);
#872=EDGE_CURVE('',#692,#691,#392,.T.);
#873=EDGE_CURVE('',#693,#692,#393,.T.);
#874=EDGE_CURVE('',#694,#693,#394,.T.);
#875=EDGE_CURVE('',#695,#694,#395,.T.);
#876=EDGE_CURVE('',#696,#695,#396,.T.);
#877=EDGE_CURVE('',#697,#696,#274,.T.);
#878=EDGE_CURVE('',#698,#697,#275,.T.);
#879=EDGE_CURVE('',#673,#698,#276,.T.);
#880=EDGE_CURVE('',#699,#700,#277,.T.);
#881=EDGE_CURVE('',#700,#701,#278,.T.);
#882=EDGE_CURVE('',#701,#702,#279,.T.);
#883=EDGE_CURVE('',#702,#703,#280,.T.);
#884=EDGE_CURVE('',#703,#704,#281,.T.);
#885=EDGE_CURVE('',#704,#705,#282,.T.);
#886=EDGE_CURVE('',#705,#706,#283,.T.);
#887=EDGE_CURVE('',#706,#707,#284,.T.);
#888=EDGE_CURVE('',#707,#708,#285,.T.);
#889=EDGE_CURVE('',#708,#709,#286,.T.);
#890=EDGE_CURVE('',#709,#710,#287,.T.);
#891=EDGE_CURVE('',#710,#711,#288,.T.);
#892=EDGE_CURVE('',#712,#711,#397,.T.);
#893=EDGE_CURVE('',#713,#712,#398,.T.);
#894=EDGE_CURVE('',#714,#713,#399,.T.);
#895=EDGE_CURVE('',#715,#714,#400,.T.);
#896=EDGE_CURVE('',#716,#715,#401,.T.);
#897=EDGE_CURVE('',#717,#716,#289,.T.);
#898=EDGE_CURVE('',#717,#718,#290,.T.);
#899=EDGE_CURVE('',#718,#719,#291,.T.);
#900=EDGE_CURVE('',#719,#720,#292,.T.);
#901=EDGE_CURVE('',#720,#721,#293,.T.);
#902=EDGE_CURVE('',#721,#722,#294,.T.);
#903=EDGE_CURVE('',#722,#723,#295,.T.);
#904=EDGE_CURVE('',#723,#724,#296,.T.);
#905=EDGE_CURVE('',#725,#724,#297,.T.);
#906=EDGE_CURVE('',#726,#725,#402,.T.);
#907=EDGE_CURVE('',#644,#726,#403,.T.);
#908=EDGE_CURVE('',#727,#643,#404,.T.);
#909=EDGE_CURVE('',#728,#727,#405,.T.);
#910=EDGE_CURVE('',#728,#699,#298,.T.);
#911=EDGE_CURVE('',#672,#729,#406,.T.);
#912=EDGE_CURVE('',#730,#729,#299,.T.);
#913=EDGE_CURVE('',#674,#730,#407,.T.);
#914=EDGE_CURVE('',#731,#730,#300,.T.);
#915=EDGE_CURVE('',#675,#731,#408,.T.);
#916=EDGE_CURVE('',#732,#731,#301,.T.);
#917=EDGE_CURVE('',#676,#732,#409,.T.);
#918=EDGE_CURVE('',#733,#732,#302,.T.);
#919=EDGE_CURVE('',#677,#733,#410,.T.);
#920=EDGE_CURVE('',#734,#733,#303,.T.);
#921=EDGE_CURVE('',#678,#734,#411,.T.);
#922=EDGE_CURVE('',#735,#734,#304,.T.);
#923=EDGE_CURVE('',#679,#735,#412,.T.);
#924=EDGE_CURVE('',#736,#735,#305,.T.);
#925=EDGE_CURVE('',#680,#736,#413,.T.);
#926=EDGE_CURVE('',#737,#736,#414,.T.);
#927=EDGE_CURVE('',#681,#737,#415,.T.);
#928=EDGE_CURVE('',#738,#737,#416,.T.);
#929=EDGE_CURVE('',#682,#738,#417,.T.);
#930=EDGE_CURVE('',#739,#738,#418,.T.);
#931=EDGE_CURVE('',#683,#739,#419,.T.);
#932=EDGE_CURVE('',#740,#739,#420,.T.);
#933=EDGE_CURVE('',#684,#740,#421,.T.);
#934=EDGE_CURVE('',#741,#740,#422,.T.);
#935=EDGE_CURVE('',#685,#741,#423,.T.);
#936=EDGE_CURVE('',#742,#741,#306,.T.);
#937=EDGE_CURVE('',#686,#742,#424,.T.);
#938=EDGE_CURVE('',#743,#742,#307,.T.);
#939=EDGE_CURVE('',#687,#743,#425,.T.);
#940=EDGE_CURVE('',#744,#743,#308,.T.);
#941=EDGE_CURVE('',#688,#744,#426,.T.);
#942=EDGE_CURVE('',#745,#744,#309,.T.);
#943=EDGE_CURVE('',#689,#745,#427,.T.);
#944=EDGE_CURVE('',#746,#745,#310,.T.);
#945=EDGE_CURVE('',#690,#746,#428,.T.);
#946=EDGE_CURVE('',#747,#746,#311,.T.);
#947=EDGE_CURVE('',#691,#747,#429,.T.);
#948=EDGE_CURVE('',#748,#747,#430,.T.);
#949=EDGE_CURVE('',#692,#748,#431,.T.);
#950=EDGE_CURVE('',#749,#748,#432,.T.);
#951=EDGE_CURVE('',#693,#749,#433,.T.);
#952=EDGE_CURVE('',#750,#749,#434,.T.);
#953=EDGE_CURVE('',#694,#750,#435,.T.);
#954=EDGE_CURVE('',#751,#750,#436,.T.);
#955=EDGE_CURVE('',#695,#751,#437,.T.);
#956=EDGE_CURVE('',#752,#751,#438,.T.);
#957=EDGE_CURVE('',#696,#752,#439,.T.);
#958=EDGE_CURVE('',#753,#752,#312,.T.);
#959=EDGE_CURVE('',#697,#753,#440,.T.);
#960=EDGE_CURVE('',#754,#753,#313,.T.);
#961=EDGE_CURVE('',#698,#754,#441,.T.);
#962=EDGE_CURVE('',#755,#754,#314,.T.);
#963=EDGE_CURVE('',#673,#755,#442,.T.);
#964=EDGE_CURVE('',#729,#755,#315,.T.);
#965=EDGE_CURVE('',#699,#756,#443,.T.);
#966=EDGE_CURVE('',#757,#756,#316,.T.);
#967=EDGE_CURVE('',#700,#757,#444,.T.);
#968=EDGE_CURVE('',#758,#757,#317,.T.);
#969=EDGE_CURVE('',#701,#758,#445,.T.);
#970=EDGE_CURVE('',#759,#758,#318,.T.);
#971=EDGE_CURVE('',#702,#759,#446,.T.);
#972=EDGE_CURVE('',#760,#759,#319,.T.);
#973=EDGE_CURVE('',#703,#760,#447,.T.);
#974=EDGE_CURVE('',#761,#760,#320,.T.);
#975=EDGE_CURVE('',#704,#761,#448,.T.);
#976=EDGE_CURVE('',#762,#761,#321,.T.);
#977=EDGE_CURVE('',#705,#762,#449,.T.);
#978=EDGE_CURVE('',#763,#762,#322,.T.);
#979=EDGE_CURVE('',#706,#763,#450,.T.);
#980=EDGE_CURVE('',#764,#763,#323,.T.);
#981=EDGE_CURVE('',#707,#764,#451,.T.);
#982=EDGE_CURVE('',#765,#764,#324,.T.);
#983=EDGE_CURVE('',#708,#765,#452,.T.);
#984=EDGE_CURVE('',#766,#765,#325,.T.);
#985=EDGE_CURVE('',#709,#766,#453,.T.);
#986=EDGE_CURVE('',#767,#766,#326,.T.);
#987=EDGE_CURVE('',#710,#767,#454,.T.);
#988=EDGE_CURVE('',#768,#767,#327,.T.);
#989=EDGE_CURVE('',#711,#768,#455,.T.);
#990=EDGE_CURVE('',#769,#768,#456,.T.);
#991=EDGE_CURVE('',#712,#769,#457,.T.);
#992=EDGE_CURVE('',#770,#769,#458,.T.);
#993=EDGE_CURVE('',#713,#770,#459,.T.);
#994=EDGE_CURVE('',#771,#770,#460,.T.);
#995=EDGE_CURVE('',#714,#771,#461,.T.);
#996=EDGE_CURVE('',#772,#771,#462,.T.);
#997=EDGE_CURVE('',#715,#772,#463,.T.);
#998=EDGE_CURVE('',#773,#772,#464,.T.);
#999=EDGE_CURVE('',#716,#773,#465,.T.);
#1000=EDGE_CURVE('',#774,#773,#328,.T.);
#1001=EDGE_CURVE('',#717,#774,#466,.T.);
#1002=EDGE_CURVE('',#775,#774,#329,.T.);
#1003=EDGE_CURVE('',#718,#775,#467,.T.);
#1004=EDGE_CURVE('',#776,#775,#330,.T.);
#1005=EDGE_CURVE('',#719,#776,#468,.T.);
#1006=EDGE_CURVE('',#777,#776,#331,.T.);
#1007=EDGE_CURVE('',#720,#777,#469,.T.);
#1008=EDGE_CURVE('',#778,#777,#332,.T.);
#1009=EDGE_CURVE('',#721,#778,#470,.T.);
#1010=EDGE_CURVE('',#779,#778,#333,.T.);
#1011=EDGE_CURVE('',#722,#779,#471,.T.);
#1012=EDGE_CURVE('',#780,#779,#334,.T.);
#1013=EDGE_CURVE('',#723,#780,#472,.T.);
#1014=EDGE_CURVE('',#781,#780,#335,.T.);
#1015=EDGE_CURVE('',#724,#781,#473,.T.);
#1016=EDGE_CURVE('',#782,#781,#336,.T.);
#1017=EDGE_CURVE('',#725,#782,#474,.T.);
#1018=EDGE_CURVE('',#783,#782,#475,.T.);
#1019=EDGE_CURVE('',#726,#783,#476,.T.);
#1020=EDGE_CURVE('',#645,#783,#477,.T.);
#1021=EDGE_CURVE('',#784,#642,#478,.T.);
#1022=EDGE_CURVE('',#727,#784,#479,.T.);
#1023=EDGE_CURVE('',#785,#784,#480,.T.);
#1024=EDGE_CURVE('',#728,#785,#481,.T.);
#1025=EDGE_CURVE('',#756,#785,#337,.T.);
#1026=ORIENTED_EDGE('',*,*,#786,.F.);
#1027=ORIENTED_EDGE('',*,*,#787,.T.);
#1028=ORIENTED_EDGE('',*,*,#788,.F.);
#1029=ORIENTED_EDGE('',*,*,#789,.F.);
#1030=ORIENTED_EDGE('',*,*,#790,.F.);
#1031=ORIENTED_EDGE('',*,*,#788,.T.);
#1032=ORIENTED_EDGE('',*,*,#791,.T.);
#1033=ORIENTED_EDGE('',*,*,#792,.F.);
#1034=ORIENTED_EDGE('',*,*,#793,.F.);
#1035=ORIENTED_EDGE('',*,*,#794,.F.);
#1036=ORIENTED_EDGE('',*,*,#792,.T.);
#1037=ORIENTED_EDGE('',*,*,#795,.T.);
#1038=ORIENTED_EDGE('',*,*,#796,.F.);
#1039=ORIENTED_EDGE('',*,*,#795,.F.);
#1040=ORIENTED_EDGE('',*,*,#791,.F.);
#1041=ORIENTED_EDGE('',*,*,#787,.F.);
#1042=ORIENTED_EDGE('',*,*,#797,.F.);
#1043=ORIENTED_EDGE('',*,*,#798,.T.);
#1044=ORIENTED_EDGE('',*,*,#799,.F.);
#1045=ORIENTED_EDGE('',*,*,#800,.F.);
#1046=ORIENTED_EDGE('',*,*,#801,.F.);
#1047=ORIENTED_EDGE('',*,*,#799,.T.);
#1048=ORIENTED_EDGE('',*,*,#802,.T.);
#1049=ORIENTED_EDGE('',*,*,#803,.F.);
#1050=ORIENTED_EDGE('',*,*,#804,.F.);
#1051=ORIENTED_EDGE('',*,*,#805,.F.);
#1052=ORIENTED_EDGE('',*,*,#803,.T.);
#1053=ORIENTED_EDGE('',*,*,#806,.T.);
#1054=ORIENTED_EDGE('',*,*,#807,.F.);
#1055=ORIENTED_EDGE('',*,*,#806,.F.);
#1056=ORIENTED_EDGE('',*,*,#802,.F.);
#1057=ORIENTED_EDGE('',*,*,#798,.F.);
#1058=ORIENTED_EDGE('',*,*,#789,.T.);
#1059=ORIENTED_EDGE('',*,*,#790,.T.);
#1060=ORIENTED_EDGE('',*,*,#794,.T.);
#1061=ORIENTED_EDGE('',*,*,#808,.F.);
#1062=ORIENTED_EDGE('',*,*,#800,.T.);
#1063=ORIENTED_EDGE('',*,*,#801,.T.);
#1064=ORIENTED_EDGE('',*,*,#805,.T.);
#1065=ORIENTED_EDGE('',*,*,#809,.F.);
#1066=ORIENTED_EDGE('',*,*,#810,.F.);
#1067=ORIENTED_EDGE('',*,*,#811,.T.);
#1068=ORIENTED_EDGE('',*,*,#812,.T.);
#1069=ORIENTED_EDGE('',*,*,#813,.F.);
#1070=ORIENTED_EDGE('',*,*,#814,.F.);
#1071=ORIENTED_EDGE('',*,*,#815,.F.);
#1072=ORIENTED_EDGE('',*,*,#816,.T.);
#1073=ORIENTED_EDGE('',*,*,#817,.T.);
#1074=ORIENTED_EDGE('',*,*,#818,.F.);
#1075=ORIENTED_EDGE('',*,*,#817,.F.);
#1076=ORIENTED_EDGE('',*,*,#819,.T.);
#1077=ORIENTED_EDGE('',*,*,#820,.T.);
#1078=ORIENTED_EDGE('',*,*,#821,.F.);
#1079=ORIENTED_EDGE('',*,*,#820,.F.);
#1080=ORIENTED_EDGE('',*,*,#822,.T.);
#1081=ORIENTED_EDGE('',*,*,#815,.T.);
#1082=ORIENTED_EDGE('',*,*,#816,.F.);
#1083=ORIENTED_EDGE('',*,*,#822,.F.);
#1084=ORIENTED_EDGE('',*,*,#819,.F.);
#1085=ORIENTED_EDGE('',*,*,#823,.F.);
#1086=ORIENTED_EDGE('',*,*,#824,.F.);
#1087=ORIENTED_EDGE('',*,*,#825,.T.);
#1088=ORIENTED_EDGE('',*,*,#826,.T.);
#1089=ORIENTED_EDGE('',*,*,#827,.F.);
#1090=ORIENTED_EDGE('',*,*,#826,.F.);
#1091=ORIENTED_EDGE('',*,*,#828,.T.);
#1092=ORIENTED_EDGE('',*,*,#829,.T.);
#1093=ORIENTED_EDGE('',*,*,#830,.F.);
#1094=ORIENTED_EDGE('',*,*,#829,.F.);
#1095=ORIENTED_EDGE('',*,*,#831,.T.);
#1096=ORIENTED_EDGE('',*,*,#824,.T.);
#1097=ORIENTED_EDGE('',*,*,#825,.F.);
#1098=ORIENTED_EDGE('',*,*,#831,.F.);
#1099=ORIENTED_EDGE('',*,*,#828,.F.);
#1100=ORIENTED_EDGE('',*,*,#832,.F.);
#1101=ORIENTED_EDGE('',*,*,#833,.F.);
#1102=ORIENTED_EDGE('',*,*,#834,.T.);
#1103=ORIENTED_EDGE('',*,*,#835,.T.);
#1104=ORIENTED_EDGE('',*,*,#836,.F.);
#1105=ORIENTED_EDGE('',*,*,#835,.F.);
#1106=ORIENTED_EDGE('',*,*,#837,.T.);
#1107=ORIENTED_EDGE('',*,*,#838,.T.);
#1108=ORIENTED_EDGE('',*,*,#839,.F.);
#1109=ORIENTED_EDGE('',*,*,#838,.F.);
#1110=ORIENTED_EDGE('',*,*,#840,.T.);
#1111=ORIENTED_EDGE('',*,*,#833,.T.);
#1112=ORIENTED_EDGE('',*,*,#834,.F.);
#1113=ORIENTED_EDGE('',*,*,#840,.F.);
#1114=ORIENTED_EDGE('',*,*,#837,.F.);
#1115=ORIENTED_EDGE('',*,*,#841,.F.);
#1116=ORIENTED_EDGE('',*,*,#842,.F.);
#1117=ORIENTED_EDGE('',*,*,#843,.T.);
#1118=ORIENTED_EDGE('',*,*,#844,.T.);
#1119=ORIENTED_EDGE('',*,*,#845,.F.);
#1120=ORIENTED_EDGE('',*,*,#844,.F.);
#1121=ORIENTED_EDGE('',*,*,#846,.T.);
#1122=ORIENTED_EDGE('',*,*,#847,.T.);
#1123=ORIENTED_EDGE('',*,*,#848,.F.);
#1124=ORIENTED_EDGE('',*,*,#847,.F.);
#1125=ORIENTED_EDGE('',*,*,#849,.T.);
#1126=ORIENTED_EDGE('',*,*,#842,.T.);
#1127=ORIENTED_EDGE('',*,*,#843,.F.);
#1128=ORIENTED_EDGE('',*,*,#849,.F.);
#1129=ORIENTED_EDGE('',*,*,#846,.F.);
#1130=ORIENTED_EDGE('',*,*,#850,.F.);
#1131=ORIENTED_EDGE('',*,*,#851,.T.);
#1132=ORIENTED_EDGE('',*,*,#852,.F.);
#1133=ORIENTED_EDGE('',*,*,#851,.F.);
#1134=ORIENTED_EDGE('',*,*,#853,.F.);
#1135=ORIENTED_EDGE('',*,*,#854,.F.);
#1136=ORIENTED_EDGE('',*,*,#855,.F.);
#1137=ORIENTED_EDGE('',*,*,#856,.F.);
#1138=ORIENTED_EDGE('',*,*,#857,.F.);
#1139=ORIENTED_EDGE('',*,*,#858,.F.);
#1140=ORIENTED_EDGE('',*,*,#859,.F.);
#1141=ORIENTED_EDGE('',*,*,#860,.F.);
#1142=ORIENTED_EDGE('',*,*,#861,.F.);
#1143=ORIENTED_EDGE('',*,*,#862,.F.);
#1144=ORIENTED_EDGE('',*,*,#863,.F.);
#1145=ORIENTED_EDGE('',*,*,#864,.F.);
#1146=ORIENTED_EDGE('',*,*,#865,.F.);
#1147=ORIENTED_EDGE('',*,*,#866,.F.);
#1148=ORIENTED_EDGE('',*,*,#867,.F.);
#1149=ORIENTED_EDGE('',*,*,#868,.F.);
#1150=ORIENTED_EDGE('',*,*,#869,.F.);
#1151=ORIENTED_EDGE('',*,*,#870,.F.);
#1152=ORIENTED_EDGE('',*,*,#871,.F.);
#1153=ORIENTED_EDGE('',*,*,#872,.F.);
#1154=ORIENTED_EDGE('',*,*,#873,.F.);
#1155=ORIENTED_EDGE('',*,*,#874,.F.);
#1156=ORIENTED_EDGE('',*,*,#875,.F.);
#1157=ORIENTED_EDGE('',*,*,#876,.F.);
#1158=ORIENTED_EDGE('',*,*,#877,.F.);
#1159=ORIENTED_EDGE('',*,*,#878,.F.);
#1160=ORIENTED_EDGE('',*,*,#879,.F.);
#1161=ORIENTED_EDGE('',*,*,#880,.T.);
#1162=ORIENTED_EDGE('',*,*,#881,.T.);
#1163=ORIENTED_EDGE('',*,*,#882,.T.);
#1164=ORIENTED_EDGE('',*,*,#883,.T.);
#1165=ORIENTED_EDGE('',*,*,#884,.T.);
#1166=ORIENTED_EDGE('',*,*,#885,.T.);
#1167=ORIENTED_EDGE('',*,*,#886,.T.);
#1168=ORIENTED_EDGE('',*,*,#887,.T.);
#1169=ORIENTED_EDGE('',*,*,#888,.T.);
#1170=ORIENTED_EDGE('',*,*,#889,.T.);
#1171=ORIENTED_EDGE('',*,*,#890,.T.);
#1172=ORIENTED_EDGE('',*,*,#891,.T.);
#1173=ORIENTED_EDGE('',*,*,#892,.F.);
#1174=ORIENTED_EDGE('',*,*,#893,.F.);
#1175=ORIENTED_EDGE('',*,*,#894,.F.);
#1176=ORIENTED_EDGE('',*,*,#895,.F.);
#1177=ORIENTED_EDGE('',*,*,#896,.F.);
#1178=ORIENTED_EDGE('',*,*,#897,.F.);
#1179=ORIENTED_EDGE('',*,*,#898,.T.);
#1180=ORIENTED_EDGE('',*,*,#899,.T.);
#1181=ORIENTED_EDGE('',*,*,#900,.T.);
#1182=ORIENTED_EDGE('',*,*,#901,.T.);
#1183=ORIENTED_EDGE('',*,*,#902,.T.);
#1184=ORIENTED_EDGE('',*,*,#903,.T.);
#1185=ORIENTED_EDGE('',*,*,#904,.T.);
#1186=ORIENTED_EDGE('',*,*,#905,.F.);
#1187=ORIENTED_EDGE('',*,*,#906,.F.);
#1188=ORIENTED_EDGE('',*,*,#907,.F.);
#1189=ORIENTED_EDGE('',*,*,#811,.F.);
#1190=ORIENTED_EDGE('',*,*,#908,.F.);
#1191=ORIENTED_EDGE('',*,*,#909,.F.);
#1192=ORIENTED_EDGE('',*,*,#910,.T.);
#1193=ORIENTED_EDGE('',*,*,#854,.T.);
#1194=ORIENTED_EDGE('',*,*,#911,.T.);
#1195=ORIENTED_EDGE('',*,*,#912,.F.);
#1196=ORIENTED_EDGE('',*,*,#913,.F.);
#1197=ORIENTED_EDGE('',*,*,#855,.T.);
#1198=ORIENTED_EDGE('',*,*,#913,.T.);
#1199=ORIENTED_EDGE('',*,*,#914,.F.);
#1200=ORIENTED_EDGE('',*,*,#915,.F.);
#1201=ORIENTED_EDGE('',*,*,#856,.T.);
#1202=ORIENTED_EDGE('',*,*,#915,.T.);
#1203=ORIENTED_EDGE('',*,*,#916,.F.);
#1204=ORIENTED_EDGE('',*,*,#917,.F.);
#1205=ORIENTED_EDGE('',*,*,#857,.T.);
#1206=ORIENTED_EDGE('',*,*,#917,.T.);
#1207=ORIENTED_EDGE('',*,*,#918,.F.);
#1208=ORIENTED_EDGE('',*,*,#919,.F.);
#1209=ORIENTED_EDGE('',*,*,#858,.T.);
#1210=ORIENTED_EDGE('',*,*,#919,.T.);
#1211=ORIENTED_EDGE('',*,*,#920,.F.);
#1212=ORIENTED_EDGE('',*,*,#921,.F.);
#1213=ORIENTED_EDGE('',*,*,#859,.T.);
#1214=ORIENTED_EDGE('',*,*,#921,.T.);
#1215=ORIENTED_EDGE('',*,*,#922,.F.);
#1216=ORIENTED_EDGE('',*,*,#923,.F.);
#1217=ORIENTED_EDGE('',*,*,#860,.T.);
#1218=ORIENTED_EDGE('',*,*,#923,.T.);
#1219=ORIENTED_EDGE('',*,*,#924,.F.);
#1220=ORIENTED_EDGE('',*,*,#925,.F.);
#1221=ORIENTED_EDGE('',*,*,#861,.T.);
#1222=ORIENTED_EDGE('',*,*,#925,.T.);
#1223=ORIENTED_EDGE('',*,*,#926,.F.);
#1224=ORIENTED_EDGE('',*,*,#927,.F.);
#1225=ORIENTED_EDGE('',*,*,#862,.T.);
#1226=ORIENTED_EDGE('',*,*,#927,.T.);
#1227=ORIENTED_EDGE('',*,*,#928,.F.);
#1228=ORIENTED_EDGE('',*,*,#929,.F.);
#1229=ORIENTED_EDGE('',*,*,#863,.T.);
#1230=ORIENTED_EDGE('',*,*,#929,.T.);
#1231=ORIENTED_EDGE('',*,*,#930,.F.);
#1232=ORIENTED_EDGE('',*,*,#931,.F.);
#1233=ORIENTED_EDGE('',*,*,#864,.T.);
#1234=ORIENTED_EDGE('',*,*,#931,.T.);
#1235=ORIENTED_EDGE('',*,*,#932,.F.);
#1236=ORIENTED_EDGE('',*,*,#933,.F.);
#1237=ORIENTED_EDGE('',*,*,#865,.T.);
#1238=ORIENTED_EDGE('',*,*,#933,.T.);
#1239=ORIENTED_EDGE('',*,*,#934,.F.);
#1240=ORIENTED_EDGE('',*,*,#935,.F.);
#1241=ORIENTED_EDGE('',*,*,#866,.T.);
#1242=ORIENTED_EDGE('',*,*,#935,.T.);
#1243=ORIENTED_EDGE('',*,*,#936,.F.);
#1244=ORIENTED_EDGE('',*,*,#937,.F.);
#1245=ORIENTED_EDGE('',*,*,#867,.T.);
#1246=ORIENTED_EDGE('',*,*,#937,.T.);
#1247=ORIENTED_EDGE('',*,*,#938,.F.);
#1248=ORIENTED_EDGE('',*,*,#939,.F.);
#1249=ORIENTED_EDGE('',*,*,#868,.T.);
#1250=ORIENTED_EDGE('',*,*,#939,.T.);
#1251=ORIENTED_EDGE('',*,*,#940,.F.);
#1252=ORIENTED_EDGE('',*,*,#941,.F.);
#1253=ORIENTED_EDGE('',*,*,#869,.T.);
#1254=ORIENTED_EDGE('',*,*,#941,.T.);
#1255=ORIENTED_EDGE('',*,*,#942,.F.);
#1256=ORIENTED_EDGE('',*,*,#943,.F.);
#1257=ORIENTED_EDGE('',*,*,#870,.T.);
#1258=ORIENTED_EDGE('',*,*,#943,.T.);
#1259=ORIENTED_EDGE('',*,*,#944,.F.);
#1260=ORIENTED_EDGE('',*,*,#945,.F.);
#1261=ORIENTED_EDGE('',*,*,#871,.T.);
#1262=ORIENTED_EDGE('',*,*,#945,.T.);
#1263=ORIENTED_EDGE('',*,*,#946,.F.);
#1264=ORIENTED_EDGE('',*,*,#947,.F.);
#1265=ORIENTED_EDGE('',*,*,#872,.T.);
#1266=ORIENTED_EDGE('',*,*,#947,.T.);
#1267=ORIENTED_EDGE('',*,*,#948,.F.);
#1268=ORIENTED_EDGE('',*,*,#949,.F.);
#1269=ORIENTED_EDGE('',*,*,#873,.T.);
#1270=ORIENTED_EDGE('',*,*,#949,.T.);
#1271=ORIENTED_EDGE('',*,*,#950,.F.);
#1272=ORIENTED_EDGE('',*,*,#951,.F.);
#1273=ORIENTED_EDGE('',*,*,#874,.T.);
#1274=ORIENTED_EDGE('',*,*,#951,.T.);
#1275=ORIENTED_EDGE('',*,*,#952,.F.);
#1276=ORIENTED_EDGE('',*,*,#953,.F.);
#1277=ORIENTED_EDGE('',*,*,#875,.T.);
#1278=ORIENTED_EDGE('',*,*,#953,.T.);
#1279=ORIENTED_EDGE('',*,*,#954,.F.);
#1280=ORIENTED_EDGE('',*,*,#955,.F.);
#1281=ORIENTED_EDGE('',*,*,#876,.T.);
#1282=ORIENTED_EDGE('',*,*,#955,.T.);
#1283=ORIENTED_EDGE('',*,*,#956,.F.);
#1284=ORIENTED_EDGE('',*,*,#957,.F.);
#1285=ORIENTED_EDGE('',*,*,#877,.T.);
#1286=ORIENTED_EDGE('',*,*,#957,.T.);
#1287=ORIENTED_EDGE('',*,*,#958,.F.);
#1288=ORIENTED_EDGE('',*,*,#959,.F.);
#1289=ORIENTED_EDGE('',*,*,#878,.T.);
#1290=ORIENTED_EDGE('',*,*,#959,.T.);
#1291=ORIENTED_EDGE('',*,*,#960,.F.);
#1292=ORIENTED_EDGE('',*,*,#961,.F.);
#1293=ORIENTED_EDGE('',*,*,#879,.T.);
#1294=ORIENTED_EDGE('',*,*,#961,.T.);
#1295=ORIENTED_EDGE('',*,*,#962,.F.);
#1296=ORIENTED_EDGE('',*,*,#963,.F.);
#1297=ORIENTED_EDGE('',*,*,#853,.T.);
#1298=ORIENTED_EDGE('',*,*,#963,.T.);
#1299=ORIENTED_EDGE('',*,*,#964,.F.);
#1300=ORIENTED_EDGE('',*,*,#911,.F.);
#1301=ORIENTED_EDGE('',*,*,#964,.T.);
#1302=ORIENTED_EDGE('',*,*,#962,.T.);
#1303=ORIENTED_EDGE('',*,*,#960,.T.);
#1304=ORIENTED_EDGE('',*,*,#958,.T.);
#1305=ORIENTED_EDGE('',*,*,#956,.T.);
#1306=ORIENTED_EDGE('',*,*,#954,.T.);
#1307=ORIENTED_EDGE('',*,*,#952,.T.);
#1308=ORIENTED_EDGE('',*,*,#950,.T.);
#1309=ORIENTED_EDGE('',*,*,#948,.T.);
#1310=ORIENTED_EDGE('',*,*,#946,.T.);
#1311=ORIENTED_EDGE('',*,*,#944,.T.);
#1312=ORIENTED_EDGE('',*,*,#942,.T.);
#1313=ORIENTED_EDGE('',*,*,#940,.T.);
#1314=ORIENTED_EDGE('',*,*,#938,.T.);
#1315=ORIENTED_EDGE('',*,*,#936,.T.);
#1316=ORIENTED_EDGE('',*,*,#934,.T.);
#1317=ORIENTED_EDGE('',*,*,#932,.T.);
#1318=ORIENTED_EDGE('',*,*,#930,.T.);
#1319=ORIENTED_EDGE('',*,*,#928,.T.);
#1320=ORIENTED_EDGE('',*,*,#926,.T.);
#1321=ORIENTED_EDGE('',*,*,#924,.T.);
#1322=ORIENTED_EDGE('',*,*,#922,.T.);
#1323=ORIENTED_EDGE('',*,*,#920,.T.);
#1324=ORIENTED_EDGE('',*,*,#918,.T.);
#1325=ORIENTED_EDGE('',*,*,#916,.T.);
#1326=ORIENTED_EDGE('',*,*,#914,.T.);
#1327=ORIENTED_EDGE('',*,*,#912,.T.);
#1328=ORIENTED_EDGE('',*,*,#850,.T.);
#1329=ORIENTED_EDGE('',*,*,#880,.F.);
#1330=ORIENTED_EDGE('',*,*,#965,.T.);
#1331=ORIENTED_EDGE('',*,*,#966,.F.);
#1332=ORIENTED_EDGE('',*,*,#967,.F.);
#1333=ORIENTED_EDGE('',*,*,#881,.F.);
#1334=ORIENTED_EDGE('',*,*,#967,.T.);
#1335=ORIENTED_EDGE('',*,*,#968,.F.);
#1336=ORIENTED_EDGE('',*,*,#969,.F.);
#1337=ORIENTED_EDGE('',*,*,#882,.F.);
#1338=ORIENTED_EDGE('',*,*,#969,.T.);
#1339=ORIENTED_EDGE('',*,*,#970,.F.);
#1340=ORIENTED_EDGE('',*,*,#971,.F.);
#1341=ORIENTED_EDGE('',*,*,#883,.F.);
#1342=ORIENTED_EDGE('',*,*,#971,.T.);
#1343=ORIENTED_EDGE('',*,*,#972,.F.);
#1344=ORIENTED_EDGE('',*,*,#973,.F.);
#1345=ORIENTED_EDGE('',*,*,#884,.F.);
#1346=ORIENTED_EDGE('',*,*,#973,.T.);
#1347=ORIENTED_EDGE('',*,*,#974,.F.);
#1348=ORIENTED_EDGE('',*,*,#975,.F.);
#1349=ORIENTED_EDGE('',*,*,#885,.F.);
#1350=ORIENTED_EDGE('',*,*,#975,.T.);
#1351=ORIENTED_EDGE('',*,*,#976,.F.);
#1352=ORIENTED_EDGE('',*,*,#977,.F.);
#1353=ORIENTED_EDGE('',*,*,#886,.F.);
#1354=ORIENTED_EDGE('',*,*,#977,.T.);
#1355=ORIENTED_EDGE('',*,*,#978,.F.);
#1356=ORIENTED_EDGE('',*,*,#979,.F.);
#1357=ORIENTED_EDGE('',*,*,#887,.F.);
#1358=ORIENTED_EDGE('',*,*,#979,.T.);
#1359=ORIENTED_EDGE('',*,*,#980,.F.);
#1360=ORIENTED_EDGE('',*,*,#981,.F.);
#1361=ORIENTED_EDGE('',*,*,#888,.F.);
#1362=ORIENTED_EDGE('',*,*,#981,.T.);
#1363=ORIENTED_EDGE('',*,*,#982,.F.);
#1364=ORIENTED_EDGE('',*,*,#983,.F.);
#1365=ORIENTED_EDGE('',*,*,#889,.F.);
#1366=ORIENTED_EDGE('',*,*,#983,.T.);
#1367=ORIENTED_EDGE('',*,*,#984,.F.);
#1368=ORIENTED_EDGE('',*,*,#985,.F.);
#1369=ORIENTED_EDGE('',*,*,#890,.F.);
#1370=ORIENTED_EDGE('',*,*,#985,.T.);
#1371=ORIENTED_EDGE('',*,*,#986,.F.);
#1372=ORIENTED_EDGE('',*,*,#987,.F.);
#1373=ORIENTED_EDGE('',*,*,#891,.F.);
#1374=ORIENTED_EDGE('',*,*,#987,.T.);
#1375=ORIENTED_EDGE('',*,*,#988,.F.);
#1376=ORIENTED_EDGE('',*,*,#989,.F.);
#1377=ORIENTED_EDGE('',*,*,#892,.T.);
#1378=ORIENTED_EDGE('',*,*,#989,.T.);
#1379=ORIENTED_EDGE('',*,*,#990,.F.);
#1380=ORIENTED_EDGE('',*,*,#991,.F.);
#1381=ORIENTED_EDGE('',*,*,#893,.T.);
#1382=ORIENTED_EDGE('',*,*,#991,.T.);
#1383=ORIENTED_EDGE('',*,*,#992,.F.);
#1384=ORIENTED_EDGE('',*,*,#993,.F.);
#1385=ORIENTED_EDGE('',*,*,#894,.T.);
#1386=ORIENTED_EDGE('',*,*,#993,.T.);
#1387=ORIENTED_EDGE('',*,*,#994,.F.);
#1388=ORIENTED_EDGE('',*,*,#995,.F.);
#1389=ORIENTED_EDGE('',*,*,#895,.T.);
#1390=ORIENTED_EDGE('',*,*,#995,.T.);
#1391=ORIENTED_EDGE('',*,*,#996,.F.);
#1392=ORIENTED_EDGE('',*,*,#997,.F.);
#1393=ORIENTED_EDGE('',*,*,#896,.T.);
#1394=ORIENTED_EDGE('',*,*,#997,.T.);
#1395=ORIENTED_EDGE('',*,*,#998,.F.);
#1396=ORIENTED_EDGE('',*,*,#999,.F.);
#1397=ORIENTED_EDGE('',*,*,#897,.T.);
#1398=ORIENTED_EDGE('',*,*,#999,.T.);
#1399=ORIENTED_EDGE('',*,*,#1000,.F.);
#1400=ORIENTED_EDGE('',*,*,#1001,.F.);
#1401=ORIENTED_EDGE('',*,*,#898,.F.);
#1402=ORIENTED_EDGE('',*,*,#1001,.T.);
#1403=ORIENTED_EDGE('',*,*,#1002,.F.);
#1404=ORIENTED_EDGE('',*,*,#1003,.F.);
#1405=ORIENTED_EDGE('',*,*,#899,.F.);
#1406=ORIENTED_EDGE('',*,*,#1003,.T.);
#1407=ORIENTED_EDGE('',*,*,#1004,.F.);
#1408=ORIENTED_EDGE('',*,*,#1005,.F.);
#1409=ORIENTED_EDGE('',*,*,#900,.F.);
#1410=ORIENTED_EDGE('',*,*,#1005,.T.);
#1411=ORIENTED_EDGE('',*,*,#1006,.F.);
#1412=ORIENTED_EDGE('',*,*,#1007,.F.);
#1413=ORIENTED_EDGE('',*,*,#901,.F.);
#1414=ORIENTED_EDGE('',*,*,#1007,.T.);
#1415=ORIENTED_EDGE('',*,*,#1008,.F.);
#1416=ORIENTED_EDGE('',*,*,#1009,.F.);
#1417=ORIENTED_EDGE('',*,*,#902,.F.);
#1418=ORIENTED_EDGE('',*,*,#1009,.T.);
#1419=ORIENTED_EDGE('',*,*,#1010,.F.);
#1420=ORIENTED_EDGE('',*,*,#1011,.F.);
#1421=ORIENTED_EDGE('',*,*,#903,.F.);
#1422=ORIENTED_EDGE('',*,*,#1011,.T.);
#1423=ORIENTED_EDGE('',*,*,#1012,.F.);
#1424=ORIENTED_EDGE('',*,*,#1013,.F.);
#1425=ORIENTED_EDGE('',*,*,#904,.F.);
#1426=ORIENTED_EDGE('',*,*,#1013,.T.);
#1427=ORIENTED_EDGE('',*,*,#1014,.F.);
#1428=ORIENTED_EDGE('',*,*,#1015,.F.);
#1429=ORIENTED_EDGE('',*,*,#905,.T.);
#1430=ORIENTED_EDGE('',*,*,#1015,.T.);
#1431=ORIENTED_EDGE('',*,*,#1016,.F.);
#1432=ORIENTED_EDGE('',*,*,#1017,.F.);
#1433=ORIENTED_EDGE('',*,*,#906,.T.);
#1434=ORIENTED_EDGE('',*,*,#1017,.T.);
#1435=ORIENTED_EDGE('',*,*,#1018,.F.);
#1436=ORIENTED_EDGE('',*,*,#1019,.F.);
#1437=ORIENTED_EDGE('',*,*,#907,.T.);
#1438=ORIENTED_EDGE('',*,*,#1019,.T.);
#1439=ORIENTED_EDGE('',*,*,#1020,.F.);
#1440=ORIENTED_EDGE('',*,*,#812,.F.);
#1441=ORIENTED_EDGE('',*,*,#908,.T.);
#1442=ORIENTED_EDGE('',*,*,#810,.T.);
#1443=ORIENTED_EDGE('',*,*,#1021,.F.);
#1444=ORIENTED_EDGE('',*,*,#1022,.F.);
#1445=ORIENTED_EDGE('',*,*,#909,.T.);
#1446=ORIENTED_EDGE('',*,*,#1022,.T.);
#1447=ORIENTED_EDGE('',*,*,#1023,.F.);
#1448=ORIENTED_EDGE('',*,*,#1024,.F.);
#1449=ORIENTED_EDGE('',*,*,#910,.F.);
#1450=ORIENTED_EDGE('',*,*,#1024,.T.);
#1451=ORIENTED_EDGE('',*,*,#1025,.F.);
#1452=ORIENTED_EDGE('',*,*,#965,.F.);
#1453=ORIENTED_EDGE('',*,*,#786,.T.);
#1454=ORIENTED_EDGE('',*,*,#813,.T.);
#1455=ORIENTED_EDGE('',*,*,#1020,.T.);
#1456=ORIENTED_EDGE('',*,*,#1018,.T.);
#1457=ORIENTED_EDGE('',*,*,#1016,.T.);
#1458=ORIENTED_EDGE('',*,*,#1014,.T.);
#1459=ORIENTED_EDGE('',*,*,#1012,.T.);
#1460=ORIENTED_EDGE('',*,*,#1010,.T.);
#1461=ORIENTED_EDGE('',*,*,#1008,.T.);
#1462=ORIENTED_EDGE('',*,*,#1006,.T.);
#1463=ORIENTED_EDGE('',*,*,#1004,.T.);
#1464=ORIENTED_EDGE('',*,*,#1002,.T.);
#1465=ORIENTED_EDGE('',*,*,#1000,.T.);
#1466=ORIENTED_EDGE('',*,*,#998,.T.);
#1467=ORIENTED_EDGE('',*,*,#996,.T.);
#1468=ORIENTED_EDGE('',*,*,#994,.T.);
#1469=ORIENTED_EDGE('',*,*,#992,.T.);
#1470=ORIENTED_EDGE('',*,*,#990,.T.);
#1471=ORIENTED_EDGE('',*,*,#988,.T.);
#1472=ORIENTED_EDGE('',*,*,#986,.T.);
#1473=ORIENTED_EDGE('',*,*,#984,.T.);
#1474=ORIENTED_EDGE('',*,*,#982,.T.);
#1475=ORIENTED_EDGE('',*,*,#980,.T.);
#1476=ORIENTED_EDGE('',*,*,#978,.T.);
#1477=ORIENTED_EDGE('',*,*,#976,.T.);
#1478=ORIENTED_EDGE('',*,*,#974,.T.);
#1479=ORIENTED_EDGE('',*,*,#972,.T.);
#1480=ORIENTED_EDGE('',*,*,#970,.T.);
#1481=ORIENTED_EDGE('',*,*,#968,.T.);
#1482=ORIENTED_EDGE('',*,*,#966,.T.);
#1483=ORIENTED_EDGE('',*,*,#1025,.T.);
#1484=ORIENTED_EDGE('',*,*,#1023,.T.);
#1485=ORIENTED_EDGE('',*,*,#1021,.T.);
#1486=ORIENTED_EDGE('',*,*,#809,.T.);
#1487=ORIENTED_EDGE('',*,*,#804,.T.);
#1488=ORIENTED_EDGE('',*,*,#807,.T.);
#1489=ORIENTED_EDGE('',*,*,#797,.T.);
#1490=ORIENTED_EDGE('',*,*,#808,.T.);
#1491=ORIENTED_EDGE('',*,*,#793,.T.);
#1492=ORIENTED_EDGE('',*,*,#796,.T.);
#1493=ORIENTED_EDGE('',*,*,#852,.T.);
#1494=ORIENTED_EDGE('',*,*,#845,.T.);
#1495=ORIENTED_EDGE('',*,*,#848,.T.);
#1496=ORIENTED_EDGE('',*,*,#841,.T.);
#1497=ORIENTED_EDGE('',*,*,#836,.T.);
#1498=ORIENTED_EDGE('',*,*,#839,.T.);
#1499=ORIENTED_EDGE('',*,*,#832,.T.);
#1500=ORIENTED_EDGE('',*,*,#827,.T.);
#1501=ORIENTED_EDGE('',*,*,#830,.T.);
#1502=ORIENTED_EDGE('',*,*,#823,.T.);
#1503=ORIENTED_EDGE('',*,*,#818,.T.);
#1504=ORIENTED_EDGE('',*,*,#821,.T.);
#1505=ORIENTED_EDGE('',*,*,#814,.T.);
#1506=CYLINDRICAL_SURFACE('',#1655,1.70000000000003);
#1507=CYLINDRICAL_SURFACE('',#1659,1.70000000000002);
#1508=CYLINDRICAL_SURFACE('',#1663,1.70000000000003);
#1509=CYLINDRICAL_SURFACE('',#1667,1.70000000000002);
#1510=CYLINDRICAL_SURFACE('',#1672,2.5);
#1511=CYLINDRICAL_SURFACE('',#1679,2.5);
#1512=CYLINDRICAL_SURFACE('',#1684,2.5);
#1513=CYLINDRICAL_SURFACE('',#1691,2.5);
#1514=CYLINDRICAL_SURFACE('',#1696,14.0273720301665);
#1515=CYLINDRICAL_SURFACE('',#1739,41.0903431022081);
#1516=CYLINDRICAL_SURFACE('',#1741,49.4354579217623);
#1517=CYLINDRICAL_SURFACE('',#1743,27.6964537582617);
#1518=CYLINDRICAL_SURFACE('',#1745,27.3458574031824);
#1519=CYLINDRICAL_SURFACE('',#1747,46.9498637564589);
#1520=CYLINDRICAL_SURFACE('',#1749,31.5660837078851);
#1521=CYLINDRICAL_SURFACE('',#1751,35.5429610920685);
#1522=CYLINDRICAL_SURFACE('',#1758,43.5663998676468);
#1523=CYLINDRICAL_SURFACE('',#1760,28.4606050820725);
#1524=CYLINDRICAL_SURFACE('',#1762,35.7940250226936);
#1525=CYLINDRICAL_SURFACE('',#1764,34.3084414221562);
#1526=CYLINDRICAL_SURFACE('',#1766,34.2583100668839);
#1527=CYLINDRICAL_SURFACE('',#1768,35.6039181708056);
#1528=CYLINDRICAL_SURFACE('',#1775,22.9587918636249);
#1529=CYLINDRICAL_SURFACE('',#1777,44.792298600163);
#1530=CYLINDRICAL_SURFACE('',#1779,30.296188955191);
#1531=CYLINDRICAL_SURFACE('',#1781,29.673036225303);
#1532=CYLINDRICAL_SURFACE('',#1784,33.7429610920685);
#1533=CYLINDRICAL_SURFACE('',#1786,29.7660837078826);
#1534=CYLINDRICAL_SURFACE('',#1788,45.1498637564527);
#1535=CYLINDRICAL_SURFACE('',#1790,25.5458574031856);
#1536=CYLINDRICAL_SURFACE('',#1792,25.8964537582652);
#1537=CYLINDRICAL_SURFACE('',#1794,47.6354579217629);
#1538=CYLINDRICAL_SURFACE('',#1796,39.2903431022071);
#1539=CYLINDRICAL_SURFACE('',#1798,27.873036225302);
#1540=CYLINDRICAL_SURFACE('',#1800,28.4961889551929);
#1541=CYLINDRICAL_SURFACE('',#1802,42.9922986001656);
#1542=CYLINDRICAL_SURFACE('',#1804,21.1587918636251);
#1543=CYLINDRICAL_SURFACE('',#1806,53.9655644381533);
#1544=CYLINDRICAL_SURFACE('',#1813,303.456993472093);
#1545=CYLINDRICAL_SURFACE('',#1815,33.8039181708056);
#1546=CYLINDRICAL_SURFACE('',#1817,32.4583100668837);
#1547=CYLINDRICAL_SURFACE('',#1819,32.5084414221604);
#1548=CYLINDRICAL_SURFACE('',#1821,33.9940250226955);
#1549=CYLINDRICAL_SURFACE('',#1823,26.6606050820702);
#1550=CYLINDRICAL_SURFACE('',#1825,41.7663998676506);
#1551=CYLINDRICAL_SURFACE('',#1827,40.4389863490851);
#1552=CYLINDRICAL_SURFACE('',#1829,236.277766620904);
#1553=CYLINDRICAL_SURFACE('',#1835,35.672876856911);
#1554=ADVANCED_FACE('',(#61),#1506,.F.);
#1555=ADVANCED_FACE('',(#62),#22,.F.);
#1556=ADVANCED_FACE('',(#63),#1507,.F.);
#1557=ADVANCED_FACE('',(#64),#23,.T.);
#1558=ADVANCED_FACE('',(#65),#1508,.F.);
#1559=ADVANCED_FACE('',(#66),#24,.F.);
#1560=ADVANCED_FACE('',(#67),#1509,.F.);
#1561=ADVANCED_FACE('',(#68),#25,.T.);
#1562=ADVANCED_FACE('',(#69),#26,.T.);
#1563=ADVANCED_FACE('',(#70),#1510,.F.);
#1564=ADVANCED_FACE('',(#71),#27,.F.);
#1565=ADVANCED_FACE('',(#72),#28,.F.);
#1566=ADVANCED_FACE('',(#73),#29,.F.);
#1567=ADVANCED_FACE('',(#74),#30,.F.);
#1568=ADVANCED_FACE('',(#75),#1511,.F.);
#1569=ADVANCED_FACE('',(#76),#31,.F.);
#1570=ADVANCED_FACE('',(#77),#32,.F.);
#1571=ADVANCED_FACE('',(#78),#1512,.F.);
#1572=ADVANCED_FACE('',(#79),#33,.F.);
#1573=ADVANCED_FACE('',(#80),#34,.F.);
#1574=ADVANCED_FACE('',(#81),#35,.F.);
#1575=ADVANCED_FACE('',(#82),#36,.F.);
#1576=ADVANCED_FACE('',(#83),#1513,.F.);
#1577=ADVANCED_FACE('',(#84),#37,.F.);
#1578=ADVANCED_FACE('',(#85),#38,.F.);
#1579=ADVANCED_FACE('',(#86),#1514,.F.);
#1580=ADVANCED_FACE('',(#87,#15),#39,.F.);
#1581=ADVANCED_FACE('',(#88),#1515,.T.);
#1582=ADVANCED_FACE('',(#89),#1516,.T.);
#1583=ADVANCED_FACE('',(#90),#1517,.T.);
#1584=ADVANCED_FACE('',(#91),#1518,.T.);
#1585=ADVANCED_FACE('',(#92),#1519,.T.);
#1586=ADVANCED_FACE('',(#93),#1520,.T.);
#1587=ADVANCED_FACE('',(#94),#1521,.T.);
#1588=ADVANCED_FACE('',(#95),#40,.T.);
#1589=ADVANCED_FACE('',(#96),#41,.T.);
#1590=ADVANCED_FACE('',(#97),#42,.T.);
#1591=ADVANCED_FACE('',(#98),#43,.T.);
#1592=ADVANCED_FACE('',(#99),#44,.T.);
#1593=ADVANCED_FACE('',(#100),#1522,.T.);
#1594=ADVANCED_FACE('',(#101),#1523,.T.);
#1595=ADVANCED_FACE('',(#102),#1524,.T.);
#1596=ADVANCED_FACE('',(#103),#1525,.T.);
#1597=ADVANCED_FACE('',(#104),#1526,.T.);
#1598=ADVANCED_FACE('',(#105),#1527,.T.);
#1599=ADVANCED_FACE('',(#106),#45,.T.);
#1600=ADVANCED_FACE('',(#107),#46,.T.);
#1601=ADVANCED_FACE('',(#108),#47,.T.);
#1602=ADVANCED_FACE('',(#109),#48,.T.);
#1603=ADVANCED_FACE('',(#110),#49,.T.);
#1604=ADVANCED_FACE('',(#111),#1528,.T.);
#1605=ADVANCED_FACE('',(#112),#1529,.T.);
#1606=ADVANCED_FACE('',(#113),#1530,.T.);
#1607=ADVANCED_FACE('',(#114),#1531,.T.);
#1608=ADVANCED_FACE('',(#115,#16),#50,.T.);
#1609=ADVANCED_FACE('',(#116),#1532,.T.);
#1610=ADVANCED_FACE('',(#117),#1533,.T.);
#1611=ADVANCED_FACE('',(#118),#1534,.T.);
#1612=ADVANCED_FACE('',(#119),#1535,.T.);
#1613=ADVANCED_FACE('',(#120),#1536,.T.);
#1614=ADVANCED_FACE('',(#121),#1537,.T.);
#1615=ADVANCED_FACE('',(#122),#1538,.T.);
#1616=ADVANCED_FACE('',(#123),#1539,.T.);
#1617=ADVANCED_FACE('',(#124),#1540,.T.);
#1618=ADVANCED_FACE('',(#125),#1541,.T.);
#1619=ADVANCED_FACE('',(#126),#1542,.T.);
#1620=ADVANCED_FACE('',(#127),#1543,.T.);
#1621=ADVANCED_FACE('',(#128),#51,.T.);
#1622=ADVANCED_FACE('',(#129),#52,.T.);
#1623=ADVANCED_FACE('',(#130),#53,.T.);
#1624=ADVANCED_FACE('',(#131),#54,.T.);
#1625=ADVANCED_FACE('',(#132),#55,.T.);
#1626=ADVANCED_FACE('',(#133),#1544,.F.);
#1627=ADVANCED_FACE('',(#134),#1545,.T.);
#1628=ADVANCED_FACE('',(#135),#1546,.T.);
#1629=ADVANCED_FACE('',(#136),#1547,.T.);
#1630=ADVANCED_FACE('',(#137),#1548,.T.);
#1631=ADVANCED_FACE('',(#138),#1549,.T.);
#1632=ADVANCED_FACE('',(#139),#1550,.T.);
#1633=ADVANCED_FACE('',(#140),#1551,.T.);
#1634=ADVANCED_FACE('',(#141),#1552,.F.);
#1635=ADVANCED_FACE('',(#142),#56,.T.);
#1636=ADVANCED_FACE('',(#143),#57,.T.);
#1637=ADVANCED_FACE('',(#144),#58,.T.);
#1638=ADVANCED_FACE('',(#145),#59,.T.);
#1639=ADVANCED_FACE('',(#146),#1553,.T.);
#1640=ADVANCED_FACE('',(#147,#17,#18,#19,#20,#21),#60,.F.);
#1641=CLOSED_SHELL('',(#1554,#1555,#1556,#1557,#1558,#1559,#1560,#1561,
#1562,#1563,#1564,#1565,#1566,#1567,#1568,#1569,#1570,#1571,#1572,#1573,
#1574,#1575,#1576,#1577,#1578,#1579,#1580,#1581,#1582,#1583,#1584,#1585,
#1586,#1587,#1588,#1589,#1590,#1591,#1592,#1593,#1594,#1595,#1596,#1597,
#1598,#1599,#1600,#1601,#1602,#1603,#1604,#1605,#1606,#1607,#1608,#1609,
#1610,#1611,#1612,#1613,#1614,#1615,#1616,#1617,#1618,#1619,#1620,#1621,
#1622,#1623,#1624,#1625,#1626,#1627,#1628,#1629,#1630,#1631,#1632,#1633,
#1634,#1635,#1636,#1637,#1638,#1639,#1640));
#1642=DERIVED_UNIT_ELEMENT(#1644,1.);
#1643=DERIVED_UNIT_ELEMENT(#2843,-3.);
#1644=(
MASS_UNIT()
NAMED_UNIT(*)
SI_UNIT(.KILO.,.GRAM.)
);
#1645=DERIVED_UNIT((#1642,#1643));
#1646=MEASURE_REPRESENTATION_ITEM('density measure',
POSITIVE_RATIO_MEASURE(7850.),#1645);
#1647=PROPERTY_DEFINITION_REPRESENTATION(#1652,#1649);
#1648=PROPERTY_DEFINITION_REPRESENTATION(#1653,#1650);
#1649=REPRESENTATION('material name',(#1651),#2840);
#1650=REPRESENTATION('density',(#1646),#2840);
#1651=DESCRIPTIVE_REPRESENTATION_ITEM('Steel','Steel');
#1652=PROPERTY_DEFINITION('material property','material name',#2850);
#1653=PROPERTY_DEFINITION('material property','density of part',#2850);
#1654=AXIS2_PLACEMENT_3D('',#2350,#1838,#1839);
#1655=AXIS2_PLACEMENT_3D('',#2351,#1840,#1841);
#1656=AXIS2_PLACEMENT_3D('',#2356,#1843,#1844);
#1657=AXIS2_PLACEMENT_3D('',#2359,#1846,#1847);
#1658=AXIS2_PLACEMENT_3D('',#2360,#1848,#1849);
#1659=AXIS2_PLACEMENT_3D('',#2366,#1853,#1854);
#1660=AXIS2_PLACEMENT_3D('',#2370,#1856,#1857);
#1661=AXIS2_PLACEMENT_3D('',#2371,#1858,#1859);
#1662=AXIS2_PLACEMENT_3D('',#2372,#1860,#1861);
#1663=AXIS2_PLACEMENT_3D('',#2374,#1863,#1864);
#1664=AXIS2_PLACEMENT_3D('',#2379,#1866,#1867);
#1665=AXIS2_PLACEMENT_3D('',#2382,#1869,#1870);
#1666=AXIS2_PLACEMENT_3D('',#2383,#1871,#1872);
#1667=AXIS2_PLACEMENT_3D('',#2389,#1876,#1877);
#1668=AXIS2_PLACEMENT_3D('',#2393,#1879,#1880);
#1669=AXIS2_PLACEMENT_3D('',#2394,#1881,#1882);
#1670=AXIS2_PLACEMENT_3D('',#2395,#1883,#1884);
#1671=AXIS2_PLACEMENT_3D('',#2397,#1886,#1887);
#1672=AXIS2_PLACEMENT_3D('',#2408,#1894,#1895);
#1673=AXIS2_PLACEMENT_3D('',#2411,#1896,#1897);
#1674=AXIS2_PLACEMENT_3D('',#2415,#1899,#1900);
#1675=AXIS2_PLACEMENT_3D('',#2417,#1902,#1903);
#1676=AXIS2_PLACEMENT_3D('',#2423,#1907,#1908);
#1677=AXIS2_PLACEMENT_3D('',#2426,#1911,#1912);
#1678=AXIS2_PLACEMENT_3D('',#2427,#1913,#1914);
#1679=AXIS2_PLACEMENT_3D('',#2436,#1919,#1920);
#1680=AXIS2_PLACEMENT_3D('',#2438,#1921,#1922);
#1681=AXIS2_PLACEMENT_3D('',#2440,#1923,#1924);
#1682=AXIS2_PLACEMENT_3D('',#2442,#1926,#1927);
#1683=AXIS2_PLACEMENT_3D('',#2445,#1930,#1931);
#1684=AXIS2_PLACEMENT_3D('',#2446,#1932,#1933);
#1685=AXIS2_PLACEMENT_3D('',#2449,#1934,#1935);
#1686=AXIS2_PLACEMENT_3D('',#2453,#1937,#1938);
#1687=AXIS2_PLACEMENT_3D('',#2455,#1940,#1941);
#1688=AXIS2_PLACEMENT_3D('',#2461,#1945,#1946);
#1689=AXIS2_PLACEMENT_3D('',#2464,#1949,#1950);
#1690=AXIS2_PLACEMENT_3D('',#2465,#1951,#1952);
#1691=AXIS2_PLACEMENT_3D('',#2474,#1957,#1958);
#1692=AXIS2_PLACEMENT_3D('',#2476,#1959,#1960);
#1693=AXIS2_PLACEMENT_3D('',#2478,#1961,#1962);
#1694=AXIS2_PLACEMENT_3D('',#2480,#1964,#1965);
#1695=AXIS2_PLACEMENT_3D('',#2483,#1968,#1969);
#1696=AXIS2_PLACEMENT_3D('',#2484,#1970,#1971);
#1697=AXIS2_PLACEMENT_3D('',#2486,#1972,#1973);
#1698=AXIS2_PLACEMENT_3D('',#2489,#1975,#1976);
#1699=AXIS2_PLACEMENT_3D('',#2490,#1977,#1978);
#1700=AXIS2_PLACEMENT_3D('',#2493,#1979,#1980);
#1701=AXIS2_PLACEMENT_3D('',#2495,#1981,#1982);
#1702=AXIS2_PLACEMENT_3D('',#2497,#1983,#1984);
#1703=AXIS2_PLACEMENT_3D('',#2499,#1985,#1986);
#1704=AXIS2_PLACEMENT_3D('',#2501,#1987,#1988);
#1705=AXIS2_PLACEMENT_3D('',#2503,#1989,#1990);
#1706=AXIS2_PLACEMENT_3D('',#2505,#1991,#1992);
#1707=AXIS2_PLACEMENT_3D('',#2507,#1993,#1994);
#1708=AXIS2_PLACEMENT_3D('',#2519,#2000,#2001);
#1709=AXIS2_PLACEMENT_3D('',#2521,#2002,#2003);
#1710=AXIS2_PLACEMENT_3D('',#2523,#2004,#2005);
#1711=AXIS2_PLACEMENT_3D('',#2525,#2006,#2007);
#1712=AXIS2_PLACEMENT_3D('',#2527,#2008,#2009);
#1713=AXIS2_PLACEMENT_3D('',#2529,#2010,#2011);
#1714=AXIS2_PLACEMENT_3D('',#2541,#2017,#2018);
#1715=AXIS2_PLACEMENT_3D('',#2543,#2019,#2020);
#1716=AXIS2_PLACEMENT_3D('',#2544,#2021,#2022);
#1717=AXIS2_PLACEMENT_3D('',#2547,#2023,#2024);
#1718=AXIS2_PLACEMENT_3D('',#2549,#2025,#2026);
#1719=AXIS2_PLACEMENT_3D('',#2551,#2027,#2028);
#1720=AXIS2_PLACEMENT_3D('',#2553,#2029,#2030);
#1721=AXIS2_PLACEMENT_3D('',#2555,#2031,#2032);
#1722=AXIS2_PLACEMENT_3D('',#2557,#2033,#2034);
#1723=AXIS2_PLACEMENT_3D('',#2559,#2035,#2036);
#1724=AXIS2_PLACEMENT_3D('',#2561,#2037,#2038);
#1725=AXIS2_PLACEMENT_3D('',#2563,#2039,#2040);
#1726=AXIS2_PLACEMENT_3D('',#2565,#2041,#2042);
#1727=AXIS2_PLACEMENT_3D('',#2567,#2043,#2044);
#1728=AXIS2_PLACEMENT_3D('',#2569,#2045,#2046);
#1729=AXIS2_PLACEMENT_3D('',#2581,#2052,#2053);
#1730=AXIS2_PLACEMENT_3D('',#2583,#2054,#2055);
#1731=AXIS2_PLACEMENT_3D('',#2585,#2056,#2057);
#1732=AXIS2_PLACEMENT_3D('',#2587,#2058,#2059);
#1733=AXIS2_PLACEMENT_3D('',#2589,#2060,#2061);
#1734=AXIS2_PLACEMENT_3D('',#2591,#2062,#2063);
#1735=AXIS2_PLACEMENT_3D('',#2593,#2064,#2065);
#1736=AXIS2_PLACEMENT_3D('',#2595,#2066,#2067);
#1737=AXIS2_PLACEMENT_3D('',#2597,#2068,#2069);
#1738=AXIS2_PLACEMENT_3D('',#2605,#2074,#2075);
#1739=AXIS2_PLACEMENT_3D('',#2606,#2076,#2077);
#1740=AXIS2_PLACEMENT_3D('',#2610,#2079,#2080);
#1741=AXIS2_PLACEMENT_3D('',#2612,#2082,#2083);
#1742=AXIS2_PLACEMENT_3D('',#2614,#2084,#2085);
#1743=AXIS2_PLACEMENT_3D('',#2616,#2087,#2088);
#1744=AXIS2_PLACEMENT_3D('',#2618,#2089,#2090);
#1745=AXIS2_PLACEMENT_3D('',#2620,#2092,#2093);
#1746=AXIS2_PLACEMENT_3D('',#2622,#2094,#2095);
#1747=AXIS2_PLACEMENT_3D('',#2624,#2097,#2098);
#1748=AXIS2_PLACEMENT_3D('',#2626,#2099,#2100);
#1749=AXIS2_PLACEMENT_3D('',#2628,#2102,#2103);
#1750=AXIS2_PLACEMENT_3D('',#2630,#2104,#2105);
#1751=AXIS2_PLACEMENT_3D('',#2632,#2107,#2108);
#1752=AXIS2_PLACEMENT_3D('',#2634,#2109,#2110);
#1753=AXIS2_PLACEMENT_3D('',#2636,#2112,#2113);
#1754=AXIS2_PLACEMENT_3D('',#2640,#2116,#2117);
#1755=AXIS2_PLACEMENT_3D('',#2644,#2120,#2121);
#1756=AXIS2_PLACEMENT_3D('',#2648,#2124,#2125);
#1757=AXIS2_PLACEMENT_3D('',#2652,#2128,#2129);
#1758=AXIS2_PLACEMENT_3D('',#2656,#2132,#2133);
#1759=AXIS2_PLACEMENT_3D('',#2658,#2134,#2135);
#1760=AXIS2_PLACEMENT_3D('',#2660,#2137,#2138);
#1761=AXIS2_PLACEMENT_3D('',#2662,#2139,#2140);
#1762=AXIS2_PLACEMENT_3D('',#2664,#2142,#2143);
#1763=AXIS2_PLACEMENT_3D('',#2666,#2144,#2145);
#1764=AXIS2_PLACEMENT_3D('',#2668,#2147,#2148);
#1765=AXIS2_PLACEMENT_3D('',#2670,#2149,#2150);
#1766=AXIS2_PLACEMENT_3D('',#2672,#2152,#2153);
#1767=AXIS2_PLACEMENT_3D('',#2674,#2154,#2155);
#1768=AXIS2_PLACEMENT_3D('',#2676,#2157,#2158);
#1769=AXIS2_PLACEMENT_3D('',#2678,#2159,#2160);
#1770=AXIS2_PLACEMENT_3D('',#2680,#2162,#2163);
#1771=AXIS2_PLACEMENT_3D('',#2684,#2166,#2167);
#1772=AXIS2_PLACEMENT_3D('',#2688,#2170,#2171);
#1773=AXIS2_PLACEMENT_3D('',#2692,#2174,#2175);
#1774=AXIS2_PLACEMENT_3D('',#2696,#2178,#2179);
#1775=AXIS2_PLACEMENT_3D('',#2700,#2182,#2183);
#1776=AXIS2_PLACEMENT_3D('',#2702,#2184,#2185);
#1777=AXIS2_PLACEMENT_3D('',#2704,#2187,#2188);
#1778=AXIS2_PLACEMENT_3D('',#2706,#2189,#2190);
#1779=AXIS2_PLACEMENT_3D('',#2708,#2192,#2193);
#1780=AXIS2_PLACEMENT_3D('',#2710,#2194,#2195);
#1781=AXIS2_PLACEMENT_3D('',#2712,#2197,#2198);
#1782=AXIS2_PLACEMENT_3D('',#2713,#2199,#2200);
#1783=AXIS2_PLACEMENT_3D('',#2714,#2201,#2202);
#1784=AXIS2_PLACEMENT_3D('',#2715,#2203,#2204);
#1785=AXIS2_PLACEMENT_3D('',#2719,#2206,#2207);
#1786=AXIS2_PLACEMENT_3D('',#2721,#2209,#2210);
#1787=AXIS2_PLACEMENT_3D('',#2723,#2211,#2212);
#1788=AXIS2_PLACEMENT_3D('',#2725,#2214,#2215);
#1789=AXIS2_PLACEMENT_3D('',#2727,#2216,#2217);
#1790=AXIS2_PLACEMENT_3D('',#2729,#2219,#2220);
#1791=AXIS2_PLACEMENT_3D('',#2731,#2221,#2222);
#1792=AXIS2_PLACEMENT_3D('',#2733,#2224,#2225);
#1793=AXIS2_PLACEMENT_3D('',#2735,#2226,#2227);
#1794=AXIS2_PLACEMENT_3D('',#2737,#2229,#2230);
#1795=AXIS2_PLACEMENT_3D('',#2739,#2231,#2232);
#1796=AXIS2_PLACEMENT_3D('',#2741,#2234,#2235);
#1797=AXIS2_PLACEMENT_3D('',#2743,#2236,#2237);
#1798=AXIS2_PLACEMENT_3D('',#2745,#2239,#2240);
#1799=AXIS2_PLACEMENT_3D('',#2747,#2241,#2242);
#1800=AXIS2_PLACEMENT_3D('',#2749,#2244,#2245);
#1801=AXIS2_PLACEMENT_3D('',#2751,#2246,#2247);
#1802=AXIS2_PLACEMENT_3D('',#2753,#2249,#2250);
#1803=AXIS2_PLACEMENT_3D('',#2755,#2251,#2252);
#1804=AXIS2_PLACEMENT_3D('',#2757,#2254,#2255);
#1805=AXIS2_PLACEMENT_3D('',#2759,#2256,#2257);
#1806=AXIS2_PLACEMENT_3D('',#2761,#2259,#2260);
#1807=AXIS2_PLACEMENT_3D('',#2763,#2261,#2262);
#1808=AXIS2_PLACEMENT_3D('',#2765,#2264,#2265);
#1809=AXIS2_PLACEMENT_3D('',#2769,#2268,#2269);
#1810=AXIS2_PLACEMENT_3D('',#2773,#2272,#2273);
#1811=AXIS2_PLACEMENT_3D('',#2777,#2276,#2277);
#1812=AXIS2_PLACEMENT_3D('',#2781,#2280,#2281);
#1813=AXIS2_PLACEMENT_3D('',#2785,#2284,#2285);
#1814=AXIS2_PLACEMENT_3D('',#2787,#2286,#2287);
#1815=AXIS2_PLACEMENT_3D('',#2789,#2289,#2290);
#1816=AXIS2_PLACEMENT_3D('',#2791,#2291,#2292);
#1817=AXIS2_PLACEMENT_3D('',#2793,#2294,#2295);
#1818=AXIS2_PLACEMENT_3D('',#2795,#2296,#2297);
#1819=AXIS2_PLACEMENT_3D('',#2797,#2299,#2300);
#1820=AXIS2_PLACEMENT_3D('',#2799,#2301,#2302);
#1821=AXIS2_PLACEMENT_3D('',#2801,#2304,#2305);
#1822=AXIS2_PLACEMENT_3D('',#2803,#2306,#2307);
#1823=AXIS2_PLACEMENT_3D('',#2805,#2309,#2310);
#1824=AXIS2_PLACEMENT_3D('',#2807,#2311,#2312);
#1825=AXIS2_PLACEMENT_3D('',#2809,#2314,#2315);
#1826=AXIS2_PLACEMENT_3D('',#2811,#2316,#2317);
#1827=AXIS2_PLACEMENT_3D('',#2813,#2319,#2320);
#1828=AXIS2_PLACEMENT_3D('',#2815,#2321,#2322);
#1829=AXIS2_PLACEMENT_3D('',#2817,#2324,#2325);
#1830=AXIS2_PLACEMENT_3D('',#2819,#2326,#2327);
#1831=AXIS2_PLACEMENT_3D('',#2821,#2329,#2330);
#1832=AXIS2_PLACEMENT_3D('',#2825,#2333,#2334);
#1833=AXIS2_PLACEMENT_3D('',#2827,#2336,#2337);
#1834=AXIS2_PLACEMENT_3D('',#2831,#2340,#2341);
#1835=AXIS2_PLACEMENT_3D('',#2835,#2344,#2345);
#1836=AXIS2_PLACEMENT_3D('',#2836,#2346,#2347);
#1837=AXIS2_PLACEMENT_3D('',#2837,#2348,#2349);
#1838=DIRECTION('axis',(0.,0.,1.));
#1839=DIRECTION('refdir',(1.,0.,0.));
#1840=DIRECTION('center_axis',(0.,-1.,0.));
#1841=DIRECTION('ref_axis',(2.08983157576497E-14,0.,1.));
#1842=DIRECTION('',(0.,1.,0.));
#1843=DIRECTION('center_axis',(0.,-1.,0.));
#1844=DIRECTION('ref_axis',(2.08983157576497E-14,0.,1.));
#1845=DIRECTION('',(0.,-1.,0.));
#1846=DIRECTION('center_axis',(0.,-1.,0.));
#1847=DIRECTION('ref_axis',(2.08983157576497E-14,0.,1.));
#1848=DIRECTION('center_axis',(3.64007549057427E-16,0.,1.));
#1849=DIRECTION('ref_axis',(-1.,0.,3.64007549057427E-16));
#1850=DIRECTION('',(-1.,0.,3.64007549057427E-16));
#1851=DIRECTION('',(-1.,0.,3.64007549057427E-16));
#1852=DIRECTION('',(0.,-1.,0.));
#1853=DIRECTION('center_axis',(0.,-1.,0.));
#1854=DIRECTION('ref_axis',(-1.,0.,-1.39757486629283E-13));
#1855=DIRECTION('',(0.,-1.,0.));
#1856=DIRECTION('center_axis',(0.,-1.,0.));
#1857=DIRECTION('ref_axis',(-1.,0.,-1.39757486629283E-13));
#1858=DIRECTION('center_axis',(0.,-1.,0.));
#1859=DIRECTION('ref_axis',(-1.,0.,-1.39757486629283E-13));
#1860=DIRECTION('center_axis',(0.,1.,0.));
#1861=DIRECTION('ref_axis',(-1.,0.,0.));
#1862=DIRECTION('',(1.,0.,0.));
#1863=DIRECTION('center_axis',(0.,-1.,0.));
#1864=DIRECTION('ref_axis',(2.08983157576497E-14,0.,1.));
#1865=DIRECTION('',(0.,1.,0.));
#1866=DIRECTION('center_axis',(0.,-1.,0.));
#1867=DIRECTION('ref_axis',(2.08983157576497E-14,0.,1.));
#1868=DIRECTION('',(0.,-1.,0.));
#1869=DIRECTION('center_axis',(0.,-1.,0.));
#1870=DIRECTION('ref_axis',(2.08983157576497E-14,0.,1.));
#1871=DIRECTION('center_axis',(3.64007549057427E-16,0.,1.));
#1872=DIRECTION('ref_axis',(-1.,0.,3.64007549057427E-16));
#1873=DIRECTION('',(-1.,0.,3.64007549057427E-16));
#1874=DIRECTION('',(-1.,0.,3.64007549057427E-16));
#1875=DIRECTION('',(0.,-1.,0.));
#1876=DIRECTION('center_axis',(0.,-1.,0.));
#1877=DIRECTION('ref_axis',(-1.,0.,-1.39757486629283E-13));
#1878=DIRECTION('',(0.,-1.,0.));
#1879=DIRECTION('center_axis',(0.,-1.,0.));
#1880=DIRECTION('ref_axis',(-1.,0.,-1.39757486629283E-13));
#1881=DIRECTION('center_axis',(0.,-1.,0.));
#1882=DIRECTION('ref_axis',(-1.,0.,-1.39757486629283E-13));
#1883=DIRECTION('center_axis',(0.,1.,0.));
#1884=DIRECTION('ref_axis',(-1.,0.,0.));
#1885=DIRECTION('',(1.,0.,0.));
#1886=DIRECTION('center_axis',(0.,1.,0.));
#1887=DIRECTION('ref_axis',(1.,0.,0.));
#1888=DIRECTION('',(1.,0.,0.));
#1889=DIRECTION('',(1.,0.,0.));
#1890=DIRECTION('',(0.,0.,-1.));
#1891=DIRECTION('',(1.,0.,0.));
#1892=DIRECTION('',(0.,0.,-1.));
#1893=DIRECTION('',(1.,0.,0.));
#1894=DIRECTION('center_axis',(0.,0.,-1.));
#1895=DIRECTION('ref_axis',(-1.,0.,0.));
#1896=DIRECTION('center_axis',(0.,0.,1.));
#1897=DIRECTION('ref_axis',(-1.,0.,0.));
#1898=DIRECTION('',(0.,0.,-1.));
#1899=DIRECTION('center_axis',(0.,0.,1.));
#1900=DIRECTION('ref_axis',(-1.,0.,0.));
#1901=DIRECTION('',(0.,0.,-1.));
#1902=DIRECTION('center_axis',(0.,-1.,0.));
#1903=DIRECTION('ref_axis',(-1.,0.,0.));
#1904=DIRECTION('',(1.,0.,0.));
#1905=DIRECTION('',(1.,0.,0.));
#1906=DIRECTION('',(0.,0.,-1.));
#1907=DIRECTION('center_axis',(0.999923241405955,0.0123899675628241,0.));
#1908=DIRECTION('ref_axis',(0.0123899675628241,-0.999923241405955,0.));
#1909=DIRECTION('',(-0.0123899675628241,0.999923241405955,0.));
#1910=DIRECTION('',(-0.0123899675628241,0.999923241405955,0.));
#1911=DIRECTION('center_axis',(0.,0.,1.));
#1912=DIRECTION('ref_axis',(-1.,0.,0.));
#1913=DIRECTION('center_axis',(-1.,0.,0.));
#1914=DIRECTION('ref_axis',(0.,1.,0.));
#1915=DIRECTION('',(0.,-1.,0.));
#1916=DIRECTION('',(0.,0.,-1.));
#1917=DIRECTION('',(0.,-1.,0.));
#1918=DIRECTION('',(0.,0.,-1.));
#1919=DIRECTION('center_axis',(0.,0.,-1.));
#1920=DIRECTION('ref_axis',(-1.,0.,0.));
#1921=DIRECTION('center_axis',(0.,0.,1.));
#1922=DIRECTION('ref_axis',(-1.,0.,0.));
#1923=DIRECTION('center_axis',(0.,0.,1.));
#1924=DIRECTION('ref_axis',(-1.,0.,0.));
#1925=DIRECTION('',(0.,0.,-1.));
#1926=DIRECTION('center_axis',(0.,1.,0.));
#1927=DIRECTION('ref_axis',(1.,0.,0.));
#1928=DIRECTION('',(-1.,0.,0.));
#1929=DIRECTION('',(-1.,0.,0.));
#1930=DIRECTION('center_axis',(0.,0.,1.));
#1931=DIRECTION('ref_axis',(-1.,0.,0.));
#1932=DIRECTION('center_axis',(0.,0.,-1.));
#1933=DIRECTION('ref_axis',(-1.,0.,0.));
#1934=DIRECTION('center_axis',(0.,0.,1.));
#1935=DIRECTION('ref_axis',(-1.,0.,0.));
#1936=DIRECTION('',(0.,0.,-1.));
#1937=DIRECTION('center_axis',(0.,0.,1.));
#1938=DIRECTION('ref_axis',(-1.,0.,0.));
#1939=DIRECTION('',(0.,0.,-1.));
#1940=DIRECTION('center_axis',(0.999923241435833,-0.0123899651515642,0.));
#1941=DIRECTION('ref_axis',(-0.0123899651515642,-0.999923241435833,0.));
#1942=DIRECTION('',(0.0123899651515642,0.999923241435833,0.));
#1943=DIRECTION('',(0.0123899651515642,0.999923241435833,0.));
#1944=DIRECTION('',(0.,0.,-1.));
#1945=DIRECTION('center_axis',(0.,1.,0.));
#1946=DIRECTION('ref_axis',(1.,0.,0.));
#1947=DIRECTION('',(-1.,0.,0.));
#1948=DIRECTION('',(-1.,0.,0.));
#1949=DIRECTION('center_axis',(0.,0.,1.));
#1950=DIRECTION('ref_axis',(-1.,0.,0.));
#1951=DIRECTION('center_axis',(0.,-1.,0.));
#1952=DIRECTION('ref_axis',(-1.,0.,0.));
#1953=DIRECTION('',(1.,0.,0.));
#1954=DIRECTION('',(0.,0.,-1.));
#1955=DIRECTION('',(1.,0.,0.));
#1956=DIRECTION('',(0.,0.,-1.));
#1957=DIRECTION('center_axis',(0.,0.,-1.));
#1958=DIRECTION('ref_axis',(-1.,0.,0.));
#1959=DIRECTION('center_axis',(0.,0.,1.));
#1960=DIRECTION('ref_axis',(-1.,0.,0.));
#1961=DIRECTION('center_axis',(0.,0.,1.));
#1962=DIRECTION('ref_axis',(-1.,0.,0.));
#1963=DIRECTION('',(0.,0.,-1.));
#1964=DIRECTION('center_axis',(-1.,0.,0.));
#1965=DIRECTION('ref_axis',(0.,1.,0.));
#1966=DIRECTION('',(0.,-1.,0.));
#1967=DIRECTION('',(0.,-1.,0.));
#1968=DIRECTION('center_axis',(0.,0.,1.));
#1969=DIRECTION('ref_axis',(-1.,0.,0.));
#1970=DIRECTION('center_axis',(0.,0.,-1.));
#1971=DIRECTION('ref_axis',(-1.,0.,0.));
#1972=DIRECTION('center_axis',(0.,0.,-1.));
#1973=DIRECTION('ref_axis',(-1.,0.,0.));
#1974=DIRECTION('',(0.,0.,-1.));
#1975=DIRECTION('center_axis',(0.,0.,1.));
#1976=DIRECTION('ref_axis',(-1.,0.,0.));
#1977=DIRECTION('center_axis',(0.,0.,1.));
#1978=DIRECTION('ref_axis',(-1.,0.,0.));
#1979=DIRECTION('center_axis',(0.,0.,1.));
#1980=DIRECTION('ref_axis',(-0.992058463653342,-0.125777600127252,0.));
#1981=DIRECTION('center_axis',(0.,0.,1.));
#1982=DIRECTION('ref_axis',(-0.999999105824082,0.00133729242720859,0.));
#1983=DIRECTION('center_axis',(0.,0.,1.));
#1984=DIRECTION('ref_axis',(-0.996201536837827,0.0870775401693914,0.));
#1985=DIRECTION('center_axis',(0.,0.,1.));
#1986=DIRECTION('ref_axis',(-0.974126055852959,0.226005370087432,0.));
#1987=DIRECTION('center_axis',(0.,0.,1.));
#1988=DIRECTION('ref_axis',(-0.932318600173347,0.361637978883316,0.));
#1989=DIRECTION('center_axis',(0.,0.,1.));
#1990=DIRECTION('ref_axis',(-0.896328787908693,0.443390013381147,0.));
#1991=DIRECTION('center_axis',(0.,0.,1.));
#1992=DIRECTION('ref_axis',(-0.834001304237658,0.551762471114053,0.));
#1993=DIRECTION('center_axis',(0.,0.,1.));
#1994=DIRECTION('ref_axis',(-0.801767146601432,0.597636547268152,0.));
#1995=DIRECTION('',(0.99988149658915,0.0153945697777003,0.));
#1996=DIRECTION('',(0.,-1.,0.));
#1997=DIRECTION('',(-1.,0.,0.));
#1998=DIRECTION('',(0.012389965151563,0.999923241435833,0.));
#1999=DIRECTION('',(1.,-1.22627966759995E-12,0.));
#2000=DIRECTION('center_axis',(0.,0.,1.));
#2001=DIRECTION('ref_axis',(0.805054686793781,0.593200599520404,0.));
#2002=DIRECTION('center_axis',(0.,0.,1.));
#2003=DIRECTION('ref_axis',(0.867993606186862,0.496575371538628,0.));
#2004=DIRECTION('center_axis',(0.,0.,1.));
#2005=DIRECTION('ref_axis',(0.9837261082822,0.179674549906092,0.));
#2006=DIRECTION('center_axis',(0.,0.,1.));
#2007=DIRECTION('ref_axis',(0.985428081781733,-0.170092608998666,0.));
#2008=DIRECTION('center_axis',(0.,0.,1.));
#2009=DIRECTION('ref_axis',(0.866408036384099,-0.499336674488315,0.));
#2010=DIRECTION('center_axis',(0.,0.,1.));
#2011=DIRECTION('ref_axis',(0.790822338711335,-0.612045773284266,0.));
#2012=DIRECTION('',(-1.,-1.19797931958222E-13,0.));
#2013=DIRECTION('',(-0.0123899675628255,0.999923241405955,0.));
#2014=DIRECTION('',(1.,-2.00134323859079E-17,0.));
#2015=DIRECTION('',(0.,-1.,0.));
#2016=DIRECTION('',(-0.999914818597553,0.013052032371314,0.));
#2017=DIRECTION('center_axis',(0.,0.,1.));
#2018=DIRECTION('ref_axis',(-0.836330941044009,-0.548224914658611,0.));
#2019=DIRECTION('center_axis',(0.,0.,1.));
#2020=DIRECTION('ref_axis',(-0.895553267747607,-0.444954317460325,0.));
#2021=DIRECTION('center_axis',(0.,0.,1.));
#2022=DIRECTION('ref_axis',(-0.956867472036488,-0.290524768235862,0.));
#2023=DIRECTION('center_axis',(0.,0.,1.));
#2024=DIRECTION('ref_axis',(-0.766542819301923,0.642193200039256,0.));
#2025=DIRECTION('center_axis',(0.,0.,1.));
#2026=DIRECTION('ref_axis',(-0.834001220932937,0.551762597030979,0.));
#2027=DIRECTION('center_axis',(0.,0.,1.));
#2028=DIRECTION('ref_axis',(-0.896328771927417,0.443390045687868,0.));
#2029=DIRECTION('center_axis',(0.,0.,1.));
#2030=DIRECTION('ref_axis',(-0.932318582030703,0.361638025655847,0.));
#2031=DIRECTION('center_axis',(0.,0.,1.));
#2032=DIRECTION('ref_axis',(-0.974126061747436,0.226005344681118,0.));
#2033=DIRECTION('center_axis',(0.,0.,1.));
#2034=DIRECTION('ref_axis',(-0.996201542114084,0.0870774798068938,0.));
#2035=DIRECTION('center_axis',(0.,0.,1.));
#2036=DIRECTION('ref_axis',(-0.999999105799676,0.00133731067738911,0.));
#2037=DIRECTION('center_axis',(0.,0.,1.));
#2038=DIRECTION('ref_axis',(-0.992058465509265,-0.125777585488837,0.));
#2039=DIRECTION('center_axis',(0.,0.,1.));
#2040=DIRECTION('ref_axis',(-0.956867468710612,-0.29052477918991,0.));
#2041=DIRECTION('center_axis',(0.,0.,1.));
#2042=DIRECTION('ref_axis',(-0.895553255932103,-0.44495434124122,0.));
#2043=DIRECTION('center_axis',(0.,0.,1.));
#2044=DIRECTION('ref_axis',(-0.836330939864187,-0.548224916458461,0.));
#2045=DIRECTION('center_axis',(0.,0.,1.));
#2046=DIRECTION('ref_axis',(-0.75642431147385,-0.654081234260174,0.));
#2047=DIRECTION('',(0.999914818597554,-0.0130520323712284,0.));
#2048=DIRECTION('',(0.,1.,0.));
#2049=DIRECTION('',(-1.,1.05582802280422E-17,0.));
#2050=DIRECTION('',(0.0123899675628238,-0.999923241405955,0.));
#2051=DIRECTION('',(1.,1.14494910169456E-13,0.));
#2052=DIRECTION('center_axis',(0.,0.,1.));
#2053=DIRECTION('ref_axis',(-7.59797989729619E-5,-0.999999997113535,0.));
#2054=DIRECTION('center_axis',(0.,0.,1.));
#2055=DIRECTION('ref_axis',(0.716210430422015,-0.697884388244007,0.));
#2056=DIRECTION('center_axis',(0.,0.,1.));
#2057=DIRECTION('ref_axis',(0.866408034357681,-0.49933667800439,0.));
#2058=DIRECTION('center_axis',(0.,0.,1.));
#2059=DIRECTION('ref_axis',(0.985428085028058,-0.170092590191149,0.));
#2060=DIRECTION('center_axis',(0.,0.,1.));
#2061=DIRECTION('ref_axis',(0.983726107373598,0.179674554880731,0.));
#2062=DIRECTION('center_axis',(0.,0.,1.));
#2063=DIRECTION('ref_axis',(0.867993616236982,0.496575353971427,0.));
#2064=DIRECTION('center_axis',(0.,0.,1.));
#2065=DIRECTION('ref_axis',(0.805054695512294,0.593200587688184,0.));
#2066=DIRECTION('center_axis',(0.,0.,1.));
#2067=DIRECTION('ref_axis',(0.755064878343651,0.655650081592222,0.));
#2068=DIRECTION('center_axis',(0.,0.,1.));
#2069=DIRECTION('ref_axis',(-7.92977543120447E-7,0.999999999999686,0.));
#2070=DIRECTION('',(-1.,1.22085946171586E-12,0.));
#2071=DIRECTION('',(-0.0123899651515638,-0.999923241435833,0.));
#2072=DIRECTION('',(0.,1.,0.));
#2073=DIRECTION('',(-0.999881496589151,-0.0153945697776993,0.));
#2074=DIRECTION('center_axis',(0.,0.,1.));
#2075=DIRECTION('ref_axis',(-0.731026132142331,0.682349466274447,0.));
#2076=DIRECTION('center_axis',(0.,0.,1.));
#2077=DIRECTION('ref_axis',(-0.999999105824082,0.00133729242720859,0.));
#2078=DIRECTION('',(0.,0.,1.));
#2079=DIRECTION('center_axis',(0.,0.,1.));
#2080=DIRECTION('ref_axis',(-0.999999105824082,0.00133729242720859,0.));
#2081=DIRECTION('',(0.,0.,1.));
#2082=DIRECTION('center_axis',(0.,0.,1.));
#2083=DIRECTION('ref_axis',(-0.996201536837827,0.0870775401693914,0.));
#2084=DIRECTION('center_axis',(0.,0.,1.));
#2085=DIRECTION('ref_axis',(-0.996201536837827,0.0870775401693914,0.));
#2086=DIRECTION('',(0.,0.,1.));
#2087=DIRECTION('center_axis',(0.,0.,1.));
#2088=DIRECTION('ref_axis',(-0.974126055852959,0.226005370087432,0.));
#2089=DIRECTION('center_axis',(0.,0.,1.));
#2090=DIRECTION('ref_axis',(-0.974126055852959,0.226005370087432,0.));
#2091=DIRECTION('',(0.,0.,1.));
#2092=DIRECTION('center_axis',(0.,0.,1.));
#2093=DIRECTION('ref_axis',(-0.932318600173347,0.361637978883316,0.));
#2094=DIRECTION('center_axis',(0.,0.,1.));
#2095=DIRECTION('ref_axis',(-0.932318600173347,0.361637978883316,0.));
#2096=DIRECTION('',(0.,0.,1.));
#2097=DIRECTION('center_axis',(0.,0.,1.));
#2098=DIRECTION('ref_axis',(-0.896328787908693,0.443390013381147,0.));
#2099=DIRECTION('center_axis',(0.,0.,1.));
#2100=DIRECTION('ref_axis',(-0.896328787908693,0.443390013381147,0.));
#2101=DIRECTION('',(0.,0.,1.));
#2102=DIRECTION('center_axis',(0.,0.,1.));
#2103=DIRECTION('ref_axis',(-0.834001304237658,0.551762471114053,0.));
#2104=DIRECTION('center_axis',(0.,0.,1.));
#2105=DIRECTION('ref_axis',(-0.834001304237658,0.551762471114053,0.));
#2106=DIRECTION('',(0.,0.,1.));
#2107=DIRECTION('center_axis',(0.,0.,1.));
#2108=DIRECTION('ref_axis',(-0.801767146601432,0.597636547268152,0.));
#2109=DIRECTION('center_axis',(0.,0.,1.));
#2110=DIRECTION('ref_axis',(-0.801767146601432,0.597636547268152,0.));
#2111=DIRECTION('',(0.,0.,1.));
#2112=DIRECTION('center_axis',(0.0153945697777003,-0.999881496589151,0.));
#2113=DIRECTION('ref_axis',(0.99988149658915,0.0153945697777003,0.));
#2114=DIRECTION('',(0.99988149658915,0.0153945697777003,0.));
#2115=DIRECTION('',(0.,0.,1.));
#2116=DIRECTION('center_axis',(-1.,0.,0.));
#2117=DIRECTION('ref_axis',(0.,-1.,0.));
#2118=DIRECTION('',(0.,-1.,0.));
#2119=DIRECTION('',(0.,0.,1.));
#2120=DIRECTION('center_axis',(0.,1.,0.));
#2121=DIRECTION('ref_axis',(-1.,0.,0.));
#2122=DIRECTION('',(-1.,0.,0.));
#2123=DIRECTION('',(0.,0.,1.));
#2124=DIRECTION('center_axis',(0.999923241435833,-0.012389965151563,0.));
#2125=DIRECTION('ref_axis',(0.012389965151563,0.999923241435833,0.));
#2126=DIRECTION('',(0.012389965151563,0.999923241435833,0.));
#2127=DIRECTION('',(0.,0.,1.));
#2128=DIRECTION('center_axis',(-1.22627966759995E-12,-1.,0.));
#2129=DIRECTION('ref_axis',(1.,-1.22627966759995E-12,0.));
#2130=DIRECTION('',(1.,-1.22627966759995E-12,0.));
#2131=DIRECTION('',(0.,0.,1.));
#2132=DIRECTION('center_axis',(0.,0.,1.));
#2133=DIRECTION('ref_axis',(0.805054686793781,0.593200599520404,0.));
#2134=DIRECTION('center_axis',(0.,0.,1.));
#2135=DIRECTION('ref_axis',(0.805054686793781,0.593200599520404,0.));
#2136=DIRECTION('',(0.,0.,1.));
#2137=DIRECTION('center_axis',(0.,0.,1.));
#2138=DIRECTION('ref_axis',(0.867993606186862,0.496575371538628,0.));
#2139=DIRECTION('center_axis',(0.,0.,1.));
#2140=DIRECTION('ref_axis',(0.867993606186862,0.496575371538628,0.));
#2141=DIRECTION('',(0.,0.,1.));
#2142=DIRECTION('center_axis',(0.,0.,1.));
#2143=DIRECTION('ref_axis',(0.9837261082822,0.179674549906092,0.));
#2144=DIRECTION('center_axis',(0.,0.,1.));
#2145=DIRECTION('ref_axis',(0.9837261082822,0.179674549906092,0.));
#2146=DIRECTION('',(0.,0.,1.));
#2147=DIRECTION('center_axis',(0.,0.,1.));
#2148=DIRECTION('ref_axis',(0.985428081781733,-0.170092608998666,0.));
#2149=DIRECTION('center_axis',(0.,0.,1.));
#2150=DIRECTION('ref_axis',(0.985428081781733,-0.170092608998666,0.));
#2151=DIRECTION('',(0.,0.,1.));
#2152=DIRECTION('center_axis',(0.,0.,1.));
#2153=DIRECTION('ref_axis',(0.866408036384099,-0.499336674488315,0.));
#2154=DIRECTION('center_axis',(0.,0.,1.));
#2155=DIRECTION('ref_axis',(0.866408036384099,-0.499336674488315,0.));
#2156=DIRECTION('',(0.,0.,1.));
#2157=DIRECTION('center_axis',(0.,0.,1.));
#2158=DIRECTION('ref_axis',(0.790822338711335,-0.612045773284266,0.));
#2159=DIRECTION('center_axis',(0.,0.,1.));
#2160=DIRECTION('ref_axis',(0.790822338711335,-0.612045773284266,0.));
#2161=DIRECTION('',(0.,0.,1.));
#2162=DIRECTION('center_axis',(-1.19797931958222E-13,1.,0.));
#2163=DIRECTION('ref_axis',(-1.,-1.19797931958222E-13,0.));
#2164=DIRECTION('',(-1.,-1.19797931958222E-13,0.));
#2165=DIRECTION('',(0.,0.,1.));
#2166=DIRECTION('center_axis',(0.999923241405955,0.0123899675628255,0.));
#2167=DIRECTION('ref_axis',(-0.0123899675628255,0.999923241405955,0.));
#2168=DIRECTION('',(-0.0123899675628255,0.999923241405955,0.));
#2169=DIRECTION('',(0.,0.,1.));
#2170=DIRECTION('center_axis',(-2.00134323859079E-17,-1.,0.));
#2171=DIRECTION('ref_axis',(1.,-2.00134323859079E-17,0.));
#2172=DIRECTION('',(1.,-2.00134323859079E-17,0.));
#2173=DIRECTION('',(0.,0.,1.));
#2174=DIRECTION('center_axis',(-1.,0.,0.));
#2175=DIRECTION('ref_axis',(0.,-1.,0.));
#2176=DIRECTION('',(0.,-1.,0.));
#2177=DIRECTION('',(0.,0.,1.));
#2178=DIRECTION('center_axis',(0.013052032371314,0.999914818597553,0.));
#2179=DIRECTION('ref_axis',(-0.999914818597553,0.013052032371314,0.));
#2180=DIRECTION('',(-0.999914818597553,0.013052032371314,0.));
#2181=DIRECTION('',(0.,0.,1.));
#2182=DIRECTION('center_axis',(0.,0.,1.));
#2183=DIRECTION('ref_axis',(-0.836330941044009,-0.548224914658611,0.));
#2184=DIRECTION('center_axis',(0.,0.,1.));
#2185=DIRECTION('ref_axis',(-0.836330941044009,-0.548224914658611,0.));
#2186=DIRECTION('',(0.,0.,1.));
#2187=DIRECTION('center_axis',(0.,0.,1.));
#2188=DIRECTION('ref_axis',(-0.895553267747607,-0.444954317460325,0.));
#2189=DIRECTION('center_axis',(0.,0.,1.));
#2190=DIRECTION('ref_axis',(-0.895553267747607,-0.444954317460325,0.));
#2191=DIRECTION('',(0.,0.,1.));
#2192=DIRECTION('center_axis',(0.,0.,1.));
#2193=DIRECTION('ref_axis',(-0.956867472036488,-0.290524768235862,0.));
#2194=DIRECTION('center_axis',(0.,0.,1.));
#2195=DIRECTION('ref_axis',(-0.956867472036488,-0.290524768235862,0.));
#2196=DIRECTION('',(0.,0.,1.));
#2197=DIRECTION('center_axis',(0.,0.,1.));
#2198=DIRECTION('ref_axis',(-0.992058463653342,-0.125777600127252,0.));
#2199=DIRECTION('center_axis',(0.,0.,1.));
#2200=DIRECTION('ref_axis',(-0.992058463653342,-0.125777600127252,0.));
#2201=DIRECTION('center_axis',(0.,0.,1.));
#2202=DIRECTION('ref_axis',(-1.,0.,0.));
#2203=DIRECTION('center_axis',(0.,0.,-1.));
#2204=DIRECTION('ref_axis',(-0.766542819301923,0.642193200039256,0.));
#2205=DIRECTION('',(0.,0.,-1.));
#2206=DIRECTION('center_axis',(0.,0.,-1.));
#2207=DIRECTION('ref_axis',(-0.766542819301923,0.642193200039256,0.));
#2208=DIRECTION('',(0.,0.,-1.));
#2209=DIRECTION('center_axis',(0.,0.,-1.));
#2210=DIRECTION('ref_axis',(-0.834001220932937,0.551762597030979,0.));
#2211=DIRECTION('center_axis',(0.,0.,-1.));
#2212=DIRECTION('ref_axis',(-0.834001220932937,0.551762597030979,0.));
#2213=DIRECTION('',(0.,0.,-1.));
#2214=DIRECTION('center_axis',(0.,0.,-1.));
#2215=DIRECTION('ref_axis',(-0.896328771927417,0.443390045687868,0.));
#2216=DIRECTION('center_axis',(0.,0.,-1.));
#2217=DIRECTION('ref_axis',(-0.896328771927417,0.443390045687868,0.));
#2218=DIRECTION('',(0.,0.,-1.));
#2219=DIRECTION('center_axis',(0.,0.,-1.));
#2220=DIRECTION('ref_axis',(-0.932318582030703,0.361638025655847,0.));
#2221=DIRECTION('center_axis',(0.,0.,-1.));
#2222=DIRECTION('ref_axis',(-0.932318582030703,0.361638025655847,0.));
#2223=DIRECTION('',(0.,0.,-1.));
#2224=DIRECTION('center_axis',(0.,0.,-1.));
#2225=DIRECTION('ref_axis',(-0.974126061747436,0.226005344681118,0.));
#2226=DIRECTION('center_axis',(0.,0.,-1.));
#2227=DIRECTION('ref_axis',(-0.974126061747436,0.226005344681118,0.));
#2228=DIRECTION('',(0.,0.,-1.));
#2229=DIRECTION('center_axis',(0.,0.,-1.));
#2230=DIRECTION('ref_axis',(-0.996201542114084,0.0870774798068938,0.));
#2231=DIRECTION('center_axis',(0.,0.,-1.));
#2232=DIRECTION('ref_axis',(-0.996201542114084,0.0870774798068938,0.));
#2233=DIRECTION('',(0.,0.,-1.));
#2234=DIRECTION('center_axis',(0.,0.,-1.));
#2235=DIRECTION('ref_axis',(-0.999999105799676,0.00133731067738911,0.));
#2236=DIRECTION('center_axis',(0.,0.,-1.));
#2237=DIRECTION('ref_axis',(-0.999999105799676,0.00133731067738911,0.));
#2238=DIRECTION('',(0.,0.,-1.));
#2239=DIRECTION('center_axis',(0.,0.,-1.));
#2240=DIRECTION('ref_axis',(-0.992058465509265,-0.125777585488837,0.));
#2241=DIRECTION('center_axis',(0.,0.,-1.));
#2242=DIRECTION('ref_axis',(-0.992058465509265,-0.125777585488837,0.));
#2243=DIRECTION('',(0.,0.,-1.));
#2244=DIRECTION('center_axis',(0.,0.,-1.));
#2245=DIRECTION('ref_axis',(-0.956867468710612,-0.29052477918991,0.));
#2246=DIRECTION('center_axis',(0.,0.,-1.));
#2247=DIRECTION('ref_axis',(-0.956867468710612,-0.29052477918991,0.));
#2248=DIRECTION('',(0.,0.,-1.));
#2249=DIRECTION('center_axis',(0.,0.,-1.));
#2250=DIRECTION('ref_axis',(-0.895553255932103,-0.44495434124122,0.));
#2251=DIRECTION('center_axis',(0.,0.,-1.));
#2252=DIRECTION('ref_axis',(-0.895553255932103,-0.44495434124122,0.));
#2253=DIRECTION('',(0.,0.,-1.));
#2254=DIRECTION('center_axis',(0.,0.,-1.));
#2255=DIRECTION('ref_axis',(-0.836330939864187,-0.548224916458461,0.));
#2256=DIRECTION('center_axis',(0.,0.,-1.));
#2257=DIRECTION('ref_axis',(-0.836330939864187,-0.548224916458461,0.));
#2258=DIRECTION('',(0.,0.,-1.));
#2259=DIRECTION('center_axis',(0.,0.,-1.));
#2260=DIRECTION('ref_axis',(-0.75642431147385,-0.654081234260174,0.));
#2261=DIRECTION('center_axis',(0.,0.,-1.));
#2262=DIRECTION('ref_axis',(-0.75642431147385,-0.654081234260174,0.));
#2263=DIRECTION('',(0.,0.,-1.));
#2264=DIRECTION('center_axis',(0.0130520323712284,0.999914818597555,0.));
#2265=DIRECTION('ref_axis',(0.999914818597555,-0.0130520323712284,0.));
#2266=DIRECTION('',(0.999914818597554,-0.0130520323712284,0.));
#2267=DIRECTION('',(0.,0.,-1.));
#2268=DIRECTION('center_axis',(-1.,0.,0.));
#2269=DIRECTION('ref_axis',(0.,1.,0.));
#2270=DIRECTION('',(0.,1.,0.));
#2271=DIRECTION('',(0.,0.,-1.));
#2272=DIRECTION('center_axis',(-1.05582802280422E-17,-1.,0.));
#2273=DIRECTION('ref_axis',(-1.,1.05582802280422E-17,0.));
#2274=DIRECTION('',(-1.,1.05582802280422E-17,0.));
#2275=DIRECTION('',(0.,0.,-1.));
#2276=DIRECTION('center_axis',(0.999923241405955,0.0123899675628238,0.));
#2277=DIRECTION('ref_axis',(0.0123899675628238,-0.999923241405955,0.));
#2278=DIRECTION('',(0.0123899675628238,-0.999923241405955,0.));
#2279=DIRECTION('',(0.,0.,-1.));
#2280=DIRECTION('center_axis',(-1.14494910169456E-13,1.,0.));
#2281=DIRECTION('ref_axis',(1.,1.14494910169456E-13,0.));
#2282=DIRECTION('',(1.,1.14494910169456E-13,0.));
#2283=DIRECTION('',(0.,0.,-1.));
#2284=DIRECTION('center_axis',(0.,0.,-1.));
#2285=DIRECTION('ref_axis',(-7.59797989729619E-5,-0.999999997113535,0.));
#2286=DIRECTION('center_axis',(0.,0.,1.));
#2287=DIRECTION('ref_axis',(-7.59797989729619E-5,-0.999999997113535,0.));
#2288=DIRECTION('',(0.,0.,-1.));
#2289=DIRECTION('center_axis',(0.,0.,-1.));
#2290=DIRECTION('ref_axis',(0.716210430422015,-0.697884388244007,0.));
#2291=DIRECTION('center_axis',(0.,0.,-1.));
#2292=DIRECTION('ref_axis',(0.716210430422015,-0.697884388244007,0.));
#2293=DIRECTION('',(0.,0.,-1.));
#2294=DIRECTION('center_axis',(0.,0.,-1.));
#2295=DIRECTION('ref_axis',(0.866408034357681,-0.49933667800439,0.));
#2296=DIRECTION('center_axis',(0.,0.,-1.));
#2297=DIRECTION('ref_axis',(0.866408034357681,-0.49933667800439,0.));
#2298=DIRECTION('',(0.,0.,-1.));
#2299=DIRECTION('center_axis',(0.,0.,-1.));
#2300=DIRECTION('ref_axis',(0.985428085028058,-0.170092590191149,0.));
#2301=DIRECTION('center_axis',(0.,0.,-1.));
#2302=DIRECTION('ref_axis',(0.985428085028058,-0.170092590191149,0.));
#2303=DIRECTION('',(0.,0.,-1.));
#2304=DIRECTION('center_axis',(0.,0.,-1.));
#2305=DIRECTION('ref_axis',(0.983726107373598,0.179674554880731,0.));
#2306=DIRECTION('center_axis',(0.,0.,-1.));
#2307=DIRECTION('ref_axis',(0.983726107373598,0.179674554880731,0.));
#2308=DIRECTION('',(0.,0.,-1.));
#2309=DIRECTION('center_axis',(0.,0.,-1.));
#2310=DIRECTION('ref_axis',(0.867993616236982,0.496575353971427,0.));
#2311=DIRECTION('center_axis',(0.,0.,-1.));
#2312=DIRECTION('ref_axis',(0.867993616236982,0.496575353971427,0.));
#2313=DIRECTION('',(0.,0.,-1.));
#2314=DIRECTION('center_axis',(0.,0.,-1.));
#2315=DIRECTION('ref_axis',(0.805054695512294,0.593200587688184,0.));
#2316=DIRECTION('center_axis',(0.,0.,-1.));
#2317=DIRECTION('ref_axis',(0.805054695512294,0.593200587688184,0.));
#2318=DIRECTION('',(0.,0.,-1.));
#2319=DIRECTION('center_axis',(0.,0.,-1.));
#2320=DIRECTION('ref_axis',(0.755064878343651,0.655650081592222,0.));
#2321=DIRECTION('center_axis',(0.,0.,-1.));
#2322=DIRECTION('ref_axis',(0.755064878343651,0.655650081592222,0.));
#2323=DIRECTION('',(0.,0.,-1.));
#2324=DIRECTION('center_axis',(0.,0.,-1.));
#2325=DIRECTION('ref_axis',(-7.92977543120447E-7,0.999999999999686,0.));
#2326=DIRECTION('center_axis',(0.,0.,1.));
#2327=DIRECTION('ref_axis',(-7.92977543120447E-7,0.999999999999686,0.));
#2328=DIRECTION('',(0.,0.,-1.));
#2329=DIRECTION('center_axis',(-1.22085946171586E-12,-1.,0.));
#2330=DIRECTION('ref_axis',(-1.,1.22085946171586E-12,0.));
#2331=DIRECTION('',(-1.,1.22085946171586E-12,0.));
#2332=DIRECTION('',(0.,0.,-1.));
#2333=DIRECTION('center_axis',(0.999923241435833,-0.0123899651515638,0.));
#2334=DIRECTION('ref_axis',(-0.0123899651515638,-0.999923241435833,0.));
#2335=DIRECTION('',(-0.0123899651515638,-0.999923241435833,0.));
#2336=DIRECTION('center_axis',(-1.,0.,0.));
#2337=DIRECTION('ref_axis',(0.,1.,0.));
#2338=DIRECTION('',(0.,1.,0.));
#2339=DIRECTION('',(0.,0.,-1.));
#2340=DIRECTION('center_axis',(0.0153945697776993,-0.999881496589151,0.));
#2341=DIRECTION('ref_axis',(-0.999881496589151,-0.0153945697776993,0.));
#2342=DIRECTION('',(-0.999881496589151,-0.0153945697776993,0.));
#2343=DIRECTION('',(0.,0.,-1.));
#2344=DIRECTION('center_axis',(0.,0.,-1.));
#2345=DIRECTION('ref_axis',(-0.731026132142331,0.682349466274447,0.));
#2346=DIRECTION('center_axis',(0.,0.,-1.));
#2347=DIRECTION('ref_axis',(-0.731026132142331,0.682349466274447,0.));
#2348=DIRECTION('center_axis',(0.,0.,1.));
#2349=DIRECTION('ref_axis',(-1.,0.,0.));
#2350=CARTESIAN_POINT('',(0.,0.,0.));
#2351=CARTESIAN_POINT('Origin',(135.894259588519,85.49588519177,14.390037486011));
#2352=CARTESIAN_POINT('',(137.088408119792,82.49588519177,15.6));
#2353=CARTESIAN_POINT('',(137.088408119792,83.69588519177,15.6));
#2354=CARTESIAN_POINT('',(137.088408119792,85.49588519177,15.6));
#2355=CARTESIAN_POINT('',(135.894259588519,82.49588519177,16.090037486011));
#2356=CARTESIAN_POINT('Origin',(135.894259588519,82.49588519177,14.390037486011));
#2357=CARTESIAN_POINT('',(135.894259588519,83.69588519177,16.090037486011));
#2358=CARTESIAN_POINT('',(135.894259588519,85.49588519177,16.090037486011));
#2359=CARTESIAN_POINT('Origin',(135.894259588519,83.69588519177,14.390037486011));
#2360=CARTESIAN_POINT('Origin',(135.894259588519,85.49588519177,16.090037486011));
#2361=CARTESIAN_POINT('',(123.694259588519,83.69588519177,16.090037486011));
#2362=CARTESIAN_POINT('',(112.300690881382,83.69588519177,16.090037486011));
#2363=CARTESIAN_POINT('',(123.694259588519,82.49588519177,16.090037486011));
#2364=CARTESIAN_POINT('',(135.894259588519,82.49588519177,16.090037486011));
#2365=CARTESIAN_POINT('',(123.694259588519,85.49588519177,16.090037486011));
#2366=CARTESIAN_POINT('Origin',(123.694259588519,85.49588519177,14.390037486011));
#2367=CARTESIAN_POINT('',(122.500111057246,83.69588519177,15.6));
#2368=CARTESIAN_POINT('',(122.500111057246,82.49588519177,15.6));
#2369=CARTESIAN_POINT('',(122.500111057246,85.49588519177,15.6));
#2370=CARTESIAN_POINT('Origin',(123.694259588519,83.69588519177,14.390037486011));
#2371=CARTESIAN_POINT('Origin',(123.694259588519,82.49588519177,14.390037486011));
#2372=CARTESIAN_POINT('Origin',(129.794259588519,82.49588519177,12.0400374860115));
#2373=CARTESIAN_POINT('',(125.50573647319,82.49588519177,15.6));
#2374=CARTESIAN_POINT('Origin',(117.733223266447,85.49588519177,14.390037486011));
#2375=CARTESIAN_POINT('',(118.92737179772,82.49588519177,15.6));
#2376=CARTESIAN_POINT('',(118.92737179772,83.69588519177,15.6));
#2377=CARTESIAN_POINT('',(118.92737179772,85.49588519177,15.6));
#2378=CARTESIAN_POINT('',(117.733223266447,82.49588519177,16.090037486011));
#2379=CARTESIAN_POINT('Origin',(117.733223266447,82.49588519177,14.390037486011));
#2380=CARTESIAN_POINT('',(117.733223266447,83.69588519177,16.090037486011));
#2381=CARTESIAN_POINT('',(117.733223266447,85.49588519177,16.090037486011));
#2382=CARTESIAN_POINT('Origin',(117.733223266447,83.69588519177,14.390037486011));
#2383=CARTESIAN_POINT('Origin',(117.733223266447,85.49588519177,16.090037486011));
#2384=CARTESIAN_POINT('',(105.533223266447,83.69588519177,16.090037486011));
#2385=CARTESIAN_POINT('',(103.220172720346,83.69588519177,16.090037486011));
#2386=CARTESIAN_POINT('',(105.533223266447,82.49588519177,16.090037486011));
#2387=CARTESIAN_POINT('',(117.733223266447,82.49588519177,16.090037486011));
#2388=CARTESIAN_POINT('',(105.533223266447,85.49588519177,16.090037486011));
#2389=CARTESIAN_POINT('Origin',(105.533223266447,85.49588519177,14.390037486011));
#2390=CARTESIAN_POINT('',(104.339074735174,83.69588519177,15.6));
#2391=CARTESIAN_POINT('',(104.339074735174,82.49588519177,15.6));
#2392=CARTESIAN_POINT('',(104.339074735174,85.49588519177,15.6));
#2393=CARTESIAN_POINT('Origin',(105.533223266447,83.69588519177,14.390037486011));
#2394=CARTESIAN_POINT('Origin',(105.533223266447,82.49588519177,14.390037486011));
#2395=CARTESIAN_POINT('Origin',(111.633223266447,82.49588519177,12.0400374860115));
#2396=CARTESIAN_POINT('',(116.425218312154,82.49588519177,15.6));
#2397=CARTESIAN_POINT('Origin',(88.707122174244,83.69588519177,17.));
#2398=CARTESIAN_POINT('',(88.707122174244,83.69588519177,15.6));
#2399=CARTESIAN_POINT('',(88.707122174244,83.69588519177,15.6));
#2400=CARTESIAN_POINT('',(88.707122174244,83.69588519177,15.6));
#2401=CARTESIAN_POINT('',(88.707122174244,83.69588519177,17.));
#2402=CARTESIAN_POINT('',(88.707122174244,83.69588519177,17.));
#2403=CARTESIAN_POINT('',(154.427047705156,83.69588519177,17.));
#2404=CARTESIAN_POINT('',(88.707122174244,83.69588519177,17.));
#2405=CARTESIAN_POINT('',(154.427047705156,83.69588519177,15.6));
#2406=CARTESIAN_POINT('',(154.427047705156,83.69588519177,17.));
#2407=CARTESIAN_POINT('',(88.707122174244,83.69588519177,15.6));
#2408=CARTESIAN_POINT('Origin',(153.718273700164,1.9212657020659,18.));
#2409=CARTESIAN_POINT('',(153.687343729976,4.42107436213254,15.6));
#2410=CARTESIAN_POINT('',(151.21827370383,1.921130302261,15.6));
#2411=CARTESIAN_POINT('Origin',(153.718273700164,1.9212657020659,15.6));
#2412=CARTESIAN_POINT('',(153.687343729976,4.42107436213254,18.));
#2413=CARTESIAN_POINT('',(153.687343729976,4.42107436213254,18.));
#2414=CARTESIAN_POINT('',(151.21827370383,1.921130302261,18.));
#2415=CARTESIAN_POINT('Origin',(153.718273700164,1.9212657020659,18.));
#2416=CARTESIAN_POINT('',(151.21827370383,1.921130302261,18.));
#2417=CARTESIAN_POINT('Origin',(153.718320333507,1.921130302261,18.));
#2418=CARTESIAN_POINT('',(153.718320333507,1.921130302261,15.6));
#2419=CARTESIAN_POINT('',(137.467766845684,1.921130302261,15.6));
#2420=CARTESIAN_POINT('',(153.718320333507,1.921130302261,18.));
#2421=CARTESIAN_POINT('',(89.407122174244,1.921130302261,18.));
#2422=CARTESIAN_POINT('',(153.718320333507,1.921130302261,18.));
#2423=CARTESIAN_POINT('Origin',(153.687343729976,4.42107436213254,18.));
#2424=CARTESIAN_POINT('',(153.449228268663,23.6380079576185,15.6));
#2425=CARTESIAN_POINT('',(153.718320333507,1.921130302261,18.));
#2426=CARTESIAN_POINT('Origin',(152.468297016836,3.17110233219677,18.));
#2427=CARTESIAN_POINT('Origin',(89.407122174244,80.49588519177,18.));
#2428=CARTESIAN_POINT('',(89.407122174244,82.99588519177,15.6));
#2429=CARTESIAN_POINT('',(89.407122174244,80.49588519177,15.6));
#2430=CARTESIAN_POINT('',(89.407122174244,61.4771964693928,15.6));
#2431=CARTESIAN_POINT('',(89.407122174244,82.99588519177,18.));
#2432=CARTESIAN_POINT('',(89.407122174244,82.99588519177,18.));
#2433=CARTESIAN_POINT('',(89.407122174244,80.49588519177,18.));
#2434=CARTESIAN_POINT('',(89.407122174244,82.99588519177,18.));
#2435=CARTESIAN_POINT('',(89.407122174244,80.49588519177,18.));
#2436=CARTESIAN_POINT('Origin',(89.407122174244,82.99588519177,18.));
#2437=CARTESIAN_POINT('',(91.907122174244,82.99588519177,15.6));
#2438=CARTESIAN_POINT('Origin',(89.407122174244,82.99588519177,15.6));
#2439=CARTESIAN_POINT('',(91.907122174244,82.99588519177,18.));
#2440=CARTESIAN_POINT('Origin',(89.407122174244,82.99588519177,18.));
#2441=CARTESIAN_POINT('',(91.907122174244,82.99588519177,18.));
#2442=CARTESIAN_POINT('Origin',(89.407122174244,82.99588519177,18.));
#2443=CARTESIAN_POINT('',(105.312167766052,82.99588519177,15.6));
#2444=CARTESIAN_POINT('',(153.718320328654,82.99588519177,18.));
#2445=CARTESIAN_POINT('Origin',(90.657122174244,81.74588519177,18.));
#2446=CARTESIAN_POINT('Origin',(153.718320328654,82.99588519177,18.));
#2447=CARTESIAN_POINT('',(151.218320328654,82.99588519177,15.6));
#2448=CARTESIAN_POINT('',(153.687345415775,80.4960770881804,15.6));
#2449=CARTESIAN_POINT('Origin',(153.718320328654,82.99588519177,15.6));
#2450=CARTESIAN_POINT('',(151.218320328654,82.99588519177,18.));
#2451=CARTESIAN_POINT('',(151.218320328654,82.99588519177,18.));
#2452=CARTESIAN_POINT('',(153.687345415775,80.4960770881804,18.));
#2453=CARTESIAN_POINT('Origin',(153.718320328654,82.99588519177,18.));
#2454=CARTESIAN_POINT('',(153.687345415775,80.4960770881804,18.));
#2455=CARTESIAN_POINT('Origin',(153.718320328654,82.99588519177,18.));
#2456=CARTESIAN_POINT('',(153.718320328654,82.99588519177,15.6));
#2457=CARTESIAN_POINT('',(153.464716615409,62.5289796043425,15.6));
#2458=CARTESIAN_POINT('',(153.718320328654,82.99588519177,18.));
#2459=CARTESIAN_POINT('',(153.507369590112,65.971257302515,18.));
#2460=CARTESIAN_POINT('',(153.718320328654,82.99588519177,18.));
#2461=CARTESIAN_POINT('Origin',(151.218320328654,82.99588519177,18.));
#2462=CARTESIAN_POINT('',(136.217766843257,82.99588519177,15.6));
#2463=CARTESIAN_POINT('',(153.718320328654,82.99588519177,18.));
#2464=CARTESIAN_POINT('Origin',(152.468320328654,81.7459811399752,18.));
#2465=CARTESIAN_POINT('Origin',(91.907122174244,1.921130302261,18.));
#2466=CARTESIAN_POINT('',(89.407122174244,1.921130302261,15.6));
#2467=CARTESIAN_POINT('',(91.907122174244,1.921130302261,15.6));
#2468=CARTESIAN_POINT('',(106.562167766052,1.921130302261,15.6));
#2469=CARTESIAN_POINT('',(89.407122174244,1.921130302261,18.));
#2470=CARTESIAN_POINT('',(89.407122174244,1.921130302261,18.));
#2471=CARTESIAN_POINT('',(91.907122174244,1.921130302261,18.));
#2472=CARTESIAN_POINT('',(89.407122174244,1.921130302261,18.));
#2473=CARTESIAN_POINT('',(91.907122174244,1.921130302261,18.));
#2474=CARTESIAN_POINT('Origin',(89.407122174244,1.921130302261,18.));
#2475=CARTESIAN_POINT('',(89.407122174244,4.421130302261,15.6));
#2476=CARTESIAN_POINT('Origin',(89.407122174244,1.921130302261,15.6));
#2477=CARTESIAN_POINT('',(89.407122174244,4.421130302261,18.));
#2478=CARTESIAN_POINT('Origin',(89.407122174244,1.921130302261,18.));
#2479=CARTESIAN_POINT('',(89.407122174244,4.421130302261,18.));
#2480=CARTESIAN_POINT('Origin',(89.407122174244,1.921130302261,18.));
#2481=CARTESIAN_POINT('',(89.407122174244,22.1898190246382,15.6));
#2482=CARTESIAN_POINT('',(89.407122174244,19.1441768648043,18.));
#2483=CARTESIAN_POINT('Origin',(90.657122174244,3.171130302261,18.));
#2484=CARTESIAN_POINT('Origin',(120.743432903344,43.266144315506,19.));
#2485=CARTESIAN_POINT('',(134.77080493351,43.266144315506,19.));
#2486=CARTESIAN_POINT('Origin',(120.743432903344,43.266144315506,19.));
#2487=CARTESIAN_POINT('',(134.77080493351,43.266144315506,15.6));
#2488=CARTESIAN_POINT('',(134.77080493351,43.266144315506,19.));
#2489=CARTESIAN_POINT('Origin',(120.743432903344,43.266144315506,15.6));
#2490=CARTESIAN_POINT('Origin',(121.228434272703,42.4585077470155,17.));
#2491=CARTESIAN_POINT('',(86.533700638146,37.3913025076244,17.));
#2492=CARTESIAN_POINT('',(87.5779223513157,32.502759932824,17.));
#2493=CARTESIAN_POINT('Origin',(115.97108736775,41.123505792532,17.));
#2494=CARTESIAN_POINT('',(86.2074157459971,42.61450637029,17.));
#2495=CARTESIAN_POINT('Origin',(127.29772210621,42.559556565628,17.));
#2496=CARTESIAN_POINT('',(86.3951503341587,46.8531344730775,17.));
#2497=CARTESIAN_POINT('Origin',(135.6428294901,42.548416400103,17.));
#2498=CARTESIAN_POINT('',(87.0065590051106,50.7008984466694,17.));
#2499=CARTESIAN_POINT('Origin',(113.98639626576,44.441351164924,17.));
#2500=CARTESIAN_POINT('',(88.149817407495,54.4098784306053,17.));
#2501=CARTESIAN_POINT('Origin',(113.64486890217,44.520577828487,17.));
#2502=CARTESIAN_POINT('',(89.839546278715,58.2481564775363,17.));
#2503=CARTESIAN_POINT('Origin',(131.92206075202,37.431055758317,17.));
#2504=CARTESIAN_POINT('',(91.8069934992287,61.6690761297887,17.));
#2505=CARTESIAN_POINT('Origin',(118.13314848128,44.252095779733,17.));
#2506=CARTESIAN_POINT('',(92.9527398733265,63.2996506431391,17.));
#2507=CARTESIAN_POINT('Origin',(121.44991836988,42.057878096389,17.));
#2508=CARTESIAN_POINT('',(86.907122174244,63.2065699292392,17.));
#2509=CARTESIAN_POINT('',(86.907122174244,63.2065699292392,17.));
#2510=CARTESIAN_POINT('',(86.907122174244,85.49588519177,17.));
#2511=CARTESIAN_POINT('',(86.907122174244,85.49588519177,17.));
#2512=CARTESIAN_POINT('',(156.249489530447,85.49588519177,17.));
#2513=CARTESIAN_POINT('',(156.249489530447,85.49588519177,17.));
#2514=CARTESIAN_POINT('',(155.976584210602,63.471257302512,17.));
#2515=CARTESIAN_POINT('',(155.976584210602,63.471257302512,17.));
#2516=CARTESIAN_POINT('',(148.48745664668,63.4712573025212,17.));
#2517=CARTESIAN_POINT('',(148.48745664668,63.4712573025212,17.));
#2518=CARTESIAN_POINT('',(148.968271965821,62.8311254668298,17.));
#2519=CARTESIAN_POINT('Origin',(113.89493756564,36.987510946396,17.));
#2520=CARTESIAN_POINT('',(150.759557452558,60.0811051984303,17.));
#2521=CARTESIAN_POINT('Origin',(126.05593421311,45.948269655586,17.));
#2522=CARTESIAN_POINT('',(154.90209485668,48.7379399457509,17.));
#2523=CARTESIAN_POINT('Origin',(119.69057792135,42.306664610471,17.));
#2524=CARTESIAN_POINT('',(154.960486326076,36.7379770863126,17.));
#2525=CARTESIAN_POINT('Origin',(121.15198470652,42.573589398485,17.));
#2526=CARTESIAN_POINT('',(150.883062715217,25.4586434395506,17.));
#2527=CARTESIAN_POINT('Origin',(121.20138756033,42.565074061938,17.));
#2528=CARTESIAN_POINT('',(148.191914419383,21.4457556515106,17.));
#2529=CARTESIAN_POINT('Origin',(120.03554058426,43.236983280311,17.));
#2530=CARTESIAN_POINT('',(155.976584199913,21.4457556515115,17.));
#2531=CARTESIAN_POINT('',(155.976584199913,21.4457556515115,17.));
#2532=CARTESIAN_POINT('',(156.249489541404,-0.578869697739001,17.));
#2533=CARTESIAN_POINT('',(156.249489541404,-0.578869697739001,17.));
#2534=CARTESIAN_POINT('',(86.907122174244,-0.578869697739,17.));
#2535=CARTESIAN_POINT('',(86.907122174244,-0.578869697739,17.));
#2536=CARTESIAN_POINT('',(86.907122174244,21.6770226970927,17.));
#2537=CARTESIAN_POINT('',(86.907122174244,21.6770226970927,17.));
#2538=CARTESIAN_POINT('',(93.2413279383738,21.5943413955035,17.));
#2539=CARTESIAN_POINT('',(93.2413279383738,21.5943413955035,17.));
#2540=CARTESIAN_POINT('',(92.0882040405411,23.1984238587604,17.));
#2541=CARTESIAN_POINT('Origin',(111.28935204508,35.785005568861,17.));
#2542=CARTESIAN_POINT('',(89.4355005202474,27.8241503374154,17.));
#2543=CARTESIAN_POINT('Origin',(129.54938990155,47.75467698853,17.));
#2544=CARTESIAN_POINT('Origin',(116.56736008921,41.304553207461,17.));
#2545=CARTESIAN_POINT('',(95.5844938427707,63.7273782589046,17.));
#2546=CARTESIAN_POINT('',(93.3081983265139,60.6759074298358,17.));
#2547=CARTESIAN_POINT('Origin',(121.44991836988,42.057878096389,17.));
#2548=CARTESIAN_POINT('',(91.4529388185086,57.4500559120916,17.));
#2549=CARTESIAN_POINT('Origin',(118.13314848128,44.252095779733,17.));
#2550=CARTESIAN_POINT('',(89.8279913512735,53.7589312634608,17.));
#2551=CARTESIAN_POINT('Origin',(131.92206075202,37.431055758317,17.));
#2552=CARTESIAN_POINT('',(88.7599857529965,50.2940881225793,17.));
#2553=CARTESIAN_POINT('Origin',(113.64486890217,44.520577828487,17.));
#2554=CARTESIAN_POINT('',(88.1883128491293,46.6963920253774,17.));
#2555=CARTESIAN_POINT('Origin',(113.98639626576,44.441351164924,17.));
#2556=CARTESIAN_POINT('',(88.0074141374404,42.6120999609769,17.));
#2557=CARTESIAN_POINT('Origin',(135.6428294901,42.548416400103,17.));
#2558=CARTESIAN_POINT('',(88.3194058209928,37.6177025958706,17.));
#2559=CARTESIAN_POINT('Origin',(127.29772210621,42.559556565628,17.));
#2560=CARTESIAN_POINT('',(89.3002838957552,33.0257042034996,17.));
#2561=CARTESIAN_POINT('Origin',(115.97108736775,41.123505792532,17.));
#2562=CARTESIAN_POINT('',(91.0474969101667,28.6250670864476,17.));
#2563=CARTESIAN_POINT('Origin',(116.56736008921,41.304553207461,17.));
#2564=CARTESIAN_POINT('',(93.5935997593837,24.1852286670631,17.));
#2565=CARTESIAN_POINT('Origin',(129.54938990155,47.75467698853,17.));
#2566=CARTESIAN_POINT('',(95.2843272539822,21.9454371303347,17.));
#2567=CARTESIAN_POINT('Origin',(111.28935204508,35.785005568861,17.));
#2568=CARTESIAN_POINT('',(97.2995770264063,19.7412151451434,17.));
#2569=CARTESIAN_POINT('Origin',(136.10519217741,57.243300125589,17.));
#2570=CARTESIAN_POINT('',(88.707122174244,19.853373697845,17.));
#2571=CARTESIAN_POINT('',(88.707122174244,19.853373697845,17.));
#2572=CARTESIAN_POINT('',(88.707122174244,1.221130302261,17.));
#2573=CARTESIAN_POINT('',(88.707122174244,1.221130302261,17.));
#2574=CARTESIAN_POINT('',(154.427047711719,1.221130302261,17.));
#2575=CARTESIAN_POINT('',(154.427047711719,1.221130302261,17.));
#2576=CARTESIAN_POINT('',(154.198749677448,19.6457556515113,17.));
#2577=CARTESIAN_POINT('',(154.198749677448,19.6457556515113,17.));
#2578=CARTESIAN_POINT('',(144.269326827652,19.6457556515101,17.));
#2579=CARTESIAN_POINT('',(144.269326827702,19.6457556515102,17.));
#2580=CARTESIAN_POINT('',(144.246259367323,19.6457565274279,17.));
#2581=CARTESIAN_POINT('Origin',(144.269315968684,323.102749123602,17.));
#2582=CARTESIAN_POINT('',(149.323528183951,26.3574493395038,17.));
#2583=CARTESIAN_POINT('Origin',(120.03554058426,43.236983280311,17.));
#2584=CARTESIAN_POINT('',(153.186715884406,37.0441443939125,17.));
#2585=CARTESIAN_POINT('Origin',(121.20138756033,42.565074061938,17.));
#2586=CARTESIAN_POINT('',(153.131387830887,48.4145259250283,17.));
#2587=CARTESIAN_POINT('Origin',(121.15198470652,42.573589398485,17.));
#2588=CARTESIAN_POINT('',(149.197169229362,59.1872690613074,17.));
#2589=CARTESIAN_POINT('Origin',(119.69057792135,42.306664610471,17.));
#2590=CARTESIAN_POINT('',(147.519173893736,61.763363893506,17.));
#2591=CARTESIAN_POINT('Origin',(126.05593421311,45.948269655586,17.));
#2592=CARTESIAN_POINT('',(145.431324275883,64.3716025173434,17.));
#2593=CARTESIAN_POINT('Origin',(113.89493756564,36.987510946396,17.));
#2594=CARTESIAN_POINT('',(144.626271494481,65.2712388790266,17.));
#2595=CARTESIAN_POINT('Origin',(114.89726596787,37.857777818059,17.));
#2596=CARTESIAN_POINT('',(144.719390943878,65.2712573025258,17.));
#2597=CARTESIAN_POINT('Origin',(144.719578306841,-171.006509318304,17.));
#2598=CARTESIAN_POINT('',(154.198749683849,65.2712573025142,17.));
#2599=CARTESIAN_POINT('',(154.198749683849,65.2712573025142,17.));
#2600=CARTESIAN_POINT('',(154.427047705156,83.69588519177,17.));
#2601=CARTESIAN_POINT('',(88.707122174244,65.0344967704045,17.));
#2602=CARTESIAN_POINT('',(88.707122174244,65.0344967704045,17.));
#2603=CARTESIAN_POINT('',(96.8514954803927,65.1598907531763,17.));
#2604=CARTESIAN_POINT('',(96.8514954803927,65.1598907531763,17.));
#2605=CARTESIAN_POINT('Origin',(122.92930067149,40.818522269389,17.));
#2606=CARTESIAN_POINT('Origin',(127.29772210621,42.559556565628,17.));
#2607=CARTESIAN_POINT('',(86.533700638146,37.3913025076244,19.));
#2608=CARTESIAN_POINT('',(86.533700638146,37.3913025076244,17.));
#2609=CARTESIAN_POINT('',(86.2074157459971,42.61450637029,19.));
#2610=CARTESIAN_POINT('Origin',(127.29772210621,42.559556565628,19.));
#2611=CARTESIAN_POINT('',(86.2074157459971,42.61450637029,17.));
#2612=CARTESIAN_POINT('Origin',(135.6428294901,42.548416400103,17.));
#2613=CARTESIAN_POINT('',(86.3951503341587,46.8531344730775,19.));
#2614=CARTESIAN_POINT('Origin',(135.6428294901,42.548416400103,19.));
#2615=CARTESIAN_POINT('',(86.3951503341587,46.8531344730775,17.));
#2616=CARTESIAN_POINT('Origin',(113.98639626576,44.441351164924,17.));
#2617=CARTESIAN_POINT('',(87.0065590051106,50.7008984466694,19.));
#2618=CARTESIAN_POINT('Origin',(113.98639626576,44.441351164924,19.));
#2619=CARTESIAN_POINT('',(87.0065590051106,50.7008984466694,17.));
#2620=CARTESIAN_POINT('Origin',(113.64486890217,44.520577828487,17.));
#2621=CARTESIAN_POINT('',(88.149817407495,54.4098784306053,19.));
#2622=CARTESIAN_POINT('Origin',(113.64486890217,44.520577828487,19.));
#2623=CARTESIAN_POINT('',(88.149817407495,54.4098784306053,17.));
#2624=CARTESIAN_POINT('Origin',(131.92206075202,37.431055758317,17.));
#2625=CARTESIAN_POINT('',(89.839546278715,58.2481564775363,19.));
#2626=CARTESIAN_POINT('Origin',(131.92206075202,37.431055758317,19.));
#2627=CARTESIAN_POINT('',(89.839546278715,58.2481564775363,17.));
#2628=CARTESIAN_POINT('Origin',(118.13314848128,44.252095779733,17.));
#2629=CARTESIAN_POINT('',(91.8069934992287,61.6690761297887,19.));
#2630=CARTESIAN_POINT('Origin',(118.13314848128,44.252095779733,19.));
#2631=CARTESIAN_POINT('',(91.8069934992287,61.6690761297887,17.));
#2632=CARTESIAN_POINT('Origin',(121.44991836988,42.057878096389,17.));
#2633=CARTESIAN_POINT('',(92.9527398733265,63.2996506431391,19.));
#2634=CARTESIAN_POINT('Origin',(121.44991836988,42.057878096389,19.));
#2635=CARTESIAN_POINT('',(92.9527398733265,63.2996506431391,17.));
#2636=CARTESIAN_POINT('Origin',(86.907122174244,63.2065699292392,17.));
#2637=CARTESIAN_POINT('',(86.907122174244,63.2065699292392,19.));
#2638=CARTESIAN_POINT('',(86.907122174244,63.2065699292392,19.));
#2639=CARTESIAN_POINT('',(86.907122174244,63.2065699292392,17.));
#2640=CARTESIAN_POINT('Origin',(86.907122174244,85.49588519177,17.));
#2641=CARTESIAN_POINT('',(86.907122174244,85.49588519177,19.));
#2642=CARTESIAN_POINT('',(86.907122174244,85.49588519177,19.));
#2643=CARTESIAN_POINT('',(86.907122174244,85.49588519177,17.));
#2644=CARTESIAN_POINT('Origin',(156.249489530447,85.49588519177,17.));
#2645=CARTESIAN_POINT('',(156.249489530447,85.49588519177,19.));
#2646=CARTESIAN_POINT('',(156.249489530447,85.49588519177,19.));
#2647=CARTESIAN_POINT('',(156.249489530447,85.49588519177,17.));
#2648=CARTESIAN_POINT('Origin',(155.976584210602,63.471257302512,17.));
#2649=CARTESIAN_POINT('',(155.976584210602,63.471257302512,19.));
#2650=CARTESIAN_POINT('',(155.976584210602,63.471257302512,19.));
#2651=CARTESIAN_POINT('',(155.976584210602,63.471257302512,17.));
#2652=CARTESIAN_POINT('Origin',(148.48745664668,63.4712573025212,17.));
#2653=CARTESIAN_POINT('',(148.48745664668,63.4712573025212,19.));
#2654=CARTESIAN_POINT('',(148.48745664668,63.4712573025212,19.));
#2655=CARTESIAN_POINT('',(148.48745664668,63.4712573025212,17.));
#2656=CARTESIAN_POINT('Origin',(113.89493756564,36.987510946396,17.));
#2657=CARTESIAN_POINT('',(148.968271965821,62.8311254668298,19.));
#2658=CARTESIAN_POINT('Origin',(113.89493756564,36.987510946396,19.));
#2659=CARTESIAN_POINT('',(148.968271965821,62.8311254668298,17.));
#2660=CARTESIAN_POINT('Origin',(126.05593421311,45.948269655586,17.));
#2661=CARTESIAN_POINT('',(150.759557452558,60.0811051984303,19.));
#2662=CARTESIAN_POINT('Origin',(126.05593421311,45.948269655586,19.));
#2663=CARTESIAN_POINT('',(150.759557452558,60.0811051984303,17.));
#2664=CARTESIAN_POINT('Origin',(119.69057792135,42.306664610471,17.));
#2665=CARTESIAN_POINT('',(154.90209485668,48.7379399457509,19.));
#2666=CARTESIAN_POINT('Origin',(119.69057792135,42.306664610471,19.));
#2667=CARTESIAN_POINT('',(154.90209485668,48.7379399457509,17.));
#2668=CARTESIAN_POINT('Origin',(121.15198470652,42.573589398485,17.));
#2669=CARTESIAN_POINT('',(154.960486326076,36.7379770863126,19.));
#2670=CARTESIAN_POINT('Origin',(121.15198470652,42.573589398485,19.));
#2671=CARTESIAN_POINT('',(154.960486326076,36.7379770863126,17.));
#2672=CARTESIAN_POINT('Origin',(121.20138756033,42.565074061938,17.));
#2673=CARTESIAN_POINT('',(150.883062715217,25.4586434395506,19.));
#2674=CARTESIAN_POINT('Origin',(121.20138756033,42.565074061938,19.));
#2675=CARTESIAN_POINT('',(150.883062715217,25.4586434395506,17.));
#2676=CARTESIAN_POINT('Origin',(120.03554058426,43.236983280311,17.));
#2677=CARTESIAN_POINT('',(148.191914419383,21.4457556515106,19.));
#2678=CARTESIAN_POINT('Origin',(120.03554058426,43.236983280311,19.));
#2679=CARTESIAN_POINT('',(148.191914419383,21.4457556515106,17.));
#2680=CARTESIAN_POINT('Origin',(155.976584199913,21.4457556515115,17.));
#2681=CARTESIAN_POINT('',(155.976584199913,21.4457556515115,19.));
#2682=CARTESIAN_POINT('',(155.976584199913,21.4457556515115,19.));
#2683=CARTESIAN_POINT('',(155.976584199913,21.4457556515115,17.));
#2684=CARTESIAN_POINT('Origin',(156.249489541404,-0.578869697739001,17.));
#2685=CARTESIAN_POINT('',(156.249489541404,-0.578869697739002,19.));
#2686=CARTESIAN_POINT('',(156.249489541404,-0.578869697739001,19.));
#2687=CARTESIAN_POINT('',(156.249489541404,-0.578869697739001,17.));
#2688=CARTESIAN_POINT('Origin',(86.907122174244,-0.578869697739,17.));
#2689=CARTESIAN_POINT('',(86.907122174244,-0.578869697739002,19.));
#2690=CARTESIAN_POINT('',(86.907122174244,-0.578869697739,19.));
#2691=CARTESIAN_POINT('',(86.907122174244,-0.578869697739,17.));
#2692=CARTESIAN_POINT('Origin',(86.907122174244,21.6770226970927,17.));
#2693=CARTESIAN_POINT('',(86.907122174244,21.6770226970927,19.));
#2694=CARTESIAN_POINT('',(86.907122174244,21.6770226970927,19.));
#2695=CARTESIAN_POINT('',(86.907122174244,21.6770226970927,17.));
#2696=CARTESIAN_POINT('Origin',(93.2413279383738,21.5943413955035,17.));
#2697=CARTESIAN_POINT('',(93.2413279383738,21.5943413955035,19.));
#2698=CARTESIAN_POINT('',(93.2413279383738,21.5943413955035,19.));
#2699=CARTESIAN_POINT('',(93.2413279383738,21.5943413955035,17.));
#2700=CARTESIAN_POINT('Origin',(111.28935204508,35.785005568861,17.));
#2701=CARTESIAN_POINT('',(92.0882040405411,23.1984238587604,19.));
#2702=CARTESIAN_POINT('Origin',(111.28935204508,35.785005568861,19.));
#2703=CARTESIAN_POINT('',(92.0882040405411,23.1984238587604,17.));
#2704=CARTESIAN_POINT('Origin',(129.54938990155,47.75467698853,17.));
#2705=CARTESIAN_POINT('',(89.4355005202474,27.8241503374154,19.));
#2706=CARTESIAN_POINT('Origin',(129.54938990155,47.75467698853,19.));
#2707=CARTESIAN_POINT('',(89.4355005202474,27.8241503374154,17.));
#2708=CARTESIAN_POINT('Origin',(116.56736008921,41.304553207461,17.));
#2709=CARTESIAN_POINT('',(87.5779223513157,32.502759932824,19.));
#2710=CARTESIAN_POINT('Origin',(116.56736008921,41.304553207461,19.));
#2711=CARTESIAN_POINT('',(87.5779223513157,32.502759932824,17.));
#2712=CARTESIAN_POINT('Origin',(115.97108736775,41.123505792532,17.));
#2713=CARTESIAN_POINT('Origin',(115.97108736775,41.123505792532,19.));
#2714=CARTESIAN_POINT('Origin',(121.228434272703,42.4585077470155,19.));
#2715=CARTESIAN_POINT('Origin',(121.44991836988,42.057878096389,17.));
#2716=CARTESIAN_POINT('',(95.5844938427707,63.7273782589046,15.6));
#2717=CARTESIAN_POINT('',(95.5844938427707,63.7273782589046,17.));
#2718=CARTESIAN_POINT('',(93.3081983265139,60.6759074298358,15.6));
#2719=CARTESIAN_POINT('Origin',(121.44991836988,42.057878096389,15.6));
#2720=CARTESIAN_POINT('',(93.3081983265139,60.6759074298358,17.));
#2721=CARTESIAN_POINT('Origin',(118.13314848128,44.252095779733,17.));
#2722=CARTESIAN_POINT('',(91.4529388185086,57.4500559120916,15.6));
#2723=CARTESIAN_POINT('Origin',(118.13314848128,44.252095779733,15.6));
#2724=CARTESIAN_POINT('',(91.4529388185086,57.4500559120916,17.));
#2725=CARTESIAN_POINT('Origin',(131.92206075202,37.431055758317,17.));
#2726=CARTESIAN_POINT('',(89.8279913512735,53.7589312634608,15.6));
#2727=CARTESIAN_POINT('Origin',(131.92206075202,37.431055758317,15.6));
#2728=CARTESIAN_POINT('',(89.8279913512735,53.7589312634608,17.));
#2729=CARTESIAN_POINT('Origin',(113.64486890217,44.520577828487,17.));
#2730=CARTESIAN_POINT('',(88.7599857529965,50.2940881225793,15.6));
#2731=CARTESIAN_POINT('Origin',(113.64486890217,44.520577828487,15.6));
#2732=CARTESIAN_POINT('',(88.7599857529965,50.2940881225793,17.));
#2733=CARTESIAN_POINT('Origin',(113.98639626576,44.441351164924,17.));
#2734=CARTESIAN_POINT('',(88.1883128491293,46.6963920253774,15.6));
#2735=CARTESIAN_POINT('Origin',(113.98639626576,44.441351164924,15.6));
#2736=CARTESIAN_POINT('',(88.1883128491293,46.6963920253774,17.));
#2737=CARTESIAN_POINT('Origin',(135.6428294901,42.548416400103,17.));
#2738=CARTESIAN_POINT('',(88.0074141374404,42.6120999609769,15.6));
#2739=CARTESIAN_POINT('Origin',(135.6428294901,42.548416400103,15.6));
#2740=CARTESIAN_POINT('',(88.0074141374404,42.6120999609769,17.));
#2741=CARTESIAN_POINT('Origin',(127.29772210621,42.559556565628,17.));
#2742=CARTESIAN_POINT('',(88.3194058209928,37.6177025958706,15.6));
#2743=CARTESIAN_POINT('Origin',(127.29772210621,42.559556565628,15.6));
#2744=CARTESIAN_POINT('',(88.3194058209928,37.6177025958706,17.));
#2745=CARTESIAN_POINT('Origin',(115.97108736775,41.123505792532,17.));
#2746=CARTESIAN_POINT('',(89.3002838957552,33.0257042034996,15.6));
#2747=CARTESIAN_POINT('Origin',(115.97108736775,41.123505792532,15.6));
#2748=CARTESIAN_POINT('',(89.3002838957552,33.0257042034996,17.));
#2749=CARTESIAN_POINT('Origin',(116.56736008921,41.304553207461,17.));
#2750=CARTESIAN_POINT('',(91.0474969101667,28.6250670864476,15.6));
#2751=CARTESIAN_POINT('Origin',(116.56736008921,41.304553207461,15.6));
#2752=CARTESIAN_POINT('',(91.0474969101667,28.6250670864476,17.));
#2753=CARTESIAN_POINT('Origin',(129.54938990155,47.75467698853,17.));
#2754=CARTESIAN_POINT('',(93.5935997593837,24.1852286670631,15.6));
#2755=CARTESIAN_POINT('Origin',(129.54938990155,47.75467698853,15.6));
#2756=CARTESIAN_POINT('',(93.5935997593837,24.1852286670631,17.));
#2757=CARTESIAN_POINT('Origin',(111.28935204508,35.785005568861,17.));
#2758=CARTESIAN_POINT('',(95.2843272539822,21.9454371303347,15.6));
#2759=CARTESIAN_POINT('Origin',(111.28935204508,35.785005568861,15.6));
#2760=CARTESIAN_POINT('',(95.2843272539822,21.9454371303347,17.));
#2761=CARTESIAN_POINT('Origin',(136.10519217741,57.243300125589,17.));
#2762=CARTESIAN_POINT('',(97.2995770264063,19.7412151451434,15.6));
#2763=CARTESIAN_POINT('Origin',(136.10519217741,57.243300125589,15.6));
#2764=CARTESIAN_POINT('',(97.2995770264063,19.7412151451434,17.));
#2765=CARTESIAN_POINT('Origin',(88.707122174244,19.853373697845,17.));
#2766=CARTESIAN_POINT('',(88.707122174244,19.853373697845,15.6));
#2767=CARTESIAN_POINT('',(88.707122174244,19.853373697845,15.6));
#2768=CARTESIAN_POINT('',(88.707122174244,19.853373697845,17.));
#2769=CARTESIAN_POINT('Origin',(88.707122174244,1.221130302261,17.));
#2770=CARTESIAN_POINT('',(88.707122174244,1.221130302261,15.6));
#2771=CARTESIAN_POINT('',(88.707122174244,1.221130302261,15.6));
#2772=CARTESIAN_POINT('',(88.707122174244,1.221130302261,17.));
#2773=CARTESIAN_POINT('Origin',(154.427047711719,1.221130302261,17.));
#2774=CARTESIAN_POINT('',(154.427047711719,1.221130302261,15.6));
#2775=CARTESIAN_POINT('',(154.427047711719,1.221130302261,15.6));
#2776=CARTESIAN_POINT('',(154.427047711719,1.221130302261,17.));
#2777=CARTESIAN_POINT('Origin',(154.198749677448,19.6457556515113,17.));
#2778=CARTESIAN_POINT('',(154.198749677448,19.6457556515113,15.6));
#2779=CARTESIAN_POINT('',(154.198749677448,19.6457556515113,15.6));
#2780=CARTESIAN_POINT('',(154.198749677448,19.6457556515113,17.));
#2781=CARTESIAN_POINT('Origin',(144.269326827702,19.6457556515102,17.));
#2782=CARTESIAN_POINT('',(144.269326827652,19.6457556515101,15.6));
#2783=CARTESIAN_POINT('',(144.269326827702,19.6457556515102,15.6));
#2784=CARTESIAN_POINT('',(144.269326827652,19.6457556515101,17.));
#2785=CARTESIAN_POINT('Origin',(144.269315968684,323.102749123602,17.));
#2786=CARTESIAN_POINT('',(144.246259367323,19.6457565274279,15.6));
#2787=CARTESIAN_POINT('Origin',(144.269315968684,323.102749123602,15.6));
#2788=CARTESIAN_POINT('',(144.246259367323,19.6457565274279,17.));
#2789=CARTESIAN_POINT('Origin',(120.03554058426,43.236983280311,17.));
#2790=CARTESIAN_POINT('',(149.323528183951,26.3574493395038,15.6));
#2791=CARTESIAN_POINT('Origin',(120.03554058426,43.236983280311,15.6));
#2792=CARTESIAN_POINT('',(149.323528183951,26.3574493395038,17.));
#2793=CARTESIAN_POINT('Origin',(121.20138756033,42.565074061938,17.));
#2794=CARTESIAN_POINT('',(153.186715884406,37.0441443939125,15.6));
#2795=CARTESIAN_POINT('Origin',(121.20138756033,42.565074061938,15.6));
#2796=CARTESIAN_POINT('',(153.186715884406,37.0441443939125,17.));
#2797=CARTESIAN_POINT('Origin',(121.15198470652,42.573589398485,17.));
#2798=CARTESIAN_POINT('',(153.131387830887,48.4145259250283,15.6));
#2799=CARTESIAN_POINT('Origin',(121.15198470652,42.573589398485,15.6));
#2800=CARTESIAN_POINT('',(153.131387830887,48.4145259250283,17.));
#2801=CARTESIAN_POINT('Origin',(119.69057792135,42.306664610471,17.));
#2802=CARTESIAN_POINT('',(149.197169229362,59.1872690613074,15.6));
#2803=CARTESIAN_POINT('Origin',(119.69057792135,42.306664610471,15.6));
#2804=CARTESIAN_POINT('',(149.197169229362,59.1872690613074,17.));
#2805=CARTESIAN_POINT('Origin',(126.05593421311,45.948269655586,17.));
#2806=CARTESIAN_POINT('',(147.519173893736,61.763363893506,15.6));
#2807=CARTESIAN_POINT('Origin',(126.05593421311,45.948269655586,15.6));
#2808=CARTESIAN_POINT('',(147.519173893736,61.763363893506,17.));
#2809=CARTESIAN_POINT('Origin',(113.89493756564,36.987510946396,17.));
#2810=CARTESIAN_POINT('',(145.431324275883,64.3716025173434,15.6));
#2811=CARTESIAN_POINT('Origin',(113.89493756564,36.987510946396,15.6));
#2812=CARTESIAN_POINT('',(145.431324275883,64.3716025173434,17.));
#2813=CARTESIAN_POINT('Origin',(114.89726596787,37.857777818059,17.));
#2814=CARTESIAN_POINT('',(144.626271494481,65.2712388790266,15.6));
#2815=CARTESIAN_POINT('Origin',(114.89726596787,37.857777818059,15.6));
#2816=CARTESIAN_POINT('',(144.626271494481,65.2712388790266,17.));
#2817=CARTESIAN_POINT('Origin',(144.719578306841,-171.006509318304,17.));
#2818=CARTESIAN_POINT('',(144.719390943878,65.2712573025258,15.6));
#2819=CARTESIAN_POINT('Origin',(144.719578306841,-171.006509318304,15.6));
#2820=CARTESIAN_POINT('',(144.719390943878,65.2712573025258,17.));
#2821=CARTESIAN_POINT('Origin',(154.198749683849,65.2712573025142,17.));
#2822=CARTESIAN_POINT('',(154.198749683849,65.2712573025142,15.6));
#2823=CARTESIAN_POINT('',(154.198749683849,65.2712573025142,15.6));
#2824=CARTESIAN_POINT('',(154.198749683849,65.2712573025142,17.));
#2825=CARTESIAN_POINT('Origin',(154.427047705156,83.69588519177,17.));
#2826=CARTESIAN_POINT('',(154.427047705156,83.69588519177,15.6));
#2827=CARTESIAN_POINT('Origin',(88.707122174244,65.0344967704045,17.));
#2828=CARTESIAN_POINT('',(88.707122174244,65.0344967704045,15.6));
#2829=CARTESIAN_POINT('',(88.707122174244,65.0344967704045,15.6));
#2830=CARTESIAN_POINT('',(88.707122174244,65.0344967704045,17.));
#2831=CARTESIAN_POINT('Origin',(96.8514954803927,65.1598907531763,17.));
#2832=CARTESIAN_POINT('',(96.8514954803927,65.1598907531763,15.6));
#2833=CARTESIAN_POINT('',(96.8514954803927,65.1598907531763,15.6));
#2834=CARTESIAN_POINT('',(96.8514954803927,65.1598907531763,17.));
#2835=CARTESIAN_POINT('Origin',(122.92930067149,40.818522269389,17.));
#2836=CARTESIAN_POINT('Origin',(122.92930067149,40.818522269389,15.6));
#2837=CARTESIAN_POINT('Origin',(121.217213357861,42.4585077470155,15.6));
#2838=UNCERTAINTY_MEASURE_WITH_UNIT(LENGTH_MEASURE(0.01),#2842,
'DISTANCE_ACCURACY_VALUE',
'Maximum model space distance between geometric entities at asserted c
onnectivities');
#2839=UNCERTAINTY_MEASURE_WITH_UNIT(LENGTH_MEASURE(0.01),#2842,
'DISTANCE_ACCURACY_VALUE',
'Maximum model space distance between geometric entities at asserted c
onnectivities');
#2840=(
GEOMETRIC_REPRESENTATION_CONTEXT(3)
GLOBAL_UNCERTAINTY_ASSIGNED_CONTEXT((#2838))
GLOBAL_UNIT_ASSIGNED_CONTEXT((#2842,#2844,#2845))
REPRESENTATION_CONTEXT('','3D')
);
#2841=(
GEOMETRIC_REPRESENTATION_CONTEXT(3)
GLOBAL_UNCERTAINTY_ASSIGNED_CONTEXT((#2839))
GLOBAL_UNIT_ASSIGNED_CONTEXT((#2842,#2844,#2845))
REPRESENTATION_CONTEXT('','3D')
);
#2842=(
LENGTH_UNIT()
NAMED_UNIT(*)
SI_UNIT(.MILLI.,.METRE.)
);
#2843=(
LENGTH_UNIT()
NAMED_UNIT(*)
SI_UNIT($,.METRE.)
);
#2844=(
NAMED_UNIT(*)
PLANE_ANGLE_UNIT()
SI_UNIT($,.RADIAN.)
);
#2845=(
NAMED_UNIT(*)
SI_UNIT($,.STERADIAN.)
SOLID_ANGLE_UNIT()
);
#2846=SHAPE_DEFINITION_REPRESENTATION(#2847,#2848);
#2847=PRODUCT_DEFINITION_SHAPE('',$,#2850);
#2848=SHAPE_REPRESENTATION('',(#1654),#2840);
#2849=PRODUCT_DEFINITION_CONTEXT('part definition',#2854,'design');
#2850=PRODUCT_DEFINITION('2026-08-04-21-02-31-911','case',#2851,#2849);
#2851=PRODUCT_DEFINITION_FORMATION('',$,#2856);
#2852=PRODUCT_RELATED_PRODUCT_CATEGORY('case','case',(#2856));
#2853=APPLICATION_PROTOCOL_DEFINITION('international standard',
'automotive_design',2009,#2854);
#2854=APPLICATION_CONTEXT(
'Core Data for Automotive Mechanical Design Process');
#2855=PRODUCT_CONTEXT('part definition',#2854,'mechanical');
#2856=PRODUCT('2026-08-04-21-02-31-911','case',$,(#2855));
#2857=PRESENTATION_STYLE_ASSIGNMENT((#2858));
#2858=SURFACE_STYLE_USAGE(.BOTH.,#2859);
#2859=SURFACE_SIDE_STYLE('',(#2860));
#2860=SURFACE_STYLE_FILL_AREA(#2861);
#2861=FILL_AREA_STYLE('Steel - Satin',(#2862));
#2862=FILL_AREA_STYLE_COLOUR('Steel - Satin',#2863);
#2863=COLOUR_RGB('Steel - Satin',0.627450980392157,0.627450980392157,0.627450980392157);
ENDSEC;
END-ISO-10303-21;
